member,basename,extension,size_bytes,size_human,compress_size_bytes
A Dataset for Large Prismatic Lithium-Ion Battery Cells (CALB L148N58A) Comprehensive Characterization and Real-World Driving Cycles/CALB L148N58A testing campaign/Processed Data/Temperature_10C/C20_Charge/60644.mat,60644.mat,.mat,1048991,1.0 MB,1036105
A Dataset for Large Prismatic Lithium-Ion Battery Cells (CALB L148N58A) Comprehensive Characterization and Real-World Driving Cycles/CALB L148N58A testing campaign/Processed Data/Temperature_10C/C20_Charge/60031.mat,60031.mat,.mat,1109321,1.1 MB,1095685
A Dataset for Large Prismatic Lithium-Ion Battery Cells (CALB L148N58A) Comprehensive Characterization and Real-World Driving Cycles/CALB L148N58A testing campaign/Processed Data/Temperature_10C/C20_Charge/59294.mat,59294.mat,.mat,1107831,1.1 MB,1094537
A Dataset for Large Prismatic Lithium-Ion Battery Cells (CALB L148N58A) Comprehensive Characterization and Real-World Driving Cycles/CALB L148N58A testing campaign/Processed Data/Temperature_10C/C20_Charge/60403.mat,60403.mat,.mat,1086987,1.0 MB,1074432
A Dataset for Large Prismatic Lithium-Ion Battery Cells (CALB L148N58A) Comprehensive Characterization and Real-World Driving Cycles/CALB L148N58A testing campaign/Processed Data/Temperature_10C/C20_Charge/59690.mat,59690.mat,.mat,1099275,1.0 MB,1086035
A Dataset for Large Prismatic Lithium-Ion Battery Cells (CALB L148N58A) Comprehensive Characterization and Real-World Driving Cycles/CALB L148N58A testing campaign/Processed Data/Temperature_10C/C20_Charge/59627.mat,59627.mat,.mat,1122274,1.1 MB,1109095
A Dataset for Large Prismatic Lithium-Ion Battery Cells (CALB L148N58A) Comprehensive Characterization and Real-World Driving Cycles/CALB L148N58A testing campaign/Processed Data/Temperature_10C/C20_Charge/60195.mat,60195.mat,.mat,1107662,1.1 MB,1094634
A Dataset for Large Prismatic Lithium-Ion Battery Cells (CALB L148N58A) Comprehensive Characterization and Real-World Driving Cycles/CALB L148N58A testing campaign/Processed Data/Temperature_10C/C20_Charge/59485.mat,59485.mat,.mat,1109698,1.1 MB,1096539
A Dataset for Large Prismatic Lithium-Ion Battery Cells (CALB L148N58A) Comprehensive Characterization and Real-World Driving Cycles/CALB L148N58A testing campaign/Processed Data/Temperature_10C/C20_Charge/59861.mat,59861.mat,.mat,1105864,1.1 MB,1092603
A Dataset for Large Prismatic Lithium-Ion Battery Cells (CALB L148N58A) Comprehensive Characterization and Real-World Driving Cycles/CALB L148N58A testing campaign/Processed Data/Temperature_10C/C20_Charge/60129.mat,60129.mat,.mat,1128576,1.1 MB,1115449
A Dataset for Large Prismatic Lithium-Ion Battery Cells (CALB L148N58A) Comprehensive Characterization and Real-World Driving Cycles/CALB L148N58A testing campaign/Processed Data/Temperature_10C/C20_Charge/60710.mat,60710.mat,.mat,1091557,1.0 MB,1078693
A Dataset for Large Prismatic Lithium-Ion Battery Cells (CALB L148N58A) Comprehensive Characterization and Real-World Driving Cycles/CALB L148N58A testing campaign/Processed Data/Temperature_10C/C20_Discharge/59294.mat,59294.mat,.mat,1077301,1.0 MB,1064600
A Dataset for Large Prismatic Lithium-Ion Battery Cells (CALB L148N58A) Comprehensive Characterization and Real-World Driving Cycles/CALB L148N58A testing campaign/Processed Data/Temperature_10C/C20_Discharge/59485.mat,59485.mat,.mat,1081865,1.0 MB,1068907
A Dataset for Large Prismatic Lithium-Ion Battery Cells (CALB L148N58A) Comprehensive Characterization and Real-World Driving Cycles/CALB L148N58A testing campaign/Processed Data/Temperature_10C/C20_Discharge/59627.mat,59627.mat,.mat,1095015,1.0 MB,1081589
A Dataset for Large Prismatic Lithium-Ion Battery Cells (CALB L148N58A) Comprehensive Characterization and Real-World Driving Cycles/CALB L148N58A testing campaign/Processed Data/Temperature_10C/C20_Discharge/59690.mat,59690.mat,.mat,1079550,1.0 MB,1066751
A Dataset for Large Prismatic Lithium-Ion Battery Cells (CALB L148N58A) Comprehensive Characterization and Real-World Driving Cycles/CALB L148N58A testing campaign/Processed Data/Temperature_10C/C20_Discharge/59861.mat,59861.mat,.mat,1081620,1.0 MB,1068839
A Dataset for Large Prismatic Lithium-Ion Battery Cells (CALB L148N58A) Comprehensive Characterization and Real-World Driving Cycles/CALB L148N58A testing campaign/Processed Data/Temperature_10C/C20_Discharge/60195.mat,60195.mat,.mat,1082848,1.0 MB,1070096
A Dataset for Large Prismatic Lithium-Ion Battery Cells (CALB L148N58A) Comprehensive Characterization and Real-World Driving Cycles/CALB L148N58A testing campaign/Processed Data/Temperature_10C/C20_Discharge/60031.mat,60031.mat,.mat,1103640,1.1 MB,1090390
A Dataset for Large Prismatic Lithium-Ion Battery Cells (CALB L148N58A) Comprehensive Characterization and Real-World Driving Cycles/CALB L148N58A testing campaign/Processed Data/Temperature_10C/C20_Discharge/60129.mat,60129.mat,.mat,1109159,1.1 MB,1095931
A Dataset for Large Prismatic Lithium-Ion Battery Cells (CALB L148N58A) Comprehensive Characterization and Real-World Driving Cycles/CALB L148N58A testing campaign/Processed Data/Temperature_10C/C20_Discharge/60403.mat,60403.mat,.mat,1082745,1.0 MB,1069699
A Dataset for Large Prismatic Lithium-Ion Battery Cells (CALB L148N58A) Comprehensive Characterization and Real-World Driving Cycles/CALB L148N58A testing campaign/Processed Data/Temperature_10C/C20_Discharge/60644.mat,60644.mat,.mat,1067888,1.0 MB,1055240
A Dataset for Large Prismatic Lithium-Ion Battery Cells (CALB L148N58A) Comprehensive Characterization and Real-World Driving Cycles/CALB L148N58A testing campaign/Processed Data/Temperature_10C/C20_Discharge/60710.mat,60710.mat,.mat,1085677,1.0 MB,1072888
A Dataset for Large Prismatic Lithium-Ion Battery Cells (CALB L148N58A) Comprehensive Characterization and Real-World Driving Cycles/CALB L148N58A testing campaign/Processed Data/Temperature_10C/DV_UDDS/59294.mat,59294.mat,.mat,4223461,4.0 MB,4185849
A Dataset for Large Prismatic Lithium-Ion Battery Cells (CALB L148N58A) Comprehensive Characterization and Real-World Driving Cycles/CALB L148N58A testing campaign/Processed Data/Temperature_10C/DV_UDDS/59485.mat,59485.mat,.mat,4221679,4.0 MB,4185630
A Dataset for Large Prismatic Lithium-Ion Battery Cells (CALB L148N58A) Comprehensive Characterization and Real-World Driving Cycles/CALB L148N58A testing campaign/Processed Data/Temperature_10C/DV_UDDS/59627.mat,59627.mat,.mat,4169734,4.0 MB,4125092
A Dataset for Large Prismatic Lithium-Ion Battery Cells (CALB L148N58A) Comprehensive Characterization and Real-World Driving Cycles/CALB L148N58A testing campaign/Processed Data/Temperature_10C/DV_UDDS/60031.mat,60031.mat,.mat,4187865,4.0 MB,4143025
A Dataset for Large Prismatic Lithium-Ion Battery Cells (CALB L148N58A) Comprehensive Characterization and Real-World Driving Cycles/CALB L148N58A testing campaign/Processed Data/Temperature_10C/DV_UDDS/59690.mat,59690.mat,.mat,4234775,4.0 MB,4198970
A Dataset for Large Prismatic Lithium-Ion Battery Cells (CALB L148N58A) Comprehensive Characterization and Real-World Driving Cycles/CALB L148N58A testing campaign/Processed Data/Temperature_10C/DV_UDDS/60129.mat,60129.mat,.mat,4175813,4.0 MB,4132607
A Dataset for Large Prismatic Lithium-Ion Battery Cells (CALB L148N58A) Comprehensive Characterization and Real-World Driving Cycles/CALB L148N58A testing campaign/Processed Data/Temperature_10C/DV_UDDS/60195.mat,60195.mat,.mat,4212233,4.0 MB,4175399
A Dataset for Large Prismatic Lithium-Ion Battery Cells (CALB L148N58A) Comprehensive Characterization and Real-World Driving Cycles/CALB L148N58A testing campaign/Processed Data/Temperature_10C/DV_UDDS/59861.mat,59861.mat,.mat,4216678,4.0 MB,4179994
A Dataset for Large Prismatic Lithium-Ion Battery Cells (CALB L148N58A) Comprehensive Characterization and Real-World Driving Cycles/CALB L148N58A testing campaign/Processed Data/Temperature_10C/DV_UDDS/60403.mat,60403.mat,.mat,4196618,4.0 MB,4153453
A Dataset for Large Prismatic Lithium-Ion Battery Cells (CALB L148N58A) Comprehensive Characterization and Real-World Driving Cycles/CALB L148N58A testing campaign/Processed Data/Temperature_10C/DV_UDDS/60644.mat,60644.mat,.mat,4213082,4.0 MB,4176472
A Dataset for Large Prismatic Lithium-Ion Battery Cells (CALB L148N58A) Comprehensive Characterization and Real-World Driving Cycles/CALB L148N58A testing campaign/Processed Data/Temperature_10C/DV_UDDS/60710.mat,60710.mat,.mat,4177064,4.0 MB,4132498
A Dataset for Large Prismatic Lithium-Ion Battery Cells (CALB L148N58A) Comprehensive Characterization and Real-World Driving Cycles/CALB L148N58A testing campaign/Processed Data/Temperature_10C/DV_US06/59294.mat,59294.mat,.mat,1984853,1.9 MB,1971071
A Dataset for Large Prismatic Lithium-Ion Battery Cells (CALB L148N58A) Comprehensive Characterization and Real-World Driving Cycles/CALB L148N58A testing campaign/Processed Data/Temperature_10C/DV_US06/59627.mat,59627.mat,.mat,1963093,1.9 MB,1946811
A Dataset for Large Prismatic Lithium-Ion Battery Cells (CALB L148N58A) Comprehensive Characterization and Real-World Driving Cycles/CALB L148N58A testing campaign/Processed Data/Temperature_10C/DV_US06/59485.mat,59485.mat,.mat,1984285,1.9 MB,1970663
A Dataset for Large Prismatic Lithium-Ion Battery Cells (CALB L148N58A) Comprehensive Characterization and Real-World Driving Cycles/CALB L148N58A testing campaign/Processed Data/Temperature_10C/DV_US06/60031.mat,60031.mat,.mat,1960500,1.9 MB,1943710
A Dataset for Large Prismatic Lithium-Ion Battery Cells (CALB L148N58A) Comprehensive Characterization and Real-World Driving Cycles/CALB L148N58A testing campaign/Processed Data/Temperature_10C/DV_US06/59690.mat,59690.mat,.mat,1987431,1.9 MB,1974382
A Dataset for Large Prismatic Lithium-Ion Battery Cells (CALB L148N58A) Comprehensive Characterization and Real-World Driving Cycles/CALB L148N58A testing campaign/Processed Data/Temperature_10C/DV_US06/59861.mat,59861.mat,.mat,1987802,1.9 MB,1974790
A Dataset for Large Prismatic Lithium-Ion Battery Cells (CALB L148N58A) Comprehensive Characterization and Real-World Driving Cycles/CALB L148N58A testing campaign/Processed Data/Temperature_10C/DV_US06/60403.mat,60403.mat,.mat,1860371,1.8 MB,1845064
A Dataset for Large Prismatic Lithium-Ion Battery Cells (CALB L148N58A) Comprehensive Characterization and Real-World Driving Cycles/CALB L148N58A testing campaign/Processed Data/Temperature_10C/DV_US06/60129.mat,60129.mat,.mat,1964946,1.9 MB,1948578
A Dataset for Large Prismatic Lithium-Ion Battery Cells (CALB L148N58A) Comprehensive Characterization and Real-World Driving Cycles/CALB L148N58A testing campaign/Processed Data/Temperature_10C/DV_US06/60195.mat,60195.mat,.mat,1993477,1.9 MB,1979754
A Dataset for Large Prismatic Lithium-Ion Battery Cells (CALB L148N58A) Comprehensive Characterization and Real-World Driving Cycles/CALB L148N58A testing campaign/Processed Data/Temperature_10C/DV_US06/60644.mat,60644.mat,.mat,1875296,1.8 MB,1863422
A Dataset for Large Prismatic Lithium-Ion Battery Cells (CALB L148N58A) Comprehensive Characterization and Real-World Driving Cycles/CALB L148N58A testing campaign/Processed Data/Temperature_10C/DV_US06/60710.mat,60710.mat,.mat,1856674,1.8 MB,1841350
A Dataset for Large Prismatic Lithium-Ion Battery Cells (CALB L148N58A) Comprehensive Characterization and Real-World Driving Cycles/CALB L148N58A testing campaign/Processed Data/Temperature_10C/DV_WLTP/59294.mat,59294.mat,.mat,3881217,3.7 MB,3847972
A Dataset for Large Prismatic Lithium-Ion Battery Cells (CALB L148N58A) Comprehensive Characterization and Real-World Driving Cycles/CALB L148N58A testing campaign/Processed Data/Temperature_10C/DV_WLTP/59485.mat,59485.mat,.mat,3876720,3.7 MB,3842668
A Dataset for Large Prismatic Lithium-Ion Battery Cells (CALB L148N58A) Comprehensive Characterization and Real-World Driving Cycles/CALB L148N58A testing campaign/Processed Data/Temperature_10C/DV_WLTP/59627.mat,59627.mat,.mat,3828604,3.7 MB,3787838
A Dataset for Large Prismatic Lithium-Ion Battery Cells (CALB L148N58A) Comprehensive Characterization and Real-World Driving Cycles/CALB L148N58A testing campaign/Processed Data/Temperature_10C/DV_WLTP/60031.mat,60031.mat,.mat,3846933,3.7 MB,3807333
A Dataset for Large Prismatic Lithium-Ion Battery Cells (CALB L148N58A) Comprehensive Characterization and Real-World Driving Cycles/CALB L148N58A testing campaign/Processed Data/Temperature_10C/DV_WLTP/59861.mat,59861.mat,.mat,3872954,3.7 MB,3839014
A Dataset for Large Prismatic Lithium-Ion Battery Cells (CALB L148N58A) Comprehensive Characterization and Real-World Driving Cycles/CALB L148N58A testing campaign/Processed Data/Temperature_10C/DV_WLTP/59690.mat,59690.mat,.mat,3885510,3.7 MB,3852335
A Dataset for Large Prismatic Lithium-Ion Battery Cells (CALB L148N58A) Comprehensive Characterization and Real-World Driving Cycles/CALB L148N58A testing campaign/Processed Data/Temperature_10C/DV_WLTP/60129.mat,60129.mat,.mat,3831674,3.7 MB,3790173
A Dataset for Large Prismatic Lithium-Ion Battery Cells (CALB L148N58A) Comprehensive Characterization and Real-World Driving Cycles/CALB L148N58A testing campaign/Processed Data/Temperature_10C/DV_WLTP/60195.mat,60195.mat,.mat,3859494,3.7 MB,3824318
A Dataset for Large Prismatic Lithium-Ion Battery Cells (CALB L148N58A) Comprehensive Characterization and Real-World Driving Cycles/CALB L148N58A testing campaign/Processed Data/Temperature_10C/DV_WLTP/60403.mat,60403.mat,.mat,3835732,3.7 MB,3796291
A Dataset for Large Prismatic Lithium-Ion Battery Cells (CALB L148N58A) Comprehensive Characterization and Real-World Driving Cycles/CALB L148N58A testing campaign/Processed Data/Temperature_10C/DV_WLTP/60644.mat,60644.mat,.mat,3872471,3.7 MB,3839377
A Dataset for Large Prismatic Lithium-Ion Battery Cells (CALB L148N58A) Comprehensive Characterization and Real-World Driving Cycles/CALB L148N58A testing campaign/Processed Data/Temperature_10C/DV_WLTP/60710.mat,60710.mat,.mat,3841577,3.7 MB,3802721
A Dataset for Large Prismatic Lithium-Ion Battery Cells (CALB L148N58A) Comprehensive Characterization and Real-World Driving Cycles/CALB L148N58A testing campaign/Processed Data/Temperature_10C/EIS_test/59294.mat,59294.mat,.mat,4301,4.2 KB,4303
A Dataset for Large Prismatic Lithium-Ion Battery Cells (CALB L148N58A) Comprehensive Characterization and Real-World Driving Cycles/CALB L148N58A testing campaign/Processed Data/Temperature_10C/EIS_test/59485.mat,59485.mat,.mat,4283,4.2 KB,4281
A Dataset for Large Prismatic Lithium-Ion Battery Cells (CALB L148N58A) Comprehensive Characterization and Real-World Driving Cycles/CALB L148N58A testing campaign/Processed Data/Temperature_10C/EIS_test/59627.mat,59627.mat,.mat,4293,4.2 KB,4293
A Dataset for Large Prismatic Lithium-Ion Battery Cells (CALB L148N58A) Comprehensive Characterization and Real-World Driving Cycles/CALB L148N58A testing campaign/Processed Data/Temperature_10C/EIS_test/59690.mat,59690.mat,.mat,4304,4.2 KB,4305
A Dataset for Large Prismatic Lithium-Ion Battery Cells (CALB L148N58A) Comprehensive Characterization and Real-World Driving Cycles/CALB L148N58A testing campaign/Processed Data/Temperature_10C/EIS_test/59861.mat,59861.mat,.mat,4275,4.2 KB,4274
A Dataset for Large Prismatic Lithium-Ion Battery Cells (CALB L148N58A) Comprehensive Characterization and Real-World Driving Cycles/CALB L148N58A testing campaign/Processed Data/Temperature_10C/EIS_test/60031.mat,60031.mat,.mat,4322,4.2 KB,4321
A Dataset for Large Prismatic Lithium-Ion Battery Cells (CALB L148N58A) Comprehensive Characterization and Real-World Driving Cycles/CALB L148N58A testing campaign/Processed Data/Temperature_10C/EIS_test/60129.mat,60129.mat,.mat,4296,4.2 KB,4292
A Dataset for Large Prismatic Lithium-Ion Battery Cells (CALB L148N58A) Comprehensive Characterization and Real-World Driving Cycles/CALB L148N58A testing campaign/Processed Data/Temperature_10C/EIS_test/60195.mat,60195.mat,.mat,4314,4.2 KB,4316
A Dataset for Large Prismatic Lithium-Ion Battery Cells (CALB L148N58A) Comprehensive Characterization and Real-World Driving Cycles/CALB L148N58A testing campaign/Processed Data/Temperature_10C/EIS_test/60403.mat,60403.mat,.mat,3345,3.3 KB,3350
A Dataset for Large Prismatic Lithium-Ion Battery Cells (CALB L148N58A) Comprehensive Characterization and Real-World Driving Cycles/CALB L148N58A testing campaign/Processed Data/Temperature_10C/EIS_test/60644.mat,60644.mat,.mat,3349,3.3 KB,3350
A Dataset for Large Prismatic Lithium-Ion Battery Cells (CALB L148N58A) Comprehensive Characterization and Real-World Driving Cycles/CALB L148N58A testing campaign/Processed Data/Temperature_10C/EIS_test/60710.mat,60710.mat,.mat,3353,3.3 KB,3358
A Dataset for Large Prismatic Lithium-Ion Battery Cells (CALB L148N58A) Comprehensive Characterization and Real-World Driving Cycles/CALB L148N58A testing campaign/Processed Data/Temperature_10C/HPPC_1C/59294.mat,59294.mat,.mat,1677879,1.6 MB,1652173
A Dataset for Large Prismatic Lithium-Ion Battery Cells (CALB L148N58A) Comprehensive Characterization and Real-World Driving Cycles/CALB L148N58A testing campaign/Processed Data/Temperature_10C/HPPC_1C/59485.mat,59485.mat,.mat,1682516,1.6 MB,1656509
A Dataset for Large Prismatic Lithium-Ion Battery Cells (CALB L148N58A) Comprehensive Characterization and Real-World Driving Cycles/CALB L148N58A testing campaign/Processed Data/Temperature_10C/HPPC_1C/59627.mat,59627.mat,.mat,1628556,1.6 MB,1594486
A Dataset for Large Prismatic Lithium-Ion Battery Cells (CALB L148N58A) Comprehensive Characterization and Real-World Driving Cycles/CALB L148N58A testing campaign/Processed Data/Temperature_10C/HPPC_1C/60031.mat,60031.mat,.mat,1634798,1.6 MB,1603250
A Dataset for Large Prismatic Lithium-Ion Battery Cells (CALB L148N58A) Comprehensive Characterization and Real-World Driving Cycles/CALB L148N58A testing campaign/Processed Data/Temperature_10C/HPPC_1C/59861.mat,59861.mat,.mat,1662241,1.6 MB,1635898
A Dataset for Large Prismatic Lithium-Ion Battery Cells (CALB L148N58A) Comprehensive Characterization and Real-World Driving Cycles/CALB L148N58A testing campaign/Processed Data/Temperature_10C/HPPC_1C/59690.mat,59690.mat,.mat,1674754,1.6 MB,1648678
A Dataset for Large Prismatic Lithium-Ion Battery Cells (CALB L148N58A) Comprehensive Characterization and Real-World Driving Cycles/CALB L148N58A testing campaign/Processed Data/Temperature_10C/HPPC_1C/60129.mat,60129.mat,.mat,1634137,1.6 MB,1605337
A Dataset for Large Prismatic Lithium-Ion Battery Cells (CALB L148N58A) Comprehensive Characterization and Real-World Driving Cycles/CALB L148N58A testing campaign/Processed Data/Temperature_10C/HPPC_1C/60644.mat,60644.mat,.mat,1643440,1.6 MB,1617534
A Dataset for Large Prismatic Lithium-Ion Battery Cells (CALB L148N58A) Comprehensive Characterization and Real-World Driving Cycles/CALB L148N58A testing campaign/Processed Data/Temperature_10C/HPPC_1C/60403.mat,60403.mat,.mat,1637887,1.6 MB,1609618
A Dataset for Large Prismatic Lithium-Ion Battery Cells (CALB L148N58A) Comprehensive Characterization and Real-World Driving Cycles/CALB L148N58A testing campaign/Processed Data/Temperature_10C/HPPC_1C/60195.mat,60195.mat,.mat,1667745,1.6 MB,1641337
A Dataset for Large Prismatic Lithium-Ion Battery Cells (CALB L148N58A) Comprehensive Characterization and Real-World Driving Cycles/CALB L148N58A testing campaign/Processed Data/Temperature_10C/HPPC_1C/60710.mat,60710.mat,.mat,1607827,1.5 MB,1576150
A Dataset for Large Prismatic Lithium-Ion Battery Cells (CALB L148N58A) Comprehensive Characterization and Real-World Driving Cycles/CALB L148N58A testing campaign/Processed Data/Temperature_10C/HPPC_C3/59294.mat,59294.mat,.mat,1763772,1.7 MB,1736183
A Dataset for Large Prismatic Lithium-Ion Battery Cells (CALB L148N58A) Comprehensive Characterization and Real-World Driving Cycles/CALB L148N58A testing campaign/Processed Data/Temperature_10C/HPPC_C3/59485.mat,59485.mat,.mat,1776032,1.7 MB,1747954
A Dataset for Large Prismatic Lithium-Ion Battery Cells (CALB L148N58A) Comprehensive Characterization and Real-World Driving Cycles/CALB L148N58A testing campaign/Processed Data/Temperature_10C/HPPC_C3/59627.mat,59627.mat,.mat,1709678,1.6 MB,1672140
A Dataset for Large Prismatic Lithium-Ion Battery Cells (CALB L148N58A) Comprehensive Characterization and Real-World Driving Cycles/CALB L148N58A testing campaign/Processed Data/Temperature_10C/HPPC_C3/59690.mat,59690.mat,.mat,1767895,1.7 MB,1739947
A Dataset for Large Prismatic Lithium-Ion Battery Cells (CALB L148N58A) Comprehensive Characterization and Real-World Driving Cycles/CALB L148N58A testing campaign/Processed Data/Temperature_10C/HPPC_C3/59861.mat,59861.mat,.mat,1755678,1.7 MB,1727657
A Dataset for Large Prismatic Lithium-Ion Battery Cells (CALB L148N58A) Comprehensive Characterization and Real-World Driving Cycles/CALB L148N58A testing campaign/Processed Data/Temperature_10C/HPPC_C3/60031.mat,60031.mat,.mat,1723984,1.6 MB,1690349
A Dataset for Large Prismatic Lithium-Ion Battery Cells (CALB L148N58A) Comprehensive Characterization and Real-World Driving Cycles/CALB L148N58A testing campaign/Processed Data/Temperature_10C/HPPC_C3/60403.mat,60403.mat,.mat,1725283,1.6 MB,1693966
A Dataset for Large Prismatic Lithium-Ion Battery Cells (CALB L148N58A) Comprehensive Characterization and Real-World Driving Cycles/CALB L148N58A testing campaign/Processed Data/Temperature_10C/HPPC_C3/60129.mat,60129.mat,.mat,1726535,1.6 MB,1695143
A Dataset for Large Prismatic Lithium-Ion Battery Cells (CALB L148N58A) Comprehensive Characterization and Real-World Driving Cycles/CALB L148N58A testing campaign/Processed Data/Temperature_10C/HPPC_C3/60195.mat,60195.mat,.mat,1759476,1.7 MB,1731272
A Dataset for Large Prismatic Lithium-Ion Battery Cells (CALB L148N58A) Comprehensive Characterization and Real-World Driving Cycles/CALB L148N58A testing campaign/Processed Data/Temperature_10C/HPPC_C3/60644.mat,60644.mat,.mat,1734793,1.7 MB,1706449
A Dataset for Large Prismatic Lithium-Ion Battery Cells (CALB L148N58A) Comprehensive Characterization and Real-World Driving Cycles/CALB L148N58A testing campaign/Processed Data/Temperature_10C/HPPC_C3/60710.mat,60710.mat,.mat,1700194,1.6 MB,1665871
A Dataset for Large Prismatic Lithium-Ion Battery Cells (CALB L148N58A) Comprehensive Characterization and Real-World Driving Cycles/CALB L148N58A testing campaign/Processed Data/Temperature_25C/C20_charge/59294.mat,59294.mat,.mat,1115307,1.1 MB,1101903
A Dataset for Large Prismatic Lithium-Ion Battery Cells (CALB L148N58A) Comprehensive Characterization and Real-World Driving Cycles/CALB L148N58A testing campaign/Processed Data/Temperature_25C/C20_charge/59485.mat,59485.mat,.mat,1121701,1.1 MB,1108160
A Dataset for Large Prismatic Lithium-Ion Battery Cells (CALB L148N58A) Comprehensive Characterization and Real-World Driving Cycles/CALB L148N58A testing campaign/Processed Data/Temperature_25C/C20_charge/59627.mat,59627.mat,.mat,1097402,1.0 MB,1084102
A Dataset for Large Prismatic Lithium-Ion Battery Cells (CALB L148N58A) Comprehensive Characterization and Real-World Driving Cycles/CALB L148N58A testing campaign/Processed Data/Temperature_25C/C20_charge/59690.mat,59690.mat,.mat,1114228,1.1 MB,1100193
A Dataset for Large Prismatic Lithium-Ion Battery Cells (CALB L148N58A) Comprehensive Characterization and Real-World Driving Cycles/CALB L148N58A testing campaign/Processed Data/Temperature_25C/C20_charge/desktop.ini,desktop.ini,.ini,244,244 B,144
A Dataset for Large Prismatic Lithium-Ion Battery Cells (CALB L148N58A) Comprehensive Characterization and Real-World Driving Cycles/CALB L148N58A testing campaign/Processed Data/Temperature_25C/C20_charge/59861.mat,59861.mat,.mat,1119793,1.1 MB,1106276
A Dataset for Large Prismatic Lithium-Ion Battery Cells (CALB L148N58A) Comprehensive Characterization and Real-World Driving Cycles/CALB L148N58A testing campaign/Processed Data/Temperature_25C/C20_charge/60031.mat,60031.mat,.mat,1108503,1.1 MB,1094955
A Dataset for Large Prismatic Lithium-Ion Battery Cells (CALB L148N58A) Comprehensive Characterization and Real-World Driving Cycles/CALB L148N58A testing campaign/Processed Data/Temperature_25C/C20_charge/60129.mat,60129.mat,.mat,1107099,1.1 MB,1093704
A Dataset for Large Prismatic Lithium-Ion Battery Cells (CALB L148N58A) Comprehensive Characterization and Real-World Driving Cycles/CALB L148N58A testing campaign/Processed Data/Temperature_25C/C20_charge/60403.mat,60403.mat,.mat,1088043,1.0 MB,1074374
A Dataset for Large Prismatic Lithium-Ion Battery Cells (CALB L148N58A) Comprehensive Characterization and Real-World Driving Cycles/CALB L148N58A testing campaign/Processed Data/Temperature_25C/C20_charge/60195.mat,60195.mat,.mat,1123575,1.1 MB,1109930
A Dataset for Large Prismatic Lithium-Ion Battery Cells (CALB L148N58A) Comprehensive Characterization and Real-World Driving Cycles/CALB L148N58A testing campaign/Processed Data/Temperature_25C/C20_charge/60644.mat,60644.mat,.mat,1100423,1.0 MB,1086927
A Dataset for Large Prismatic Lithium-Ion Battery Cells (CALB L148N58A) Comprehensive Characterization and Real-World Driving Cycles/CALB L148N58A testing campaign/Processed Data/Temperature_25C/C20_charge/60710.mat,60710.mat,.mat,1080135,1.0 MB,1066966
A Dataset for Large Prismatic Lithium-Ion Battery Cells (CALB L148N58A) Comprehensive Characterization and Real-World Driving Cycles/CALB L148N58A testing campaign/Processed Data/Temperature_25C/C20_discharge/59294.mat,59294.mat,.mat,21749,21.2 KB,21713
A Dataset for Large Prismatic Lithium-Ion Battery Cells (CALB L148N58A) Comprehensive Characterization and Real-World Driving Cycles/CALB L148N58A testing campaign/Processed Data/Temperature_25C/C20_discharge/59485.mat,59485.mat,.mat,21848,21.3 KB,21830
A Dataset for Large Prismatic Lithium-Ion Battery Cells (CALB L148N58A) Comprehensive Characterization and Real-World Driving Cycles/CALB L148N58A testing campaign/Processed Data/Temperature_25C/C20_discharge/59690.mat,59690.mat,.mat,21919,21.4 KB,21891
A Dataset for Large Prismatic Lithium-Ion Battery Cells (CALB L148N58A) Comprehensive Characterization and Real-World Driving Cycles/CALB L148N58A testing campaign/Processed Data/Temperature_25C/C20_discharge/59861.mat,59861.mat,.mat,21923,21.4 KB,21906
A Dataset for Large Prismatic Lithium-Ion Battery Cells (CALB L148N58A) Comprehensive Characterization and Real-World Driving Cycles/CALB L148N58A testing campaign/Processed Data/Temperature_25C/C20_discharge/59627.mat,59627.mat,.mat,1064030,1.0 MB,1051239
A Dataset for Large Prismatic Lithium-Ion Battery Cells (CALB L148N58A) Comprehensive Characterization and Real-World Driving Cycles/CALB L148N58A testing campaign/Processed Data/Temperature_25C/C20_discharge/60195.mat,60195.mat,.mat,22017,21.5 KB,21991
A Dataset for Large Prismatic Lithium-Ion Battery Cells (CALB L148N58A) Comprehensive Characterization and Real-World Driving Cycles/CALB L148N58A testing campaign/Processed Data/Temperature_25C/C20_discharge/60031.mat,60031.mat,.mat,1078332,1.0 MB,1065607
A Dataset for Large Prismatic Lithium-Ion Battery Cells (CALB L148N58A) Comprehensive Characterization and Real-World Driving Cycles/CALB L148N58A testing campaign/Processed Data/Temperature_25C/C20_discharge/60644.mat,60644.mat,.mat,22140,21.6 KB,22113
A Dataset for Large Prismatic Lithium-Ion Battery Cells (CALB L148N58A) Comprehensive Characterization and Real-World Driving Cycles/CALB L148N58A testing campaign/Processed Data/Temperature_25C/C20_discharge/60129.mat,60129.mat,.mat,1080845,1.0 MB,1067544
A Dataset for Large Prismatic Lithium-Ion Battery Cells (CALB L148N58A) Comprehensive Characterization and Real-World Driving Cycles/CALB L148N58A testing campaign/Processed Data/Temperature_25C/C20_discharge/desktop.ini,desktop.ini,.ini,244,244 B,144
A Dataset for Large Prismatic Lithium-Ion Battery Cells (CALB L148N58A) Comprehensive Characterization and Real-World Driving Cycles/CALB L148N58A testing campaign/Processed Data/Temperature_25C/C20_discharge/60403.mat,60403.mat,.mat,1055894,1.0 MB,1042544
A Dataset for Large Prismatic Lithium-Ion Battery Cells (CALB L148N58A) Comprehensive Characterization and Real-World Driving Cycles/CALB L148N58A testing campaign/Processed Data/Temperature_25C/C20_discharge/60710.mat,60710.mat,.mat,1057779,1.0 MB,1044940
A Dataset for Large Prismatic Lithium-Ion Battery Cells (CALB L148N58A) Comprehensive Characterization and Real-World Driving Cycles/CALB L148N58A testing campaign/Processed Data/Temperature_25C/DV_UDDS/59294.mat,59294.mat,.mat,4159126,4.0 MB,4120954
A Dataset for Large Prismatic Lithium-Ion Battery Cells (CALB L148N58A) Comprehensive Characterization and Real-World Driving Cycles/CALB L148N58A testing campaign/Processed Data/Temperature_25C/DV_UDDS/59485.mat,59485.mat,.mat,4157508,4.0 MB,4119591
A Dataset for Large Prismatic Lithium-Ion Battery Cells (CALB L148N58A) Comprehensive Characterization and Real-World Driving Cycles/CALB L148N58A testing campaign/Processed Data/Temperature_25C/DV_UDDS/59627.mat,59627.mat,.mat,4114064,3.9 MB,4069209
A Dataset for Large Prismatic Lithium-Ion Battery Cells (CALB L148N58A) Comprehensive Characterization and Real-World Driving Cycles/CALB L148N58A testing campaign/Processed Data/Temperature_25C/DV_UDDS/desktop.ini,desktop.ini,.ini,244,244 B,144
A Dataset for Large Prismatic Lithium-Ion Battery Cells (CALB L148N58A) Comprehensive Characterization and Real-World Driving Cycles/CALB L148N58A testing campaign/Processed Data/Temperature_25C/DV_UDDS/59690.mat,59690.mat,.mat,4157277,4.0 MB,4118728
A Dataset for Large Prismatic Lithium-Ion Battery Cells (CALB L148N58A) Comprehensive Characterization and Real-World Driving Cycles/CALB L148N58A testing campaign/Processed Data/Temperature_25C/DV_UDDS/59861.mat,59861.mat,.mat,4146201,4.0 MB,4106150
A Dataset for Large Prismatic Lithium-Ion Battery Cells (CALB L148N58A) Comprehensive Characterization and Real-World Driving Cycles/CALB L148N58A testing campaign/Processed Data/Temperature_25C/DV_UDDS/60031.mat,60031.mat,.mat,4120864,3.9 MB,4074889
A Dataset for Large Prismatic Lithium-Ion Battery Cells (CALB L148N58A) Comprehensive Characterization and Real-World Driving Cycles/CALB L148N58A testing campaign/Processed Data/Temperature_25C/DV_UDDS/60195.mat,60195.mat,.mat,4144442,4.0 MB,4105455
A Dataset for Large Prismatic Lithium-Ion Battery Cells (CALB L148N58A) Comprehensive Characterization and Real-World Driving Cycles/CALB L148N58A testing campaign/Processed Data/Temperature_25C/DV_UDDS/60129.mat,60129.mat,.mat,4112903,3.9 MB,4068254
A Dataset for Large Prismatic Lithium-Ion Battery Cells (CALB L148N58A) Comprehensive Characterization and Real-World Driving Cycles/CALB L148N58A testing campaign/Processed Data/Temperature_25C/DV_UDDS/60403.mat,60403.mat,.mat,4145003,4.0 MB,4100254
A Dataset for Large Prismatic Lithium-Ion Battery Cells (CALB L148N58A) Comprehensive Characterization and Real-World Driving Cycles/CALB L148N58A testing campaign/Processed Data/Temperature_25C/DV_UDDS/60644.mat,60644.mat,.mat,4140386,3.9 MB,4100749
A Dataset for Large Prismatic Lithium-Ion Battery Cells (CALB L148N58A) Comprehensive Characterization and Real-World Driving Cycles/CALB L148N58A testing campaign/Processed Data/Temperature_25C/DV_UDDS/60710.mat,60710.mat,.mat,4119144,3.9 MB,4073976
A Dataset for Large Prismatic Lithium-Ion Battery Cells (CALB L148N58A) Comprehensive Characterization and Real-World Driving Cycles/CALB L148N58A testing campaign/Processed Data/Temperature_25C/DV_US06/59294.mat,59294.mat,.mat,2125079,2.0 MB,2110650
A Dataset for Large Prismatic Lithium-Ion Battery Cells (CALB L148N58A) Comprehensive Characterization and Real-World Driving Cycles/CALB L148N58A testing campaign/Processed Data/Temperature_25C/DV_US06/59627.mat,59627.mat,.mat,2069414,2.0 MB,2051423
A Dataset for Large Prismatic Lithium-Ion Battery Cells (CALB L148N58A) Comprehensive Characterization and Real-World Driving Cycles/CALB L148N58A testing campaign/Processed Data/Temperature_25C/DV_US06/59485.mat,59485.mat,.mat,2138345,2.0 MB,2123035
A Dataset for Large Prismatic Lithium-Ion Battery Cells (CALB L148N58A) Comprehensive Characterization and Real-World Driving Cycles/CALB L148N58A testing campaign/Processed Data/Temperature_25C/DV_US06/desktop.ini,desktop.ini,.ini,244,244 B,144
A Dataset for Large Prismatic Lithium-Ion Battery Cells (CALB L148N58A) Comprehensive Characterization and Real-World Driving Cycles/CALB L148N58A testing campaign/Processed Data/Temperature_25C/DV_US06/59690.mat,59690.mat,.mat,2140921,2.0 MB,2126165
A Dataset for Large Prismatic Lithium-Ion Battery Cells (CALB L148N58A) Comprehensive Characterization and Real-World Driving Cycles/CALB L148N58A testing campaign/Processed Data/Temperature_25C/DV_US06/60403.mat,60403.mat,.mat,2066791,2.0 MB,2049986
A Dataset for Large Prismatic Lithium-Ion Battery Cells (CALB L148N58A) Comprehensive Characterization and Real-World Driving Cycles/CALB L148N58A testing campaign/Processed Data/Temperature_25C/DV_US06/60031.mat,60031.mat,.mat,2117120,2.0 MB,2098615
A Dataset for Large Prismatic Lithium-Ion Battery Cells (CALB L148N58A) Comprehensive Characterization and Real-World Driving Cycles/CALB L148N58A testing campaign/Processed Data/Temperature_25C/DV_US06/60129.mat,60129.mat,.mat,2121664,2.0 MB,2103122
A Dataset for Large Prismatic Lithium-Ion Battery Cells (CALB L148N58A) Comprehensive Characterization and Real-World Driving Cycles/CALB L148N58A testing campaign/Processed Data/Temperature_25C/DV_US06/59861.mat,59861.mat,.mat,2139754,2.0 MB,2124489
A Dataset for Large Prismatic Lithium-Ion Battery Cells (CALB L148N58A) Comprehensive Characterization and Real-World Driving Cycles/CALB L148N58A testing campaign/Processed Data/Temperature_25C/DV_US06/60195.mat,60195.mat,.mat,2147102,2.0 MB,2131571
A Dataset for Large Prismatic Lithium-Ion Battery Cells (CALB L148N58A) Comprehensive Characterization and Real-World Driving Cycles/CALB L148N58A testing campaign/Processed Data/Temperature_25C/DV_US06/60644.mat,60644.mat,.mat,2082915,2.0 MB,2067919
A Dataset for Large Prismatic Lithium-Ion Battery Cells (CALB L148N58A) Comprehensive Characterization and Real-World Driving Cycles/CALB L148N58A testing campaign/Processed Data/Temperature_25C/DV_US06/60710.mat,60710.mat,.mat,2056655,2.0 MB,2038653
A Dataset for Large Prismatic Lithium-Ion Battery Cells (CALB L148N58A) Comprehensive Characterization and Real-World Driving Cycles/CALB L148N58A testing campaign/Processed Data/Temperature_25C/DV_WLTP/59294.mat,59294.mat,.mat,3811846,3.6 MB,3776990
A Dataset for Large Prismatic Lithium-Ion Battery Cells (CALB L148N58A) Comprehensive Characterization and Real-World Driving Cycles/CALB L148N58A testing campaign/Processed Data/Temperature_25C/DV_WLTP/59485.mat,59485.mat,.mat,3815634,3.6 MB,3781436
A Dataset for Large Prismatic Lithium-Ion Battery Cells (CALB L148N58A) Comprehensive Characterization and Real-World Driving Cycles/CALB L148N58A testing campaign/Processed Data/Temperature_25C/DV_WLTP/desktop.ini,desktop.ini,.ini,244,244 B,144
A Dataset for Large Prismatic Lithium-Ion Battery Cells (CALB L148N58A) Comprehensive Characterization and Real-World Driving Cycles/CALB L148N58A testing campaign/Processed Data/Temperature_25C/DV_WLTP/59627.mat,59627.mat,.mat,3783088,3.6 MB,3742073
A Dataset for Large Prismatic Lithium-Ion Battery Cells (CALB L148N58A) Comprehensive Characterization and Real-World Driving Cycles/CALB L148N58A testing campaign/Processed Data/Temperature_25C/DV_WLTP/60129.mat,60129.mat,.mat,3777700,3.6 MB,3737266
A Dataset for Large Prismatic Lithium-Ion Battery Cells (CALB L148N58A) Comprehensive Characterization and Real-World Driving Cycles/CALB L148N58A testing campaign/Processed Data/Temperature_25C/DV_WLTP/59690.mat,59690.mat,.mat,3817001,3.6 MB,3781819
A Dataset for Large Prismatic Lithium-Ion Battery Cells (CALB L148N58A) Comprehensive Characterization and Real-World Driving Cycles/CALB L148N58A testing campaign/Processed Data/Temperature_25C/DV_WLTP/60031.mat,60031.mat,.mat,3787987,3.6 MB,3746246
A Dataset for Large Prismatic Lithium-Ion Battery Cells (CALB L148N58A) Comprehensive Characterization and Real-World Driving Cycles/CALB L148N58A testing campaign/Processed Data/Temperature_25C/DV_WLTP/59861.mat,59861.mat,.mat,3813000,3.6 MB,3778127
A Dataset for Large Prismatic Lithium-Ion Battery Cells (CALB L148N58A) Comprehensive Characterization and Real-World Driving Cycles/CALB L148N58A testing campaign/Processed Data/Temperature_25C/DV_WLTP/60195.mat,60195.mat,.mat,3800282,3.6 MB,3765098
A Dataset for Large Prismatic Lithium-Ion Battery Cells (CALB L148N58A) Comprehensive Characterization and Real-World Driving Cycles/CALB L148N58A testing campaign/Processed Data/Temperature_25C/DV_WLTP/60403.mat,60403.mat,.mat,3802257,3.6 MB,3760563
A Dataset for Large Prismatic Lithium-Ion Battery Cells (CALB L148N58A) Comprehensive Characterization and Real-World Driving Cycles/CALB L148N58A testing campaign/Processed Data/Temperature_25C/DV_WLTP/60644.mat,60644.mat,.mat,3801649,3.6 MB,3766868
A Dataset for Large Prismatic Lithium-Ion Battery Cells (CALB L148N58A) Comprehensive Characterization and Real-World Driving Cycles/CALB L148N58A testing campaign/Processed Data/Temperature_25C/DV_WLTP/60710.mat,60710.mat,.mat,3782559,3.6 MB,3742500
A Dataset for Large Prismatic Lithium-Ion Battery Cells (CALB L148N58A) Comprehensive Characterization and Real-World Driving Cycles/CALB L148N58A testing campaign/Processed Data/Temperature_25C/EIS_test/59294.mat,59294.mat,.mat,3313,3.2 KB,3313
A Dataset for Large Prismatic Lithium-Ion Battery Cells (CALB L148N58A) Comprehensive Characterization and Real-World Driving Cycles/CALB L148N58A testing campaign/Processed Data/Temperature_25C/EIS_test/59485.mat,59485.mat,.mat,3335,3.3 KB,3338
A Dataset for Large Prismatic Lithium-Ion Battery Cells (CALB L148N58A) Comprehensive Characterization and Real-World Driving Cycles/CALB L148N58A testing campaign/Processed Data/Temperature_25C/EIS_test/59627.mat,59627.mat,.mat,4290,4.2 KB,4290
A Dataset for Large Prismatic Lithium-Ion Battery Cells (CALB L148N58A) Comprehensive Characterization and Real-World Driving Cycles/CALB L148N58A testing campaign/Processed Data/Temperature_25C/EIS_test/60031.mat,60031.mat,.mat,4262,4.2 KB,4264
A Dataset for Large Prismatic Lithium-Ion Battery Cells (CALB L148N58A) Comprehensive Characterization and Real-World Driving Cycles/CALB L148N58A testing campaign/Processed Data/Temperature_25C/EIS_test/59690.mat,59690.mat,.mat,3319,3.2 KB,3320
A Dataset for Large Prismatic Lithium-Ion Battery Cells (CALB L148N58A) Comprehensive Characterization and Real-World Driving Cycles/CALB L148N58A testing campaign/Processed Data/Temperature_25C/EIS_test/59861.mat,59861.mat,.mat,3315,3.2 KB,3318
A Dataset for Large Prismatic Lithium-Ion Battery Cells (CALB L148N58A) Comprehensive Characterization and Real-World Driving Cycles/CALB L148N58A testing campaign/Processed Data/Temperature_25C/EIS_test/60403.mat,60403.mat,.mat,4265,4.2 KB,4265
A Dataset for Large Prismatic Lithium-Ion Battery Cells (CALB L148N58A) Comprehensive Characterization and Real-World Driving Cycles/CALB L148N58A testing campaign/Processed Data/Temperature_25C/EIS_test/60129.mat,60129.mat,.mat,4254,4.2 KB,4253
A Dataset for Large Prismatic Lithium-Ion Battery Cells (CALB L148N58A) Comprehensive Characterization and Real-World Driving Cycles/CALB L148N58A testing campaign/Processed Data/Temperature_25C/EIS_test/60195.mat,60195.mat,.mat,3351,3.3 KB,3348
A Dataset for Large Prismatic Lithium-Ion Battery Cells (CALB L148N58A) Comprehensive Characterization and Real-World Driving Cycles/CALB L148N58A testing campaign/Processed Data/Temperature_25C/EIS_test/desktop.ini,desktop.ini,.ini,244,244 B,144
A Dataset for Large Prismatic Lithium-Ion Battery Cells (CALB L148N58A) Comprehensive Characterization and Real-World Driving Cycles/CALB L148N58A testing campaign/Processed Data/Temperature_25C/EIS_test/60644.mat,60644.mat,.mat,3326,3.2 KB,3331
A Dataset for Large Prismatic Lithium-Ion Battery Cells (CALB L148N58A) Comprehensive Characterization and Real-World Driving Cycles/CALB L148N58A testing campaign/Processed Data/Temperature_25C/EIS_test/60710.mat,60710.mat,.mat,4244,4.1 KB,4243
A Dataset for Large Prismatic Lithium-Ion Battery Cells (CALB L148N58A) Comprehensive Characterization and Real-World Driving Cycles/CALB L148N58A testing campaign/Processed Data/Temperature_25C/HPPC_1C/59294.mat,59294.mat,.mat,1438072,1.4 MB,1413177
A Dataset for Large Prismatic Lithium-Ion Battery Cells (CALB L148N58A) Comprehensive Characterization and Real-World Driving Cycles/CALB L148N58A testing campaign/Processed Data/Temperature_25C/HPPC_1C/59485.mat,59485.mat,.mat,1450624,1.4 MB,1426089
A Dataset for Large Prismatic Lithium-Ion Battery Cells (CALB L148N58A) Comprehensive Characterization and Real-World Driving Cycles/CALB L148N58A testing campaign/Processed Data/Temperature_25C/HPPC_1C/59690.mat,59690.mat,.mat,1440505,1.4 MB,1416214
A Dataset for Large Prismatic Lithium-Ion Battery Cells (CALB L148N58A) Comprehensive Characterization and Real-World Driving Cycles/CALB L148N58A testing campaign/Processed Data/Temperature_25C/HPPC_1C/59861.mat,59861.mat,.mat,1431831,1.4 MB,1406825
A Dataset for Large Prismatic Lithium-Ion Battery Cells (CALB L148N58A) Comprehensive Characterization and Real-World Driving Cycles/CALB L148N58A testing campaign/Processed Data/Temperature_25C/HPPC_1C/59627.mat,59627.mat,.mat,1611219,1.5 MB,1578138
A Dataset for Large Prismatic Lithium-Ion Battery Cells (CALB L148N58A) Comprehensive Characterization and Real-World Driving Cycles/CALB L148N58A testing campaign/Processed Data/Temperature_25C/HPPC_1C/desktop.ini,desktop.ini,.ini,244,244 B,144
A Dataset for Large Prismatic Lithium-Ion Battery Cells (CALB L148N58A) Comprehensive Characterization and Real-World Driving Cycles/CALB L148N58A testing campaign/Processed Data/Temperature_25C/HPPC_1C/60195.mat,60195.mat,.mat,1444776,1.4 MB,1420953
A Dataset for Large Prismatic Lithium-Ion Battery Cells (CALB L148N58A) Comprehensive Characterization and Real-World Driving Cycles/CALB L148N58A testing campaign/Processed Data/Temperature_25C/HPPC_1C/60644.mat,60644.mat,.mat,1425889,1.4 MB,1401515
A Dataset for Large Prismatic Lithium-Ion Battery Cells (CALB L148N58A) Comprehensive Characterization and Real-World Driving Cycles/CALB L148N58A testing campaign/Processed Data/Temperature_25C/HPPC_1C/60129.mat,60129.mat,.mat,1614507,1.5 MB,1585756
A Dataset for Large Prismatic Lithium-Ion Battery Cells (CALB L148N58A) Comprehensive Characterization and Real-World Driving Cycles/CALB L148N58A testing campaign/Processed Data/Temperature_25C/HPPC_1C/60403.mat,60403.mat,.mat,1610315,1.5 MB,1580648
A Dataset for Large Prismatic Lithium-Ion Battery Cells (CALB L148N58A) Comprehensive Characterization and Real-World Driving Cycles/CALB L148N58A testing campaign/Processed Data/Temperature_25C/HPPC_1C/60031.mat,60031.mat,.mat,1615591,1.5 MB,1584447
A Dataset for Large Prismatic Lithium-Ion Battery Cells (CALB L148N58A) Comprehensive Characterization and Real-World Driving Cycles/CALB L148N58A testing campaign/Processed Data/Temperature_25C/HPPC_1C/60710.mat,60710.mat,.mat,1586012,1.5 MB,1552880
A Dataset for Large Prismatic Lithium-Ion Battery Cells (CALB L148N58A) Comprehensive Characterization and Real-World Driving Cycles/CALB L148N58A testing campaign/Processed Data/Temperature_25C/HPPC_C3/59294.mat,59294.mat,.mat,1420067,1.4 MB,1395434
A Dataset for Large Prismatic Lithium-Ion Battery Cells (CALB L148N58A) Comprehensive Characterization and Real-World Driving Cycles/CALB L148N58A testing campaign/Processed Data/Temperature_25C/HPPC_C3/59485.mat,59485.mat,.mat,1568557,1.5 MB,1541312
A Dataset for Large Prismatic Lithium-Ion Battery Cells (CALB L148N58A) Comprehensive Characterization and Real-World Driving Cycles/CALB L148N58A testing campaign/Processed Data/Temperature_25C/HPPC_C3/59690.mat,59690.mat,.mat,1423754,1.4 MB,1398442
A Dataset for Large Prismatic Lithium-Ion Battery Cells (CALB L148N58A) Comprehensive Characterization and Real-World Driving Cycles/CALB L148N58A testing campaign/Processed Data/Temperature_25C/HPPC_C3/59627.mat,59627.mat,.mat,1694829,1.6 MB,1659795
A Dataset for Large Prismatic Lithium-Ion Battery Cells (CALB L148N58A) Comprehensive Characterization and Real-World Driving Cycles/CALB L148N58A testing campaign/Processed Data/Temperature_25C/HPPC_C3/desktop.ini,desktop.ini,.ini,244,244 B,144
A Dataset for Large Prismatic Lithium-Ion Battery Cells (CALB L148N58A) Comprehensive Characterization and Real-World Driving Cycles/CALB L148N58A testing campaign/Processed Data/Temperature_25C/HPPC_C3/60644.mat,60644.mat,.mat,1400803,1.3 MB,1376104
A Dataset for Large Prismatic Lithium-Ion Battery Cells (CALB L148N58A) Comprehensive Characterization and Real-World Driving Cycles/CALB L148N58A testing campaign/Processed Data/Temperature_25C/HPPC_C3/60195.mat,60195.mat,.mat,1550712,1.5 MB,1523631
A Dataset for Large Prismatic Lithium-Ion Battery Cells (CALB L148N58A) Comprehensive Characterization and Real-World Driving Cycles/CALB L148N58A testing campaign/Processed Data/Temperature_25C/HPPC_C3/59861.mat,59861.mat,.mat,1545443,1.5 MB,1517899
A Dataset for Large Prismatic Lithium-Ion Battery Cells (CALB L148N58A) Comprehensive Characterization and Real-World Driving Cycles/CALB L148N58A testing campaign/Processed Data/Temperature_25C/HPPC_C3/60031.mat,60031.mat,.mat,1711390,1.6 MB,1678520
A Dataset for Large Prismatic Lithium-Ion Battery Cells (CALB L148N58A) Comprehensive Characterization and Real-World Driving Cycles/CALB L148N58A testing campaign/Processed Data/Temperature_25C/HPPC_C3/60129.mat,60129.mat,.mat,1712922,1.6 MB,1681645
A Dataset for Large Prismatic Lithium-Ion Battery Cells (CALB L148N58A) Comprehensive Characterization and Real-World Driving Cycles/CALB L148N58A testing campaign/Processed Data/Temperature_25C/HPPC_C3/60403.mat,60403.mat,.mat,1708009,1.6 MB,1676800
A Dataset for Large Prismatic Lithium-Ion Battery Cells (CALB L148N58A) Comprehensive Characterization and Real-World Driving Cycles/CALB L148N58A testing campaign/Processed Data/Temperature_25C/HPPC_C3/60710.mat,60710.mat,.mat,1681170,1.6 MB,1646582
A Dataset for Large Prismatic Lithium-Ion Battery Cells (CALB L148N58A) Comprehensive Characterization and Real-World Driving Cycles/CALB L148N58A testing campaign/Processed Data/Temperature_40C/C20_charge/59485.mat,59485.mat,.mat,1135220,1.1 MB,1121116
A Dataset for Large Prismatic Lithium-Ion Battery Cells (CALB L148N58A) Comprehensive Characterization and Real-World Driving Cycles/CALB L148N58A testing campaign/Processed Data/Temperature_40C/C20_charge/59294.mat,59294.mat,.mat,1124571,1.1 MB,1110477
A Dataset for Large Prismatic Lithium-Ion Battery Cells (CALB L148N58A) Comprehensive Characterization and Real-World Driving Cycles/CALB L148N58A testing campaign/Processed Data/Temperature_40C/C20_charge/59627.mat,59627.mat,.mat,1087093,1.0 MB,1072867
A Dataset for Large Prismatic Lithium-Ion Battery Cells (CALB L148N58A) Comprehensive Characterization and Real-World Driving Cycles/CALB L148N58A testing campaign/Processed Data/Temperature_40C/C20_charge/59690.mat,59690.mat,.mat,1131255,1.1 MB,1116806
A Dataset for Large Prismatic Lithium-Ion Battery Cells (CALB L148N58A) Comprehensive Characterization and Real-World Driving Cycles/CALB L148N58A testing campaign/Processed Data/Temperature_40C/C20_charge/59861.mat,59861.mat,.mat,1130055,1.1 MB,1116074
A Dataset for Large Prismatic Lithium-Ion Battery Cells (CALB L148N58A) Comprehensive Characterization and Real-World Driving Cycles/CALB L148N58A testing campaign/Processed Data/Temperature_40C/C20_charge/60031.mat,60031.mat,.mat,1091087,1.0 MB,1076783
A Dataset for Large Prismatic Lithium-Ion Battery Cells (CALB L148N58A) Comprehensive Characterization and Real-World Driving Cycles/CALB L148N58A testing campaign/Processed Data/Temperature_40C/C20_charge/desktop.ini,desktop.ini,.ini,244,244 B,144
A Dataset for Large Prismatic Lithium-Ion Battery Cells (CALB L148N58A) Comprehensive Characterization and Real-World Driving Cycles/CALB L148N58A testing campaign/Processed Data/Temperature_40C/C20_charge/60403.mat,60403.mat,.mat,1078773,1.0 MB,1065020
A Dataset for Large Prismatic Lithium-Ion Battery Cells (CALB L148N58A) Comprehensive Characterization and Real-World Driving Cycles/CALB L148N58A testing campaign/Processed Data/Temperature_40C/C20_charge/60195.mat,60195.mat,.mat,1136882,1.1 MB,1122662
A Dataset for Large Prismatic Lithium-Ion Battery Cells (CALB L148N58A) Comprehensive Characterization and Real-World Driving Cycles/CALB L148N58A testing campaign/Processed Data/Temperature_40C/C20_charge/60129.mat,60129.mat,.mat,1093660,1.0 MB,1079934
A Dataset for Large Prismatic Lithium-Ion Battery Cells (CALB L148N58A) Comprehensive Characterization and Real-World Driving Cycles/CALB L148N58A testing campaign/Processed Data/Temperature_40C/C20_charge/60644.mat,60644.mat,.mat,1070968,1.0 MB,1057483
A Dataset for Large Prismatic Lithium-Ion Battery Cells (CALB L148N58A) Comprehensive Characterization and Real-World Driving Cycles/CALB L148N58A testing campaign/Processed Data/Temperature_40C/C20_charge/60710.mat,60710.mat,.mat,1078296,1.0 MB,1064413
A Dataset for Large Prismatic Lithium-Ion Battery Cells (CALB L148N58A) Comprehensive Characterization and Real-World Driving Cycles/CALB L148N58A testing campaign/Processed Data/Temperature_40C/C20_discharge/59294.mat,59294.mat,.mat,1082256,1.0 MB,1068767
A Dataset for Large Prismatic Lithium-Ion Battery Cells (CALB L148N58A) Comprehensive Characterization and Real-World Driving Cycles/CALB L148N58A testing campaign/Processed Data/Temperature_40C/C20_discharge/59485.mat,59485.mat,.mat,1092895,1.0 MB,1079463
A Dataset for Large Prismatic Lithium-Ion Battery Cells (CALB L148N58A) Comprehensive Characterization and Real-World Driving Cycles/CALB L148N58A testing campaign/Processed Data/Temperature_40C/C20_discharge/59627.mat,59627.mat,.mat,1047344,1022.8 KB,1033076
A Dataset for Large Prismatic Lithium-Ion Battery Cells (CALB L148N58A) Comprehensive Characterization and Real-World Driving Cycles/CALB L148N58A testing campaign/Processed Data/Temperature_40C/C20_discharge/59690.mat,59690.mat,.mat,1093164,1.0 MB,1079722
A Dataset for Large Prismatic Lithium-Ion Battery Cells (CALB L148N58A) Comprehensive Characterization and Real-World Driving Cycles/CALB L148N58A testing campaign/Processed Data/Temperature_40C/C20_discharge/59861.mat,59861.mat,.mat,1096044,1.0 MB,1082621
A Dataset for Large Prismatic Lithium-Ion Battery Cells (CALB L148N58A) Comprehensive Characterization and Real-World Driving Cycles/CALB L148N58A testing campaign/Processed Data/Temperature_40C/C20_discharge/60031.mat,60031.mat,.mat,1060654,1.0 MB,1046530
A Dataset for Large Prismatic Lithium-Ion Battery Cells (CALB L148N58A) Comprehensive Characterization and Real-World Driving Cycles/CALB L148N58A testing campaign/Processed Data/Temperature_40C/C20_discharge/60129.mat,60129.mat,.mat,1062166,1.0 MB,1048071
A Dataset for Large Prismatic Lithium-Ion Battery Cells (CALB L148N58A) Comprehensive Characterization and Real-World Driving Cycles/CALB L148N58A testing campaign/Processed Data/Temperature_40C/C20_discharge/desktop.ini,desktop.ini,.ini,244,244 B,144
A Dataset for Large Prismatic Lithium-Ion Battery Cells (CALB L148N58A) Comprehensive Characterization and Real-World Driving Cycles/CALB L148N58A testing campaign/Processed Data/Temperature_40C/C20_discharge/60195.mat,60195.mat,.mat,1098255,1.0 MB,1084818
A Dataset for Large Prismatic Lithium-Ion Battery Cells (CALB L148N58A) Comprehensive Characterization and Real-World Driving Cycles/CALB L148N58A testing campaign/Processed Data/Temperature_40C/C20_discharge/60403.mat,60403.mat,.mat,1043033,1018.6 KB,1028423
A Dataset for Large Prismatic Lithium-Ion Battery Cells (CALB L148N58A) Comprehensive Characterization and Real-World Driving Cycles/CALB L148N58A testing campaign/Processed Data/Temperature_40C/C20_discharge/60644.mat,60644.mat,.mat,1092120,1.0 MB,1078743
A Dataset for Large Prismatic Lithium-Ion Battery Cells (CALB L148N58A) Comprehensive Characterization and Real-World Driving Cycles/CALB L148N58A testing campaign/Processed Data/Temperature_40C/C20_discharge/60710.mat,60710.mat,.mat,1048302,1023.7 KB,1034652
A Dataset for Large Prismatic Lithium-Ion Battery Cells (CALB L148N58A) Comprehensive Characterization and Real-World Driving Cycles/CALB L148N58A testing campaign/Processed Data/Temperature_40C/DV_UDDS/59294.mat,59294.mat,.mat,4140085,3.9 MB,4103435
A Dataset for Large Prismatic Lithium-Ion Battery Cells (CALB L148N58A) Comprehensive Characterization and Real-World Driving Cycles/CALB L148N58A testing campaign/Processed Data/Temperature_40C/DV_UDDS/59485.mat,59485.mat,.mat,4145396,4.0 MB,4107702
A Dataset for Large Prismatic Lithium-Ion Battery Cells (CALB L148N58A) Comprehensive Characterization and Real-World Driving Cycles/CALB L148N58A testing campaign/Processed Data/Temperature_40C/DV_UDDS/desktop.ini,desktop.ini,.ini,244,244 B,144
A Dataset for Large Prismatic Lithium-Ion Battery Cells (CALB L148N58A) Comprehensive Characterization and Real-World Driving Cycles/CALB L148N58A testing campaign/Processed Data/Temperature_40C/DV_UDDS/59690.mat,59690.mat,.mat,4154812,4.0 MB,4117721
A Dataset for Large Prismatic Lithium-Ion Battery Cells (CALB L148N58A) Comprehensive Characterization and Real-World Driving Cycles/CALB L148N58A testing campaign/Processed Data/Temperature_40C/DV_UDDS/59627.mat,59627.mat,.mat,4078061,3.9 MB,4031540
A Dataset for Large Prismatic Lithium-Ion Battery Cells (CALB L148N58A) Comprehensive Characterization and Real-World Driving Cycles/CALB L148N58A testing campaign/Processed Data/Temperature_40C/DV_UDDS/60644.mat,60644.mat,.mat,4134928,3.9 MB,4096959
A Dataset for Large Prismatic Lithium-Ion Battery Cells (CALB L148N58A) Comprehensive Characterization and Real-World Driving Cycles/CALB L148N58A testing campaign/Processed Data/Temperature_40C/DV_UDDS/60403.mat,60403.mat,.mat,4112471,3.9 MB,4066927
A Dataset for Large Prismatic Lithium-Ion Battery Cells (CALB L148N58A) Comprehensive Characterization and Real-World Driving Cycles/CALB L148N58A testing campaign/Processed Data/Temperature_40C/DV_UDDS/60031.mat,60031.mat,.mat,4089585,3.9 MB,4044894
A Dataset for Large Prismatic Lithium-Ion Battery Cells (CALB L148N58A) Comprehensive Characterization and Real-World Driving Cycles/CALB L148N58A testing campaign/Processed Data/Temperature_40C/DV_UDDS/59861.mat,59861.mat,.mat,4147554,4.0 MB,4110697
A Dataset for Large Prismatic Lithium-Ion Battery Cells (CALB L148N58A) Comprehensive Characterization and Real-World Driving Cycles/CALB L148N58A testing campaign/Processed Data/Temperature_40C/DV_UDDS/60195.mat,60195.mat,.mat,4136649,3.9 MB,4099402
A Dataset for Large Prismatic Lithium-Ion Battery Cells (CALB L148N58A) Comprehensive Characterization and Real-World Driving Cycles/CALB L148N58A testing campaign/Processed Data/Temperature_40C/DV_UDDS/60129.mat,60129.mat,.mat,4076398,3.9 MB,4031152
A Dataset for Large Prismatic Lithium-Ion Battery Cells (CALB L148N58A) Comprehensive Characterization and Real-World Driving Cycles/CALB L148N58A testing campaign/Processed Data/Temperature_40C/DV_UDDS/60710.mat,60710.mat,.mat,4085874,3.9 MB,4038963
A Dataset for Large Prismatic Lithium-Ion Battery Cells (CALB L148N58A) Comprehensive Characterization and Real-World Driving Cycles/CALB L148N58A testing campaign/Processed Data/Temperature_40C/DV_US06/59294.mat,59294.mat,.mat,2122676,2.0 MB,2107137
A Dataset for Large Prismatic Lithium-Ion Battery Cells (CALB L148N58A) Comprehensive Characterization and Real-World Driving Cycles/CALB L148N58A testing campaign/Processed Data/Temperature_40C/DV_US06/59485.mat,59485.mat,.mat,2126373,2.0 MB,2111429
A Dataset for Large Prismatic Lithium-Ion Battery Cells (CALB L148N58A) Comprehensive Characterization and Real-World Driving Cycles/CALB L148N58A testing campaign/Processed Data/Temperature_40C/DV_US06/desktop.ini,desktop.ini,.ini,244,244 B,144
A Dataset for Large Prismatic Lithium-Ion Battery Cells (CALB L148N58A) Comprehensive Characterization and Real-World Driving Cycles/CALB L148N58A testing campaign/Processed Data/Temperature_40C/DV_US06/60195.mat,60195.mat,.mat,2144519,2.0 MB,2129573
A Dataset for Large Prismatic Lithium-Ion Battery Cells (CALB L148N58A) Comprehensive Characterization and Real-World Driving Cycles/CALB L148N58A testing campaign/Processed Data/Temperature_40C/DV_US06/59627.mat,59627.mat,.mat,2091006,2.0 MB,2072593
A Dataset for Large Prismatic Lithium-Ion Battery Cells (CALB L148N58A) Comprehensive Characterization and Real-World Driving Cycles/CALB L148N58A testing campaign/Processed Data/Temperature_40C/DV_US06/60129.mat,60129.mat,.mat,2128693,2.0 MB,2110833
A Dataset for Large Prismatic Lithium-Ion Battery Cells (CALB L148N58A) Comprehensive Characterization and Real-World Driving Cycles/CALB L148N58A testing campaign/Processed Data/Temperature_40C/DV_US06/59690.mat,59690.mat,.mat,2132010,2.0 MB,2117152
A Dataset for Large Prismatic Lithium-Ion Battery Cells (CALB L148N58A) Comprehensive Characterization and Real-World Driving Cycles/CALB L148N58A testing campaign/Processed Data/Temperature_40C/DV_US06/60403.mat,60403.mat,.mat,2073282,2.0 MB,2055824
A Dataset for Large Prismatic Lithium-Ion Battery Cells (CALB L148N58A) Comprehensive Characterization and Real-World Driving Cycles/CALB L148N58A testing campaign/Processed Data/Temperature_40C/DV_US06/60644.mat,60644.mat,.mat,2144809,2.0 MB,2129465
A Dataset for Large Prismatic Lithium-Ion Battery Cells (CALB L148N58A) Comprehensive Characterization and Real-World Driving Cycles/CALB L148N58A testing campaign/Processed Data/Temperature_40C/DV_US06/59861.mat,59861.mat,.mat,2141020,2.0 MB,2125347
A Dataset for Large Prismatic Lithium-Ion Battery Cells (CALB L148N58A) Comprehensive Characterization and Real-World Driving Cycles/CALB L148N58A testing campaign/Processed Data/Temperature_40C/DV_US06/60710.mat,60710.mat,.mat,2094103,2.0 MB,2075735
A Dataset for Large Prismatic Lithium-Ion Battery Cells (CALB L148N58A) Comprehensive Characterization and Real-World Driving Cycles/CALB L148N58A testing campaign/Processed Data/Temperature_40C/DV_US06/60031.mat,60031.mat,.mat,2113102,2.0 MB,2094604
A Dataset for Large Prismatic Lithium-Ion Battery Cells (CALB L148N58A) Comprehensive Characterization and Real-World Driving Cycles/CALB L148N58A testing campaign/Processed Data/Temperature_40C/DV_WLTP/59294.mat,59294.mat,.mat,3801689,3.6 MB,3768863
A Dataset for Large Prismatic Lithium-Ion Battery Cells (CALB L148N58A) Comprehensive Characterization and Real-World Driving Cycles/CALB L148N58A testing campaign/Processed Data/Temperature_40C/DV_WLTP/59485.mat,59485.mat,.mat,3803396,3.6 MB,3770520
A Dataset for Large Prismatic Lithium-Ion Battery Cells (CALB L148N58A) Comprehensive Characterization and Real-World Driving Cycles/CALB L148N58A testing campaign/Processed Data/Temperature_40C/DV_WLTP/desktop.ini,desktop.ini,.ini,244,244 B,144
A Dataset for Large Prismatic Lithium-Ion Battery Cells (CALB L148N58A) Comprehensive Characterization and Real-World Driving Cycles/CALB L148N58A testing campaign/Processed Data/Temperature_40C/DV_WLTP/60195.mat,60195.mat,.mat,3797906,3.6 MB,3763896
A Dataset for Large Prismatic Lithium-Ion Battery Cells (CALB L148N58A) Comprehensive Characterization and Real-World Driving Cycles/CALB L148N58A testing campaign/Processed Data/Temperature_40C/DV_WLTP/60403.mat,60403.mat,.mat,3772769,3.6 MB,3733363
A Dataset for Large Prismatic Lithium-Ion Battery Cells (CALB L148N58A) Comprehensive Characterization and Real-World Driving Cycles/CALB L148N58A testing campaign/Processed Data/Temperature_40C/DV_WLTP/60031.mat,60031.mat,.mat,3759062,3.6 MB,3717847
A Dataset for Large Prismatic Lithium-Ion Battery Cells (CALB L148N58A) Comprehensive Characterization and Real-World Driving Cycles/CALB L148N58A testing campaign/Processed Data/Temperature_40C/DV_WLTP/60644.mat,60644.mat,.mat,3794664,3.6 MB,3761033
A Dataset for Large Prismatic Lithium-Ion Battery Cells (CALB L148N58A) Comprehensive Characterization and Real-World Driving Cycles/CALB L148N58A testing campaign/Processed Data/Temperature_40C/DV_WLTP/59627.mat,59627.mat,.mat,3745317,3.6 MB,3703634
A Dataset for Large Prismatic Lithium-Ion Battery Cells (CALB L148N58A) Comprehensive Characterization and Real-World Driving Cycles/CALB L148N58A testing campaign/Processed Data/Temperature_40C/DV_WLTP/59690.mat,59690.mat,.mat,3808672,3.6 MB,3774856
A Dataset for Large Prismatic Lithium-Ion Battery Cells (CALB L148N58A) Comprehensive Characterization and Real-World Driving Cycles/CALB L148N58A testing campaign/Processed Data/Temperature_40C/DV_WLTP/60129.mat,60129.mat,.mat,3745216,3.6 MB,3704130
A Dataset for Large Prismatic Lithium-Ion Battery Cells (CALB L148N58A) Comprehensive Characterization and Real-World Driving Cycles/CALB L148N58A testing campaign/Processed Data/Temperature_40C/DV_WLTP/59861.mat,59861.mat,.mat,3797950,3.6 MB,3764538
A Dataset for Large Prismatic Lithium-Ion Battery Cells (CALB L148N58A) Comprehensive Characterization and Real-World Driving Cycles/CALB L148N58A testing campaign/Processed Data/Temperature_40C/DV_WLTP/60710.mat,60710.mat,.mat,3750220,3.6 MB,3707840
A Dataset for Large Prismatic Lithium-Ion Battery Cells (CALB L148N58A) Comprehensive Characterization and Real-World Driving Cycles/CALB L148N58A testing campaign/Processed Data/Temperature_40C/EIS_test/59294.mat,59294.mat,.mat,4237,4.1 KB,4236
A Dataset for Large Prismatic Lithium-Ion Battery Cells (CALB L148N58A) Comprehensive Characterization and Real-World Driving Cycles/CALB L148N58A testing campaign/Processed Data/Temperature_40C/EIS_test/59485.mat,59485.mat,.mat,4240,4.1 KB,4239
A Dataset for Large Prismatic Lithium-Ion Battery Cells (CALB L148N58A) Comprehensive Characterization and Real-World Driving Cycles/CALB L148N58A testing campaign/Processed Data/Temperature_40C/EIS_test/60195.mat,60195.mat,.mat,4252,4.2 KB,4250
A Dataset for Large Prismatic Lithium-Ion Battery Cells (CALB L148N58A) Comprehensive Characterization and Real-World Driving Cycles/CALB L148N58A testing campaign/Processed Data/Temperature_40C/EIS_test/60031.mat,60031.mat,.mat,4235,4.1 KB,4233
A Dataset for Large Prismatic Lithium-Ion Battery Cells (CALB L148N58A) Comprehensive Characterization and Real-World Driving Cycles/CALB L148N58A testing campaign/Processed Data/Temperature_40C/EIS_test/59690.mat,59690.mat,.mat,4259,4.2 KB,4258
A Dataset for Large Prismatic Lithium-Ion Battery Cells (CALB L148N58A) Comprehensive Characterization and Real-World Driving Cycles/CALB L148N58A testing campaign/Processed Data/Temperature_40C/EIS_test/59627.mat,59627.mat,.mat,4272,4.2 KB,4270
A Dataset for Large Prismatic Lithium-Ion Battery Cells (CALB L148N58A) Comprehensive Characterization and Real-World Driving Cycles/CALB L148N58A testing campaign/Processed Data/Temperature_40C/EIS_test/60129.mat,60129.mat,.mat,4247,4.1 KB,4240
A Dataset for Large Prismatic Lithium-Ion Battery Cells (CALB L148N58A) Comprehensive Characterization and Real-World Driving Cycles/CALB L148N58A testing campaign/Processed Data/Temperature_40C/EIS_test/60403.mat,60403.mat,.mat,4251,4.2 KB,4253
A Dataset for Large Prismatic Lithium-Ion Battery Cells (CALB L148N58A) Comprehensive Characterization and Real-World Driving Cycles/CALB L148N58A testing campaign/Processed Data/Temperature_40C/EIS_test/59861.mat,59861.mat,.mat,4269,4.2 KB,4267
A Dataset for Large Prismatic Lithium-Ion Battery Cells (CALB L148N58A) Comprehensive Characterization and Real-World Driving Cycles/CALB L148N58A testing campaign/Processed Data/Temperature_40C/EIS_test/60644.mat,60644.mat,.mat,4260,4.2 KB,4261
A Dataset for Large Prismatic Lithium-Ion Battery Cells (CALB L148N58A) Comprehensive Characterization and Real-World Driving Cycles/CALB L148N58A testing campaign/Processed Data/Temperature_40C/EIS_test/60710.mat,60710.mat,.mat,4244,4.1 KB,4239
A Dataset for Large Prismatic Lithium-Ion Battery Cells (CALB L148N58A) Comprehensive Characterization and Real-World Driving Cycles/CALB L148N58A testing campaign/Processed Data/Temperature_40C/EIS_test/desktop.ini,desktop.ini,.ini,244,244 B,144
A Dataset for Large Prismatic Lithium-Ion Battery Cells (CALB L148N58A) Comprehensive Characterization and Real-World Driving Cycles/CALB L148N58A testing campaign/Processed Data/Temperature_40C/HPPC_1C/59294.mat,59294.mat,.mat,1607765,1.5 MB,1579769
A Dataset for Large Prismatic Lithium-Ion Battery Cells (CALB L148N58A) Comprehensive Characterization and Real-World Driving Cycles/CALB L148N58A testing campaign/Processed Data/Temperature_40C/HPPC_1C/59485.mat,59485.mat,.mat,1635225,1.6 MB,1606683
A Dataset for Large Prismatic Lithium-Ion Battery Cells (CALB L148N58A) Comprehensive Characterization and Real-World Driving Cycles/CALB L148N58A testing campaign/Processed Data/Temperature_40C/HPPC_1C/desktop.ini,desktop.ini,.ini,244,244 B,144
A Dataset for Large Prismatic Lithium-Ion Battery Cells (CALB L148N58A) Comprehensive Characterization and Real-World Driving Cycles/CALB L148N58A testing campaign/Processed Data/Temperature_40C/HPPC_1C/59690.mat,59690.mat,.mat,1627720,1.6 MB,1599917
A Dataset for Large Prismatic Lithium-Ion Battery Cells (CALB L148N58A) Comprehensive Characterization and Real-World Driving Cycles/CALB L148N58A testing campaign/Processed Data/Temperature_40C/HPPC_1C/60129.mat,60129.mat,.mat,1576545,1.5 MB,1545918
A Dataset for Large Prismatic Lithium-Ion Battery Cells (CALB L148N58A) Comprehensive Characterization and Real-World Driving Cycles/CALB L148N58A testing campaign/Processed Data/Temperature_40C/HPPC_1C/59861.mat,59861.mat,.mat,1613261,1.5 MB,1585055
A Dataset for Large Prismatic Lithium-Ion Battery Cells (CALB L148N58A) Comprehensive Characterization and Real-World Driving Cycles/CALB L148N58A testing campaign/Processed Data/Temperature_40C/HPPC_1C/59627.mat,59627.mat,.mat,1577351,1.5 MB,1545360
A Dataset for Large Prismatic Lithium-Ion Battery Cells (CALB L148N58A) Comprehensive Characterization and Real-World Driving Cycles/CALB L148N58A testing campaign/Processed Data/Temperature_40C/HPPC_1C/60195.mat,60195.mat,.mat,1615709,1.5 MB,1587649
A Dataset for Large Prismatic Lithium-Ion Battery Cells (CALB L148N58A) Comprehensive Characterization and Real-World Driving Cycles/CALB L148N58A testing campaign/Processed Data/Temperature_40C/HPPC_1C/60710.mat,60710.mat,.mat,1574191,1.5 MB,1542690
A Dataset for Large Prismatic Lithium-Ion Battery Cells (CALB L148N58A) Comprehensive Characterization and Real-World Driving Cycles/CALB L148N58A testing campaign/Processed Data/Temperature_40C/HPPC_1C/60403.mat,60403.mat,.mat,1594536,1.5 MB,1564586
A Dataset for Large Prismatic Lithium-Ion Battery Cells (CALB L148N58A) Comprehensive Characterization and Real-World Driving Cycles/CALB L148N58A testing campaign/Processed Data/Temperature_40C/HPPC_1C/60644.mat,60644.mat,.mat,1607423,1.5 MB,1579498
A Dataset for Large Prismatic Lithium-Ion Battery Cells (CALB L148N58A) Comprehensive Characterization and Real-World Driving Cycles/CALB L148N58A testing campaign/Processed Data/Temperature_40C/HPPC_1C/60031.mat,60031.mat,.mat,1577623,1.5 MB,1544287
A Dataset for Large Prismatic Lithium-Ion Battery Cells (CALB L148N58A) Comprehensive Characterization and Real-World Driving Cycles/CALB L148N58A testing campaign/Processed Data/Temperature_40C/HPPC_C3/59294.mat,59294.mat,.mat,1706709,1.6 MB,1675251
A Dataset for Large Prismatic Lithium-Ion Battery Cells (CALB L148N58A) Comprehensive Characterization and Real-World Driving Cycles/CALB L148N58A testing campaign/Processed Data/Temperature_40C/HPPC_C3/59485.mat,59485.mat,.mat,1735870,1.7 MB,1704908
A Dataset for Large Prismatic Lithium-Ion Battery Cells (CALB L148N58A) Comprehensive Characterization and Real-World Driving Cycles/CALB L148N58A testing campaign/Processed Data/Temperature_40C/HPPC_C3/59627.mat,59627.mat,.mat,1667338,1.6 MB,1631978
A Dataset for Large Prismatic Lithium-Ion Battery Cells (CALB L148N58A) Comprehensive Characterization and Real-World Driving Cycles/CALB L148N58A testing campaign/Processed Data/Temperature_40C/HPPC_C3/59690.mat,59690.mat,.mat,1728452,1.6 MB,1697692
A Dataset for Large Prismatic Lithium-Ion Battery Cells (CALB L148N58A) Comprehensive Characterization and Real-World Driving Cycles/CALB L148N58A testing campaign/Processed Data/Temperature_40C/HPPC_C3/59861.mat,59861.mat,.mat,1705685,1.6 MB,1674431
A Dataset for Large Prismatic Lithium-Ion Battery Cells (CALB L148N58A) Comprehensive Characterization and Real-World Driving Cycles/CALB L148N58A testing campaign/Processed Data/Temperature_40C/HPPC_C3/desktop.ini,desktop.ini,.ini,244,244 B,144
A Dataset for Large Prismatic Lithium-Ion Battery Cells (CALB L148N58A) Comprehensive Characterization and Real-World Driving Cycles/CALB L148N58A testing campaign/Processed Data/Temperature_40C/HPPC_C3/60031.mat,60031.mat,.mat,1672157,1.6 MB,1635610
A Dataset for Large Prismatic Lithium-Ion Battery Cells (CALB L148N58A) Comprehensive Characterization and Real-World Driving Cycles/CALB L148N58A testing campaign/Processed Data/Temperature_40C/HPPC_C3/60129.mat,60129.mat,.mat,1669403,1.6 MB,1635407
A Dataset for Large Prismatic Lithium-Ion Battery Cells (CALB L148N58A) Comprehensive Characterization and Real-World Driving Cycles/CALB L148N58A testing campaign/Processed Data/Temperature_40C/HPPC_C3/60403.mat,60403.mat,.mat,1684440,1.6 MB,1650927
A Dataset for Large Prismatic Lithium-Ion Battery Cells (CALB L148N58A) Comprehensive Characterization and Real-World Driving Cycles/CALB L148N58A testing campaign/Processed Data/Temperature_40C/HPPC_C3/60195.mat,60195.mat,.mat,1709641,1.6 MB,1678654
A Dataset for Large Prismatic Lithium-Ion Battery Cells (CALB L148N58A) Comprehensive Characterization and Real-World Driving Cycles/CALB L148N58A testing campaign/Processed Data/Temperature_40C/HPPC_C3/60644.mat,60644.mat,.mat,1698874,1.6 MB,1667743
A Dataset for Large Prismatic Lithium-Ion Battery Cells (CALB L148N58A) Comprehensive Characterization and Real-World Driving Cycles/CALB L148N58A testing campaign/Processed Data/Temperature_40C/HPPC_C3/60710.mat,60710.mat,.mat,1661291,1.6 MB,1625285
A Dataset for Large Prismatic Lithium-Ion Battery Cells (CALB L148N58A) Comprehensive Characterization and Real-World Driving Cycles/CALB L148N58A testing campaign/Raw Data/Temperature_10C/59294/C20_HPPC_cycles/L148N58A_59294_CH3_HPPC_T10_Channel_3_Wb_2.xlsx,L148N58A_59294_CH3_HPPC_T10_Channel_3_Wb_2.xlsx,.xlsx,4226582,4.0 MB,3978891
A Dataset for Large Prismatic Lithium-Ion Battery Cells (CALB L148N58A) Comprehensive Characterization and Real-World Driving Cycles/CALB L148N58A testing campaign/Raw Data/Temperature_10C/59294/C20_HPPC_cycles/L148N58A_59294_CH3_C20_T10_Channel_3_Wb_1.xlsx,L148N58A_59294_CH3_C20_T10_Channel_3_Wb_1.xlsx,.xlsx,28507212,27.2 MB,27608864
A Dataset for Large Prismatic Lithium-Ion Battery Cells (CALB L148N58A) Comprehensive Characterization and Real-World Driving Cycles/CALB L148N58A testing campaign/Raw Data/Temperature_10C/59294/C20_HPPC_cycles/L148N58A_59294_CH3_HPPC_T10_Channel_3_Wb_1.xlsx,L148N58A_59294_CH3_HPPC_T10_Channel_3_Wb_1.xlsx,.xlsx,52044980,49.6 MB,48930038
A Dataset for Large Prismatic Lithium-Ion Battery Cells (CALB L148N58A) Comprehensive Characterization and Real-World Driving Cycles/CALB L148N58A testing campaign/Raw Data/Temperature_10C/59294/Driving_cycles/L148N58A_59294_CH3_DrivingCycle_T10_Channel_3_Wb_2.xlsx,L148N58A_59294_CH3_DrivingCycle_T10_Channel_3_Wb_2.xlsx,.xlsx,42799695,40.8 MB,41853345
A Dataset for Large Prismatic Lithium-Ion Battery Cells (CALB L148N58A) Comprehensive Characterization and Real-World Driving Cycles/CALB L148N58A testing campaign/Raw Data/Temperature_10C/59294/Driving_cycles/L148N58A_59294_CH3_DrivingCycle_T10_Channel_3_Wb_1.xlsx,L148N58A_59294_CH3_DrivingCycle_T10_Channel_3_Wb_1.xlsx,.xlsx,62999058,60.1 MB,61496803
A Dataset for Large Prismatic Lithium-Ion Battery Cells (CALB L148N58A) Comprehensive Characterization and Real-World Driving Cycles/CALB L148N58A testing campaign/Raw Data/Temperature_10C/59294/EIS_tests/L148N58A_59294_CH3_EIS_T10_Channel_3_Wb_1.xlsx,L148N58A_59294_CH3_EIS_T10_Channel_3_Wb_1.xlsx,.xlsx,8204569,7.8 MB,8029001
A Dataset for Large Prismatic Lithium-Ion Battery Cells (CALB L148N58A) Comprehensive Characterization and Real-World Driving Cycles/CALB L148N58A testing campaign/Raw Data/Temperature_10C/59485/EIS_tests/L148N58A_59485_CH1_EIS_T10_Channel_1_Wb_1.xlsx,L148N58A_59485_CH1_EIS_T10_Channel_1_Wb_1.xlsx,.xlsx,8121534,7.7 MB,7954352
A Dataset for Large Prismatic Lithium-Ion Battery Cells (CALB L148N58A) Comprehensive Characterization and Real-World Driving Cycles/CALB L148N58A testing campaign/Raw Data/Temperature_10C/59485/C20_HPPC_cycles/L148N58A_59485_CH1_HPPC_T10_Channel_1_Wb_2.xlsx,L148N58A_59485_CH1_HPPC_T10_Channel_1_Wb_2.xlsx,.xlsx,4222992,4.0 MB,3980573
A Dataset for Large Prismatic Lithium-Ion Battery Cells (CALB L148N58A) Comprehensive Characterization and Real-World Driving Cycles/CALB L148N58A testing campaign/Raw Data/Temperature_10C/59485/C20_HPPC_cycles/L148N58A_59485_CH1_C20_T10_Channel_1_Wb_1.xlsx,L148N58A_59485_CH1_C20_T10_Channel_1_Wb_1.xlsx,.xlsx,28582731,27.3 MB,27728499
A Dataset for Large Prismatic Lithium-Ion Battery Cells (CALB L148N58A) Comprehensive Characterization and Real-World Driving Cycles/CALB L148N58A testing campaign/Raw Data/Temperature_10C/59485/C20_HPPC_cycles/L148N58A_59485_CH1_HPPC_T10_Channel_1_Wb_1.xlsx,L148N58A_59485_CH1_HPPC_T10_Channel_1_Wb_1.xlsx,.xlsx,52161205,49.7 MB,49046747
A Dataset for Large Prismatic Lithium-Ion Battery Cells (CALB L148N58A) Comprehensive Characterization and Real-World Driving Cycles/CALB L148N58A testing campaign/Raw Data/Temperature_10C/59485/Driving_cycles/L148N58A_59485_CH1_DrivingCycle_T10_Channel_1_Wb_2.xlsx,L148N58A_59485_CH1_DrivingCycle_T10_Channel_1_Wb_2.xlsx,.xlsx,42730432,40.8 MB,41786168
A Dataset for Large Prismatic Lithium-Ion Battery Cells (CALB L148N58A) Comprehensive Characterization and Real-World Driving Cycles/CALB L148N58A testing campaign/Raw Data/Temperature_10C/59485/Driving_cycles/L148N58A_59485_CH1_DrivingCycle_T10_Channel_1_Wb_1.xlsx,L148N58A_59485_CH1_DrivingCycle_T10_Channel_1_Wb_1.xlsx,.xlsx,62913151,60.0 MB,61382903
A Dataset for Large Prismatic Lithium-Ion Battery Cells (CALB L148N58A) Comprehensive Characterization and Real-World Driving Cycles/CALB L148N58A testing campaign/Raw Data/Temperature_10C/59627/Driving_cycles/L148N58A_59627_CH3_DrivingCycle_T10_Channel_3_Wb_2.xlsx,L148N58A_59627_CH3_DrivingCycle_T10_Channel_3_Wb_2.xlsx,.xlsx,42623378,40.6 MB,41675363
A Dataset for Large Prismatic Lithium-Ion Battery Cells (CALB L148N58A) Comprehensive Characterization and Real-World Driving Cycles/CALB L148N58A testing campaign/Raw Data/Temperature_10C/59627/Driving_cycles/L148N58A_59627_CH3_DrivingCycle_T10_Channel_3_Wb_1.xlsx,L148N58A_59627_CH3_DrivingCycle_T10_Channel_3_Wb_1.xlsx,.xlsx,62638805,59.7 MB,61177044
A Dataset for Large Prismatic Lithium-Ion Battery Cells (CALB L148N58A) Comprehensive Characterization and Real-World Driving Cycles/CALB L148N58A testing campaign/Raw Data/Temperature_10C/59627/EIS_tests/L148N58A_59627_CH3_EIS_T10_Channel_3_Wb_1.xlsx,L148N58A_59627_CH3_EIS_T10_Channel_3_Wb_1.xlsx,.xlsx,8061030,7.7 MB,7874066
A Dataset for Large Prismatic Lithium-Ion Battery Cells (CALB L148N58A) Comprehensive Characterization and Real-World Driving Cycles/CALB L148N58A testing campaign/Raw Data/Temperature_10C/59627/C20_HPPC_cycles/L148N58A_59627_CH3_C20_HPPC_1C_C3_T10_Channel_3_Wb_2.xlsx,L148N58A_59627_CH3_C20_HPPC_1C_C3_T10_Channel_3_Wb_2.xlsx,.xlsx,33948018,32.4 MB,32538559
A Dataset for Large Prismatic Lithium-Ion Battery Cells (CALB L148N58A) Comprehensive Characterization and Real-World Driving Cycles/CALB L148N58A testing campaign/Raw Data/Temperature_10C/59627/C20_HPPC_cycles/L148N58A_59627_CH3_C20_HPPC_1C_C3_T10_Channel_3_Wb_1.xlsx,L148N58A_59627_CH3_C20_HPPC_1C_C3_T10_Channel_3_Wb_1.xlsx,.xlsx,62304483,59.4 MB,60490361
A Dataset for Large Prismatic Lithium-Ion Battery Cells (CALB L148N58A) Comprehensive Characterization and Real-World Driving Cycles/CALB L148N58A testing campaign/Raw Data/Temperature_10C/59690/EIS_tests/L148N58A_59690_CH2_EIS_T10_Channel_2_Wb_1.xlsx,L148N58A_59690_CH2_EIS_T10_Channel_2_Wb_1.xlsx,.xlsx,8173579,7.8 MB,7996425
A Dataset for Large Prismatic Lithium-Ion Battery Cells (CALB L148N58A) Comprehensive Characterization and Real-World Driving Cycles/CALB L148N58A testing campaign/Raw Data/Temperature_10C/59690/Driving_cycles/L148N58A_59690_CH2_DrivingCycle_T10_Channel_2_Wb_2.xlsx,L148N58A_59690_CH2_DrivingCycle_T10_Channel_2_Wb_2.xlsx,.xlsx,42765480,40.8 MB,41811825
A Dataset for Large Prismatic Lithium-Ion Battery Cells (CALB L148N58A) Comprehensive Characterization and Real-World Driving Cycles/CALB L148N58A testing campaign/Raw Data/Temperature_10C/59690/Driving_cycles/L148N58A_59690_CH2_DrivingCycle_T10_Channel_2_Wb_1.xlsx,L148N58A_59690_CH2_DrivingCycle_T10_Channel_2_Wb_1.xlsx,.xlsx,62968730,60.1 MB,61426212
A Dataset for Large Prismatic Lithium-Ion Battery Cells (CALB L148N58A) Comprehensive Characterization and Real-World Driving Cycles/CALB L148N58A testing campaign/Raw Data/Temperature_10C/59690/C20_HPPC_cycles/L148N58A_59690_CH2_HPPC_T10_Channel_2_Wb_2.xlsx,L148N58A_59690_CH2_HPPC_T10_Channel_2_Wb_2.xlsx,.xlsx,4210232,4.0 MB,3967864
A Dataset for Large Prismatic Lithium-Ion Battery Cells (CALB L148N58A) Comprehensive Characterization and Real-World Driving Cycles/CALB L148N58A testing campaign/Raw Data/Temperature_10C/59690/C20_HPPC_cycles/L148N58A_59690_CH2_C20_T10_Channel_2_Wb_1.xlsx,L148N58A_59690_CH2_C20_T10_Channel_2_Wb_1.xlsx,.xlsx,28540235,27.2 MB,27702543
A Dataset for Large Prismatic Lithium-Ion Battery Cells (CALB L148N58A) Comprehensive Characterization and Real-World Driving Cycles/CALB L148N58A testing campaign/Raw Data/Temperature_10C/59690/C20_HPPC_cycles/L148N58A_59690_CH2_HPPC_T10_Channel_2_Wb_1.xlsx,L148N58A_59690_CH2_HPPC_T10_Channel_2_Wb_1.xlsx,.xlsx,52090343,49.7 MB,49015928
A Dataset for Large Prismatic Lithium-Ion Battery Cells (CALB L148N58A) Comprehensive Characterization and Real-World Driving Cycles/CALB L148N58A testing campaign/Raw Data/Temperature_10C/59861/EIS_tests/L148N58A_59861_CH4_EIS_T10_Channel_4_Wb_1.xlsx,L148N58A_59861_CH4_EIS_T10_Channel_4_Wb_1.xlsx,.xlsx,8150408,7.8 MB,7973124
A Dataset for Large Prismatic Lithium-Ion Battery Cells (CALB L148N58A) Comprehensive Characterization and Real-World Driving Cycles/CALB L148N58A testing campaign/Raw Data/Temperature_10C/59861/Driving_cycles/L148N58A_59861_CH4_DrivingCycle_T10_Channel_4_Wb_1.xlsx,L148N58A_59861_CH4_DrivingCycle_T10_Channel_4_Wb_1.xlsx,.xlsx,62978181,60.1 MB,61473576
A Dataset for Large Prismatic Lithium-Ion Battery Cells (CALB L148N58A) Comprehensive Characterization and Real-World Driving Cycles/CALB L148N58A testing campaign/Raw Data/Temperature_10C/59861/Driving_cycles/L148N58A_59861_CH4_DrivingCycle_T10_Channel_4_Wb_2.xlsx,L148N58A_59861_CH4_DrivingCycle_T10_Channel_4_Wb_2.xlsx,.xlsx,42740021,40.8 MB,41796826
A Dataset for Large Prismatic Lithium-Ion Battery Cells (CALB L148N58A) Comprehensive Characterization and Real-World Driving Cycles/CALB L148N58A testing campaign/Raw Data/Temperature_10C/59861/C20_HPPC_cycles/L148N58A_59861_CH4_HPPC_T10_Channel_4_Wb_2.xlsx,L148N58A_59861_CH4_HPPC_T10_Channel_4_Wb_2.xlsx,.xlsx,4255245,4.1 MB,4015895
A Dataset for Large Prismatic Lithium-Ion Battery Cells (CALB L148N58A) Comprehensive Characterization and Real-World Driving Cycles/CALB L148N58A testing campaign/Raw Data/Temperature_10C/59861/C20_HPPC_cycles/L148N58A_59861_CH4_C20_T10_Channel_4_Wb_1.xlsx,L148N58A_59861_CH4_C20_T10_Channel_4_Wb_1.xlsx,.xlsx,28656066,27.3 MB,27813768
A Dataset for Large Prismatic Lithium-Ion Battery Cells (CALB L148N58A) Comprehensive Characterization and Real-World Driving Cycles/CALB L148N58A testing campaign/Raw Data/Temperature_10C/59861/C20_HPPC_cycles/L148N58A_59861_CH4_HPPC_T10_Channel_4_Wb_1.xlsx,L148N58A_59861_CH4_HPPC_T10_Channel_4_Wb_1.xlsx,.xlsx,52091271,49.7 MB,49013130
A Dataset for Large Prismatic Lithium-Ion Battery Cells (CALB L148N58A) Comprehensive Characterization and Real-World Driving Cycles/CALB L148N58A testing campaign/Raw Data/Temperature_10C/60031/EIS_tests/L148N58A_60031_CH2_EIS_T10_Channel_2_Wb_1.xlsx,L148N58A_60031_CH2_EIS_T10_Channel_2_Wb_1.xlsx,.xlsx,8080513,7.7 MB,7892111
A Dataset for Large Prismatic Lithium-Ion Battery Cells (CALB L148N58A) Comprehensive Characterization and Real-World Driving Cycles/CALB L148N58A testing campaign/Raw Data/Temperature_10C/60031/C20_HPPC_cycles/L148N58A_60031_CH2_C20_HPPC_1C_C3_T10_Channel_2_Wb_2.xlsx,L148N58A_60031_CH2_C20_HPPC_1C_C3_T10_Channel_2_Wb_2.xlsx,.xlsx,34476510,32.9 MB,33127658
A Dataset for Large Prismatic Lithium-Ion Battery Cells (CALB L148N58A) Comprehensive Characterization and Real-World Driving Cycles/CALB L148N58A testing campaign/Raw Data/Temperature_10C/60031/C20_HPPC_cycles/L148N58A_60031_CH2_C20_HPPC_1C_C3_T10_Channel_2_Wb_1.xlsx,L148N58A_60031_CH2_C20_HPPC_1C_C3_T10_Channel_2_Wb_1.xlsx,.xlsx,62559570,59.7 MB,60775702
A Dataset for Large Prismatic Lithium-Ion Battery Cells (CALB L148N58A) Comprehensive Characterization and Real-World Driving Cycles/CALB L148N58A testing campaign/Raw Data/Temperature_10C/60031/Driving_cycles/L148N58A_60031_CH2_DrivingCycle_T10_Channel_2_Wb_2.xlsx,L148N58A_60031_CH2_DrivingCycle_T10_Channel_2_Wb_2.xlsx,.xlsx,42752587,40.8 MB,41771885
A Dataset for Large Prismatic Lithium-Ion Battery Cells (CALB L148N58A) Comprehensive Characterization and Real-World Driving Cycles/CALB L148N58A testing campaign/Raw Data/Temperature_10C/60031/Driving_cycles/L148N58A_60031_CH2_DrivingCycle_T10_Channel_2_Wb_1.xlsx,L148N58A_60031_CH2_DrivingCycle_T10_Channel_2_Wb_1.xlsx,.xlsx,62730178,59.8 MB,61244214
A Dataset for Large Prismatic Lithium-Ion Battery Cells (CALB L148N58A) Comprehensive Characterization and Real-World Driving Cycles/CALB L148N58A testing campaign/Raw Data/Temperature_10C/60129/C20_HPPC_cycles/L148N58A_60129_CH5_C20_HPPC_1C_C3_T10_Channel_5_Wb_2.xlsx,L148N58A_60129_CH5_C20_HPPC_1C_C3_T10_Channel_5_Wb_2.xlsx,.xlsx,34838494,33.2 MB,33488728
A Dataset for Large Prismatic Lithium-Ion Battery Cells (CALB L148N58A) Comprehensive Characterization and Real-World Driving Cycles/CALB L148N58A testing campaign/Raw Data/Temperature_10C/60129/C20_HPPC_cycles/L148N58A_60129_CH5_C20_HPPC_1C_C3_T10_Channel_5_Wb_1.xlsx,L148N58A_60129_CH5_C20_HPPC_1C_C3_T10_Channel_5_Wb_1.xlsx,.xlsx,62653690,59.8 MB,60928684
A Dataset for Large Prismatic Lithium-Ion Battery Cells (CALB L148N58A) Comprehensive Characterization and Real-World Driving Cycles/CALB L148N58A testing campaign/Raw Data/Temperature_10C/60129/Driving_cycles/L148N58A_60129_CH5_DrivingCycle_T10_Channel_5_Wb_2.xlsx,L148N58A_60129_CH5_DrivingCycle_T10_Channel_5_Wb_2.xlsx,.xlsx,42631096,40.7 MB,41657434
A Dataset for Large Prismatic Lithium-Ion Battery Cells (CALB L148N58A) Comprehensive Characterization and Real-World Driving Cycles/CALB L148N58A testing campaign/Raw Data/Temperature_10C/60129/Driving_cycles/L148N58A_60129_CH5_DrivingCycle_T10_Channel_5_Wb_1.xlsx,L148N58A_60129_CH5_DrivingCycle_T10_Channel_5_Wb_1.xlsx,.xlsx,62638375,59.7 MB,61119898
A Dataset for Large Prismatic Lithium-Ion Battery Cells (CALB L148N58A) Comprehensive Characterization and Real-World Driving Cycles/CALB L148N58A testing campaign/Raw Data/Temperature_10C/60129/EIS_tests/L148N58A_60129_CH5_EIS_T10_Channel_5_Wb_1.xlsx,L148N58A_60129_CH5_EIS_T10_Channel_5_Wb_1.xlsx,.xlsx,8045260,7.7 MB,7860690
A Dataset for Large Prismatic Lithium-Ion Battery Cells (CALB L148N58A) Comprehensive Characterization and Real-World Driving Cycles/CALB L148N58A testing campaign/Raw Data/Temperature_10C/60195/C20_HPPC_cycles/L148N58A_60195_CH5_HPPC_T10_Channel_5_Wb_2.xlsx,L148N58A_60195_CH5_HPPC_T10_Channel_5_Wb_2.xlsx,.xlsx,4290474,4.1 MB,4042045
A Dataset for Large Prismatic Lithium-Ion Battery Cells (CALB L148N58A) Comprehensive Characterization and Real-World Driving Cycles/CALB L148N58A testing campaign/Raw Data/Temperature_10C/60195/C20_HPPC_cycles/L148N58A_60195_CH5_C20_T10_Channel_5_Wb_1.xlsx,L148N58A_60195_CH5_C20_T10_Channel_5_Wb_1.xlsx,.xlsx,28840543,27.5 MB,27977063
A Dataset for Large Prismatic Lithium-Ion Battery Cells (CALB L148N58A) Comprehensive Characterization and Real-World Driving Cycles/CALB L148N58A testing campaign/Raw Data/Temperature_10C/60195/C20_HPPC_cycles/L148N58A_60195_CH5_HPPC_T10_Channel_5_Wb_1.xlsx,L148N58A_60195_CH5_HPPC_T10_Channel_5_Wb_1.xlsx,.xlsx,52052040,49.6 MB,48994956
A Dataset for Large Prismatic Lithium-Ion Battery Cells (CALB L148N58A) Comprehensive Characterization and Real-World Driving Cycles/CALB L148N58A testing campaign/Raw Data/Temperature_10C/60195/EIS_tests/L148N58A_60195_CH5_EIS_T10_Channel_5_Wb_1.xlsx,L148N58A_60195_CH5_EIS_T10_Channel_5_Wb_1.xlsx,.xlsx,8165192,7.8 MB,7971234
A Dataset for Large Prismatic Lithium-Ion Battery Cells (CALB L148N58A) Comprehensive Characterization and Real-World Driving Cycles/CALB L148N58A testing campaign/Raw Data/Temperature_10C/60195/Driving_cycles/L148N58A_60195_CH5_DrivingCycle_T10_Channel_5_Wb_2.xlsx,L148N58A_60195_CH5_DrivingCycle_T10_Channel_5_Wb_2.xlsx,.xlsx,42880234,40.9 MB,41931647
A Dataset for Large Prismatic Lithium-Ion Battery Cells (CALB L148N58A) Comprehensive Characterization and Real-World Driving Cycles/CALB L148N58A testing campaign/Raw Data/Temperature_10C/60195/Driving_cycles/L148N58A_60195_CH5_DrivingCycle_T10_Channel_5_Wb_1.xlsx,L148N58A_60195_CH5_DrivingCycle_T10_Channel_5_Wb_1.xlsx,.xlsx,62903737,60.0 MB,61360981
A Dataset for Large Prismatic Lithium-Ion Battery Cells (CALB L148N58A) Comprehensive Characterization and Real-World Driving Cycles/CALB L148N58A testing campaign/Raw Data/Temperature_10C/60403/C20_HPPC_cycles/L148N58A_60403_CH1_C20_HPPC_1C_C3_T10_Channel_1_Wb_2.xlsx,L148N58A_60403_CH1_C20_HPPC_1C_C3_T10_Channel_1_Wb_2.xlsx,.xlsx,33187601,31.7 MB,31886069
A Dataset for Large Prismatic Lithium-Ion Battery Cells (CALB L148N58A) Comprehensive Characterization and Real-World Driving Cycles/CALB L148N58A testing campaign/Raw Data/Temperature_10C/60403/C20_HPPC_cycles/L148N58A_60403_CH1_C20_HPPC_1C_C3_T10_Channel_1_Wb_1.xlsx,L148N58A_60403_CH1_C20_HPPC_1C_C3_T10_Channel_1_Wb_1.xlsx,.xlsx,62545897,59.6 MB,60741277
A Dataset for Large Prismatic Lithium-Ion Battery Cells (CALB L148N58A) Comprehensive Characterization and Real-World Driving Cycles/CALB L148N58A testing campaign/Raw Data/Temperature_10C/60403/Driving_cycles/L148N58A_60403_CH1_DrivingCycle_T10_Channel_1_Wb_2.xlsx,L148N58A_60403_CH1_DrivingCycle_T10_Channel_1_Wb_2.xlsx,.xlsx,41549018,39.6 MB,40600830
A Dataset for Large Prismatic Lithium-Ion Battery Cells (CALB L148N58A) Comprehensive Characterization and Real-World Driving Cycles/CALB L148N58A testing campaign/Raw Data/Temperature_10C/60403/Driving_cycles/L148N58A_60403_CH1_DrivingCycle_T10_Channel_1_Wb_1.xlsx,L148N58A_60403_CH1_DrivingCycle_T10_Channel_1_Wb_1.xlsx,.xlsx,62755322,59.8 MB,61298561
A Dataset for Large Prismatic Lithium-Ion Battery Cells (CALB L148N58A) Comprehensive Characterization and Real-World Driving Cycles/CALB L148N58A testing campaign/Raw Data/Temperature_10C/60403/EIS_tests/L148N58A_60403_CH1_EIS_T10_Channel_1_Wb_1.xlsx,L148N58A_60403_CH1_EIS_T10_Channel_1_Wb_1.xlsx,.xlsx,7107663,6.8 MB,6943707
A Dataset for Large Prismatic Lithium-Ion Battery Cells (CALB L148N58A) Comprehensive Characterization and Real-World Driving Cycles/CALB L148N58A testing campaign/Raw Data/Temperature_10C/60644/Driving_cycles/L148N58A_60644_CH6_DrivingCycle_T10_Channel_6_Wb_2.xlsx,L148N58A_60644_CH6_DrivingCycle_T10_Channel_6_Wb_2.xlsx,.xlsx,41446720,39.5 MB,40495045
A Dataset for Large Prismatic Lithium-Ion Battery Cells (CALB L148N58A) Comprehensive Characterization and Real-World Driving Cycles/CALB L148N58A testing campaign/Raw Data/Temperature_10C/60644/Driving_cycles/L148N58A_60644_CH6_DrivingCycle_T10_Channel_6_Wb_1.xlsx,L148N58A_60644_CH6_DrivingCycle_T10_Channel_6_Wb_1.xlsx,.xlsx,62914962,60.0 MB,61407219
A Dataset for Large Prismatic Lithium-Ion Battery Cells (CALB L148N58A) Comprehensive Characterization and Real-World Driving Cycles/CALB L148N58A testing campaign/Raw Data/Temperature_10C/60644/C20_HPPC_cycles/L148N58A_60644_CH6_HPPC_T10_Channel_6_Wb_2.xlsx,L148N58A_60644_CH6_HPPC_T10_Channel_6_Wb_2.xlsx,.xlsx,3801792,3.6 MB,3577284
A Dataset for Large Prismatic Lithium-Ion Battery Cells (CALB L148N58A) Comprehensive Characterization and Real-World Driving Cycles/CALB L148N58A testing campaign/Raw Data/Temperature_10C/60644/C20_HPPC_cycles/L148N58A_60644_CH6_C20_T10_Channel_6_Wb_1.xlsx,L148N58A_60644_CH6_C20_T10_Channel_6_Wb_1.xlsx,.xlsx,27886583,26.6 MB,27097531
A Dataset for Large Prismatic Lithium-Ion Battery Cells (CALB L148N58A) Comprehensive Characterization and Real-World Driving Cycles/CALB L148N58A testing campaign/Raw Data/Temperature_10C/60644/C20_HPPC_cycles/L148N58A_60644_CH6_HPPC_T10_Channel_6_Wb_1.xlsx,L148N58A_60644_CH6_HPPC_T10_Channel_6_Wb_1.xlsx,.xlsx,51899592,49.5 MB,48763852
A Dataset for Large Prismatic Lithium-Ion Battery Cells (CALB L148N58A) Comprehensive Characterization and Real-World Driving Cycles/CALB L148N58A testing campaign/Raw Data/Temperature_10C/60644/EIS_tests/L148N58A_60644_CH6_EIS_T10_Channel_6_Wb_1.xlsx,L148N58A_60644_CH6_EIS_T10_Channel_6_Wb_1.xlsx,.xlsx,7090937,6.8 MB,6935325
A Dataset for Large Prismatic Lithium-Ion Battery Cells (CALB L148N58A) Comprehensive Characterization and Real-World Driving Cycles/CALB L148N58A testing campaign/Raw Data/Temperature_10C/60710/Driving_cycles/L148N58A_60710_CH4_DrivingCycle_T10_Channel_4_Wb_2.xlsx,L148N58A_60710_CH4_DrivingCycle_T10_Channel_4_Wb_2.xlsx,.xlsx,41630807,39.7 MB,40677823
A Dataset for Large Prismatic Lithium-Ion Battery Cells (CALB L148N58A) Comprehensive Characterization and Real-World Driving Cycles/CALB L148N58A testing campaign/Raw Data/Temperature_10C/60710/Driving_cycles/L148N58A_60710_CH4_DrivingCycle_T10_Channel_4_Wb_1.xlsx,L148N58A_60710_CH4_DrivingCycle_T10_Channel_4_Wb_1.xlsx,.xlsx,62694668,59.8 MB,61205883
A Dataset for Large Prismatic Lithium-Ion Battery Cells (CALB L148N58A) Comprehensive Characterization and Real-World Driving Cycles/CALB L148N58A testing campaign/Raw Data/Temperature_10C/60710/C20_HPPC_cycles/L148N58A_60710_CH4_C20_HPPC_1C_C3_T10_Channel_4_Wb_2.xlsx,L148N58A_60710_CH4_C20_HPPC_1C_C3_T10_Channel_4_Wb_2.xlsx,.xlsx,33608345,32.1 MB,32317650
A Dataset for Large Prismatic Lithium-Ion Battery Cells (CALB L148N58A) Comprehensive Characterization and Real-World Driving Cycles/CALB L148N58A testing campaign/Raw Data/Temperature_10C/60710/C20_HPPC_cycles/L148N58A_60710_CH4_C20_HPPC_1C_C3_T10_Channel_4_Wb_1.xlsx,L148N58A_60710_CH4_C20_HPPC_1C_C3_T10_Channel_4_Wb_1.xlsx,.xlsx,62353704,59.5 MB,60502133
A Dataset for Large Prismatic Lithium-Ion Battery Cells (CALB L148N58A) Comprehensive Characterization and Real-World Driving Cycles/CALB L148N58A testing campaign/Raw Data/Temperature_10C/60710/EIS_tests/L148N58A_60710_CH4_EIS_T10_Channel_4_Wb_1.xlsx,L148N58A_60710_CH4_EIS_T10_Channel_4_Wb_1.xlsx,.xlsx,7205473,6.9 MB,7048739
A Dataset for Large Prismatic Lithium-Ion Battery Cells (CALB L148N58A) Comprehensive Characterization and Real-World Driving Cycles/CALB L148N58A testing campaign/Raw Data/Temperature_25C/59294/EIS_tests/L148N58A_59294_CH3_EIS_T25_Channel_3_Wb_1.xlsx,L148N58A_59294_CH3_EIS_T25_Channel_3_Wb_1.xlsx,.xlsx,6091913,5.8 MB,5960064
A Dataset for Large Prismatic Lithium-Ion Battery Cells (CALB L148N58A) Comprehensive Characterization and Real-World Driving Cycles/CALB L148N58A testing campaign/Raw Data/Temperature_25C/59294/C20_HPPC_cycles/L148N58A_59294_CH3_HPPC_C3_T25_Channel_3_Wb_1.xlsx,L148N58A_59294_CH3_HPPC_C3_T25_Channel_3_Wb_1.xlsx,.xlsx,24688418,23.5 MB,23148452
A Dataset for Large Prismatic Lithium-Ion Battery Cells (CALB L148N58A) Comprehensive Characterization and Real-World Driving Cycles/CALB L148N58A testing campaign/Raw Data/Temperature_25C/59294/C20_HPPC_cycles/L148N58A_59294_CH3_HPPC_1C_T25_V2_Channel_3_Wb_1.xlsx,L148N58A_59294_CH3_HPPC_1C_T25_V2_Channel_3_Wb_1.xlsx,.xlsx,25429534,24.3 MB,23862624
A Dataset for Large Prismatic Lithium-Ion Battery Cells (CALB L148N58A) Comprehensive Characterization and Real-World Driving Cycles/CALB L148N58A testing campaign/Raw Data/Temperature_25C/59294/C20_HPPC_cycles/L148N58A_59294_CH3_C20_HPPC_1C_T25_Channel_3_Wb_1.xlsx,L148N58A_59294_CH3_C20_HPPC_1C_T25_Channel_3_Wb_1.xlsx,.xlsx,34613663,33.0 MB,33224981
A Dataset for Large Prismatic Lithium-Ion Battery Cells (CALB L148N58A) Comprehensive Characterization and Real-World Driving Cycles/CALB L148N58A testing campaign/Raw Data/Temperature_25C/59294/Driving_cycles/L148N58A_59294_CH3_DrivingCycle_T25_Channel_3_Wb_2.xlsx,L148N58A_59294_CH3_DrivingCycle_T25_Channel_3_Wb_2.xlsx,.xlsx,20936951,20.0 MB,20400337
A Dataset for Large Prismatic Lithium-Ion Battery Cells (CALB L148N58A) Comprehensive Characterization and Real-World Driving Cycles/CALB L148N58A testing campaign/Raw Data/Temperature_25C/59294/Driving_cycles/L148N58A_59294_CH3_DrivingCycle_T25_Channel_3_Wb_3.xlsx,L148N58A_59294_CH3_DrivingCycle_T25_Channel_3_Wb_3.xlsx,.xlsx,22176647,21.1 MB,21721363
A Dataset for Large Prismatic Lithium-Ion Battery Cells (CALB L148N58A) Comprehensive Characterization and Real-World Driving Cycles/CALB L148N58A testing campaign/Raw Data/Temperature_25C/59294/Driving_cycles/L148N58A_59294_CH3_DrivingCycle_T25_Channel_3_Wb_1.xlsx,L148N58A_59294_CH3_DrivingCycle_T25_Channel_3_Wb_1.xlsx,.xlsx,62680612,59.8 MB,61120889
A Dataset for Large Prismatic Lithium-Ion Battery Cells (CALB L148N58A) Comprehensive Characterization and Real-World Driving Cycles/CALB L148N58A testing campaign/Raw Data/Temperature_25C/59485/EIS_tests/L148N58A_59485_CH1_EIS_T25_Channel_1_Wb_1.xlsx,L148N58A_59485_CH1_EIS_T25_Channel_1_Wb_1.xlsx,.xlsx,6021190,5.7 MB,5897402
A Dataset for Large Prismatic Lithium-Ion Battery Cells (CALB L148N58A) Comprehensive Characterization and Real-World Driving Cycles/CALB L148N58A testing campaign/Raw Data/Temperature_25C/59485/C20_HPPC_cycles/L148N58A_59485_CH1_HPPC_1C_T25_V2_Channel_1_Wb_1.xlsx,L148N58A_59485_CH1_HPPC_1C_T25_V2_Channel_1_Wb_1.xlsx,.xlsx,25575895,24.4 MB,24013326
A Dataset for Large Prismatic Lithium-Ion Battery Cells (CALB L148N58A) Comprehensive Characterization and Real-World Driving Cycles/CALB L148N58A testing campaign/Raw Data/Temperature_25C/59485/C20_HPPC_cycles/L148N58A_59485_CH1_C20_HPPC_1C_T25_Channel_1_Wb_1.xlsx,L148N58A_59485_CH1_C20_HPPC_1C_T25_Channel_1_Wb_1.xlsx,.xlsx,34634220,33.0 MB,33196053
A Dataset for Large Prismatic Lithium-Ion Battery Cells (CALB L148N58A) Comprehensive Characterization and Real-World Driving Cycles/CALB L148N58A testing campaign/Raw Data/Temperature_25C/59485/C20_HPPC_cycles/L148N58A_59485_CH1_HPPC_C3_T25_Channel_1_Wb_1.xlsx,L148N58A_59485_CH1_HPPC_C3_T25_Channel_1_Wb_1.xlsx,.xlsx,26796706,25.6 MB,25156943
A Dataset for Large Prismatic Lithium-Ion Battery Cells (CALB L148N58A) Comprehensive Characterization and Real-World Driving Cycles/CALB L148N58A testing campaign/Raw Data/Temperature_25C/59485/Driving_cycles/L148N58A_59485_CH1_DrivingCycle_T25_Channel_1_Wb_2.xlsx,L148N58A_59485_CH1_DrivingCycle_T25_Channel_1_Wb_2.xlsx,.xlsx,20931352,20.0 MB,20413478
A Dataset for Large Prismatic Lithium-Ion Battery Cells (CALB L148N58A) Comprehensive Characterization and Real-World Driving Cycles/CALB L148N58A testing campaign/Raw Data/Temperature_25C/59485/Driving_cycles/L148N58A_59485_CH1_DrivingCycle_T25_Channel_1_Wb_3.xlsx,L148N58A_59485_CH1_DrivingCycle_T25_Channel_1_Wb_3.xlsx,.xlsx,22402560,21.4 MB,21932922
A Dataset for Large Prismatic Lithium-Ion Battery Cells (CALB L148N58A) Comprehensive Characterization and Real-World Driving Cycles/CALB L148N58A testing campaign/Raw Data/Temperature_25C/59485/Driving_cycles/L148N58A_59485_CH1_DrivingCycle_T25_Channel_1_Wb_1.xlsx,L148N58A_59485_CH1_DrivingCycle_T25_Channel_1_Wb_1.xlsx,.xlsx,62702169,59.8 MB,61173365
A Dataset for Large Prismatic Lithium-Ion Battery Cells (CALB L148N58A) Comprehensive Characterization and Real-World Driving Cycles/CALB L148N58A testing campaign/Raw Data/Temperature_25C/59627/EIS_tests/L148N58A_59627_CH3_EIS_T25_Channel_3_Wb_1.xlsx,L148N58A_59627_CH3_EIS_T25_Channel_3_Wb_1.xlsx,.xlsx,7573771,7.2 MB,7402921
A Dataset for Large Prismatic Lithium-Ion Battery Cells (CALB L148N58A) Comprehensive Characterization and Real-World Driving Cycles/CALB L148N58A testing campaign/Raw Data/Temperature_25C/59627/Driving_cycles/L148N58A_59627_CH3_DrivingCycle_T25_Channel_3_Wb_1.xlsx,L148N58A_59627_CH3_DrivingCycle_T25_Channel_3_Wb_1.xlsx,.xlsx,62176348,59.3 MB,60652003
A Dataset for Large Prismatic Lithium-Ion Battery Cells (CALB L148N58A) Comprehensive Characterization and Real-World Driving Cycles/CALB L148N58A testing campaign/Raw Data/Temperature_25C/59627/Driving_cycles/L148N58A_59627_CH3_DrivingCycle_T25_Channel_3_Wb_2.xlsx,L148N58A_59627_CH3_DrivingCycle_T25_Channel_3_Wb_2.xlsx,.xlsx,42413207,40.4 MB,41443975
A Dataset for Large Prismatic Lithium-Ion Battery Cells (CALB L148N58A) Comprehensive Characterization and Real-World Driving Cycles/CALB L148N58A testing campaign/Raw Data/Temperature_25C/59627/C20_HPPC_cycles/L148N58A_59627_CH3_C20_HPPC_1C_C3_T25_Channel_3_Wb_2.xlsx,L148N58A_59627_CH3_C20_HPPC_1C_C3_T25_Channel_3_Wb_2.xlsx,.xlsx,32486794,31.0 MB,31170419
A Dataset for Large Prismatic Lithium-Ion Battery Cells (CALB L148N58A) Comprehensive Characterization and Real-World Driving Cycles/CALB L148N58A testing campaign/Raw Data/Temperature_25C/59627/C20_HPPC_cycles/L148N58A_59627_CH3_C20_HPPC_1C_C3_T25_Channel_3_Wb_1.xlsx,L148N58A_59627_CH3_C20_HPPC_1C_C3_T25_Channel_3_Wb_1.xlsx,.xlsx,62006132,59.1 MB,60192101
A Dataset for Large Prismatic Lithium-Ion Battery Cells (CALB L148N58A) Comprehensive Characterization and Real-World Driving Cycles/CALB L148N58A testing campaign/Raw Data/Temperature_25C/59690/Driving_cycles/L148N58A_59690_CH2_DrivingCycle_T25_Channel_2_Wb_2.xlsx,L148N58A_59690_CH2_DrivingCycle_T25_Channel_2_Wb_2.xlsx,.xlsx,20927871,20.0 MB,20409490
A Dataset for Large Prismatic Lithium-Ion Battery Cells (CALB L148N58A) Comprehensive Characterization and Real-World Driving Cycles/CALB L148N58A testing campaign/Raw Data/Temperature_25C/59690/Driving_cycles/L148N58A_59690_CH2_DrivingCycle_T25_Channel_2_Wb_3.xlsx,L148N58A_59690_CH2_DrivingCycle_T25_Channel_2_Wb_3.xlsx,.xlsx,22227526,21.2 MB,21767583
A Dataset for Large Prismatic Lithium-Ion Battery Cells (CALB L148N58A) Comprehensive Characterization and Real-World Driving Cycles/CALB L148N58A testing campaign/Raw Data/Temperature_25C/59690/Driving_cycles/L148N58A_59690_CH2_DrivingCycle_T25_Channel_2_Wb_1.xlsx,L148N58A_59690_CH2_DrivingCycle_T25_Channel_2_Wb_1.xlsx,.xlsx,62643856,59.7 MB,61086790
A Dataset for Large Prismatic Lithium-Ion Battery Cells (CALB L148N58A) Comprehensive Characterization and Real-World Driving Cycles/CALB L148N58A testing campaign/Raw Data/Temperature_25C/59690/C20_HPPC_cycles/L148N58A_59690_CH2_HPPC_1C_T25_V2_Channel_2_Wb_1.xlsx,L148N58A_59690_CH2_HPPC_1C_T25_V2_Channel_2_Wb_1.xlsx,.xlsx,25357098,24.2 MB,23776373
A Dataset for Large Prismatic Lithium-Ion Battery Cells (CALB L148N58A) Comprehensive Characterization and Real-World Driving Cycles/CALB L148N58A testing campaign/Raw Data/Temperature_25C/59690/C20_HPPC_cycles/L148N58A_59690_CH2_C20_HPPC_1C_T25_Channel_2_Wb_1.xlsx,L148N58A_59690_CH2_C20_HPPC_1C_T25_Channel_2_Wb_1.xlsx,.xlsx,34549939,32.9 MB,33156076
A Dataset for Large Prismatic Lithium-Ion Battery Cells (CALB L148N58A) Comprehensive Characterization and Real-World Driving Cycles/CALB L148N58A testing campaign/Raw Data/Temperature_25C/59690/C20_HPPC_cycles/L148N58A_59690_CH2_HPPC_C3_T25_Channel_2_Wb_1.xlsx,L148N58A_59690_CH2_HPPC_C3_T25_Channel_2_Wb_1.xlsx,.xlsx,24696390,23.6 MB,23202429
A Dataset for Large Prismatic Lithium-Ion Battery Cells (CALB L148N58A) Comprehensive Characterization and Real-World Driving Cycles/CALB L148N58A testing campaign/Raw Data/Temperature_25C/59690/EIS_tests/L148N58A_59690_CH2_EIS_T25_Channel_2_Wb_1.xlsx,L148N58A_59690_CH2_EIS_T25_Channel_2_Wb_1.xlsx,.xlsx,6020038,5.7 MB,5893702
A Dataset for Large Prismatic Lithium-Ion Battery Cells (CALB L148N58A) Comprehensive Characterization and Real-World Driving Cycles/CALB L148N58A testing campaign/Raw Data/Temperature_25C/59861/Driving_cycles/L148N58A_59861_CH4_DrivingCycle_T25_Channel_4_Wb_2.xlsx,L148N58A_59861_CH4_DrivingCycle_T25_Channel_4_Wb_2.xlsx,.xlsx,20946101,20.0 MB,20406507
A Dataset for Large Prismatic Lithium-Ion Battery Cells (CALB L148N58A) Comprehensive Characterization and Real-World Driving Cycles/CALB L148N58A testing campaign/Raw Data/Temperature_25C/59861/Driving_cycles/L148N58A_59861_CH4_DrivingCycle_T25_Channel_4_Wb_3.xlsx,L148N58A_59861_CH4_DrivingCycle_T25_Channel_4_Wb_3.xlsx,.xlsx,22240370,21.2 MB,21771945
A Dataset for Large Prismatic Lithium-Ion Battery Cells (CALB L148N58A) Comprehensive Characterization and Real-World Driving Cycles/CALB L148N58A testing campaign/Raw Data/Temperature_25C/59861/Driving_cycles/L148N58A_59861_CH4_DrivingCycle_T25_Channel_4_Wb_1.xlsx,L148N58A_59861_CH4_DrivingCycle_T25_Channel_4_Wb_1.xlsx,.xlsx,62723235,59.8 MB,61204928
A Dataset for Large Prismatic Lithium-Ion Battery Cells (CALB L148N58A) Comprehensive Characterization and Real-World Driving Cycles/CALB L148N58A testing campaign/Raw Data/Temperature_25C/59861/C20_HPPC_cycles/L148N58A_59861_CH4_HPPC_1C_T25_V2_Channel_4_Wb_1.xlsx,L148N58A_59861_CH4_HPPC_1C_T25_V2_Channel_4_Wb_1.xlsx,.xlsx,25377045,24.2 MB,23777344
A Dataset for Large Prismatic Lithium-Ion Battery Cells (CALB L148N58A) Comprehensive Characterization and Real-World Driving Cycles/CALB L148N58A testing campaign/Raw Data/Temperature_25C/59861/C20_HPPC_cycles/L148N58A_59861_CH4_C20_HPPC_1C_T25_Channel_4_Wb_1.xlsx,L148N58A_59861_CH4_C20_HPPC_1C_T25_Channel_4_Wb_1.xlsx,.xlsx,34702008,33.1 MB,33331197
A Dataset for Large Prismatic Lithium-Ion Battery Cells (CALB L148N58A) Comprehensive Characterization and Real-World Driving Cycles/CALB L148N58A testing campaign/Raw Data/Temperature_25C/59861/C20_HPPC_cycles/L148N58A_59861_CH4_HPPC_C3_T25_Channel_4_Wb_1.xlsx,L148N58A_59861_CH4_HPPC_C3_T25_Channel_4_Wb_1.xlsx,.xlsx,26729087,25.5 MB,25079665
A Dataset for Large Prismatic Lithium-Ion Battery Cells (CALB L148N58A) Comprehensive Characterization and Real-World Driving Cycles/CALB L148N58A testing campaign/Raw Data/Temperature_25C/59861/EIS_tests/L148N58A_59861_CH4_EIS_T25_Channel_4_Wb_1.xlsx,L148N58A_59861_CH4_EIS_T25_Channel_4_Wb_1.xlsx,.xlsx,6072743,5.8 MB,5938559
A Dataset for Large Prismatic Lithium-Ion Battery Cells (CALB L148N58A) Comprehensive Characterization and Real-World Driving Cycles/CALB L148N58A testing campaign/Raw Data/Temperature_25C/60031/Driving_cycles/L148N58A_60031_CH2_DrivingCycle_T25_Channel_2_Wb_2.xlsx,L148N58A_60031_CH2_DrivingCycle_T25_Channel_2_Wb_2.xlsx,.xlsx,42908919,40.9 MB,41912825
A Dataset for Large Prismatic Lithium-Ion Battery Cells (CALB L148N58A) Comprehensive Characterization and Real-World Driving Cycles/CALB L148N58A testing campaign/Raw Data/Temperature_25C/60031/Driving_cycles/L148N58A_60031_CH2_DrivingCycle_T25_Channel_2_Wb_1.xlsx,L148N58A_60031_CH2_DrivingCycle_T25_Channel_2_Wb_1.xlsx,.xlsx,62235485,59.4 MB,60704539
A Dataset for Large Prismatic Lithium-Ion Battery Cells (CALB L148N58A) Comprehensive Characterization and Real-World Driving Cycles/CALB L148N58A testing campaign/Raw Data/Temperature_25C/60031/EIS_tests/L148N58A_60031_CH2_EIS_T25_Channel_2_Wb_1.xlsx,L148N58A_60031_CH2_EIS_T25_Channel_2_Wb_1.xlsx,.xlsx,7668612,7.3 MB,7495088
A Dataset for Large Prismatic Lithium-Ion Battery Cells (CALB L148N58A) Comprehensive Characterization and Real-World Driving Cycles/CALB L148N58A testing campaign/Raw Data/Temperature_25C/60031/C20_HPPC_cycles/L148N58A_60031_CH2_C20_HPPC_1C_C3_T25_Channel_2_Wb_2.xlsx,L148N58A_60031_CH2_C20_HPPC_1C_C3_T25_Channel_2_Wb_2.xlsx,.xlsx,35009492,33.4 MB,33654640
A Dataset for Large Prismatic Lithium-Ion Battery Cells (CALB L148N58A) Comprehensive Characterization and Real-World Driving Cycles/CALB L148N58A testing campaign/Raw Data/Temperature_25C/60031/C20_HPPC_cycles/L148N58A_60031_CH2_C20_HPPC_1C_C3_T25_Channel_2_Wb_1.xlsx,L148N58A_60031_CH2_C20_HPPC_1C_C3_T25_Channel_2_Wb_1.xlsx,.xlsx,62222004,59.3 MB,60404890
A Dataset for Large Prismatic Lithium-Ion Battery Cells (CALB L148N58A) Comprehensive Characterization and Real-World Driving Cycles/CALB L148N58A testing campaign/Raw Data/Temperature_25C/60129/EIS_tests/L148N58A_60129_CH5_EIS_T25_Channel_5_Wb_1.xlsx,L148N58A_60129_CH5_EIS_T25_Channel_5_Wb_1.xlsx,.xlsx,7559906,7.2 MB,7378149
A Dataset for Large Prismatic Lithium-Ion Battery Cells (CALB L148N58A) Comprehensive Characterization and Real-World Driving Cycles/CALB L148N58A testing campaign/Raw Data/Temperature_25C/60129/Driving_cycles/L148N58A_60129_CH5_DrivingCycle_T25_Channel_5_Wb_2.xlsx,L148N58A_60129_CH5_DrivingCycle_T25_Channel_5_Wb_2.xlsx,.xlsx,42846198,40.9 MB,41845280
A Dataset for Large Prismatic Lithium-Ion Battery Cells (CALB L148N58A) Comprehensive Characterization and Real-World Driving Cycles/CALB L148N58A testing campaign/Raw Data/Temperature_25C/60129/Driving_cycles/L148N58A_60129_CH5_DrivingCycle_T25_Channel_5_Wb_1.xlsx,L148N58A_60129_CH5_DrivingCycle_T25_Channel_5_Wb_1.xlsx,.xlsx,62223694,59.3 MB,60724148
A Dataset for Large Prismatic Lithium-Ion Battery Cells (CALB L148N58A) Comprehensive Characterization and Real-World Driving Cycles/CALB L148N58A testing campaign/Raw Data/Temperature_25C/60129/C20_HPPC_cycles/L148N58A_60129_CH5_C20_HPPC_1C_C3_T25_Channel_5_Wb_2.xlsx,L148N58A_60129_CH5_C20_HPPC_1C_C3_T25_Channel_5_Wb_2.xlsx,.xlsx,33250466,31.7 MB,31985233
A Dataset for Large Prismatic Lithium-Ion Battery Cells (CALB L148N58A) Comprehensive Characterization and Real-World Driving Cycles/CALB L148N58A testing campaign/Raw Data/Temperature_25C/60129/C20_HPPC_cycles/L148N58A_60129_CH5_C20_HPPC_1C_C3_T25_Channel_5_Wb_1.xlsx,L148N58A_60129_CH5_C20_HPPC_1C_C3_T25_Channel_5_Wb_1.xlsx,.xlsx,62121984,59.2 MB,60286239
A Dataset for Large Prismatic Lithium-Ion Battery Cells (CALB L148N58A) Comprehensive Characterization and Real-World Driving Cycles/CALB L148N58A testing campaign/Raw Data/Temperature_25C/60195/C20_HPPC_cycles/L148N58A_60195_CH5_HPPC_1C_T25_V2_Channel_5_Wb_1.xlsx,L148N58A_60195_CH5_HPPC_1C_T25_V2_Channel_5_Wb_1.xlsx,.xlsx,25476948,24.3 MB,23906108
A Dataset for Large Prismatic Lithium-Ion Battery Cells (CALB L148N58A) Comprehensive Characterization and Real-World Driving Cycles/CALB L148N58A testing campaign/Raw Data/Temperature_25C/60195/C20_HPPC_cycles/L148N58A_60195_CH5_C20_HPPC_1C_T25_Channel_5_Wb_1.xlsx,L148N58A_60195_CH5_C20_HPPC_1C_T25_Channel_5_Wb_1.xlsx,.xlsx,34694887,33.1 MB,33239042
A Dataset for Large Prismatic Lithium-Ion Battery Cells (CALB L148N58A) Comprehensive Characterization and Real-World Driving Cycles/CALB L148N58A testing campaign/Raw Data/Temperature_25C/60195/C20_HPPC_cycles/L148N58A_60195_CH5_HPPC_C3_T25_Channel_5_Wb_1.xlsx,L148N58A_60195_CH5_HPPC_C3_T25_Channel_5_Wb_1.xlsx,.xlsx,26768014,25.5 MB,25125416
A Dataset for Large Prismatic Lithium-Ion Battery Cells (CALB L148N58A) Comprehensive Characterization and Real-World Driving Cycles/CALB L148N58A testing campaign/Raw Data/Temperature_25C/60195/EIS_tests/L148N58A_60195_CH5_EIS_T25_Channel_5_Wb_1.xlsx,L148N58A_60195_CH5_EIS_T25_Channel_5_Wb_1.xlsx,.xlsx,6116555,5.8 MB,5984862
A Dataset for Large Prismatic Lithium-Ion Battery Cells (CALB L148N58A) Comprehensive Characterization and Real-World Driving Cycles/CALB L148N58A testing campaign/Raw Data/Temperature_25C/60195/Driving_cycles/L148N58A_60195_CH5_DrivingCycle_T25_Channel_5_Wb_3.xlsx,L148N58A_60195_CH5_DrivingCycle_T25_Channel_5_Wb_3.xlsx,.xlsx,22571246,21.5 MB,22098992
A Dataset for Large Prismatic Lithium-Ion Battery Cells (CALB L148N58A) Comprehensive Characterization and Real-World Driving Cycles/CALB L148N58A testing campaign/Raw Data/Temperature_25C/60195/Driving_cycles/L148N58A_60195_CH5_DrivingCycle_T25_Channel_5_Wb_1.xlsx,L148N58A_60195_CH5_DrivingCycle_T25_Channel_5_Wb_1.xlsx,.xlsx,62644884,59.7 MB,61093694
A Dataset for Large Prismatic Lithium-Ion Battery Cells (CALB L148N58A) Comprehensive Characterization and Real-World Driving Cycles/CALB L148N58A testing campaign/Raw Data/Temperature_25C/60195/Driving_cycles/L148N58A_60195_CH5_DrivingCycle_T25_Channel_5_Wb_2.xlsx,L148N58A_60195_CH5_DrivingCycle_T25_Channel_5_Wb_2.xlsx,.xlsx,20910585,19.9 MB,20375099
A Dataset for Large Prismatic Lithium-Ion Battery Cells (CALB L148N58A) Comprehensive Characterization and Real-World Driving Cycles/CALB L148N58A testing campaign/Raw Data/Temperature_25C/60403/Driving_cycles/L148N58A_60403_CH1_DrivingCycle_T25_Channel_1_Wb_2.xlsx,L148N58A_60403_CH1_DrivingCycle_T25_Channel_1_Wb_2.xlsx,.xlsx,42479987,40.5 MB,41537547
A Dataset for Large Prismatic Lithium-Ion Battery Cells (CALB L148N58A) Comprehensive Characterization and Real-World Driving Cycles/CALB L148N58A testing campaign/Raw Data/Temperature_25C/60403/Driving_cycles/L148N58A_60403_CH1_DrivingCycle_T25_Channel_1_Wb_1.xlsx,L148N58A_60403_CH1_DrivingCycle_T25_Channel_1_Wb_1.xlsx,.xlsx,62339626,59.5 MB,60847224
A Dataset for Large Prismatic Lithium-Ion Battery Cells (CALB L148N58A) Comprehensive Characterization and Real-World Driving Cycles/CALB L148N58A testing campaign/Raw Data/Temperature_25C/60403/EIS_tests/L148N58A_60403_CH1_EIS_T25_Channel_1_Wb_1.xlsx,L148N58A_60403_CH1_EIS_T25_Channel_1_Wb_1.xlsx,.xlsx,7622209,7.3 MB,7449495
A Dataset for Large Prismatic Lithium-Ion Battery Cells (CALB L148N58A) Comprehensive Characterization and Real-World Driving Cycles/CALB L148N58A testing campaign/Raw Data/Temperature_25C/60403/C20_HPPC_cycles/L148N58A_60403_CH1_C20_HPPC_1C_C3_T25_Channel_1_Wb_2.xlsx,L148N58A_60403_CH1_C20_HPPC_1C_C3_T25_Channel_1_Wb_2.xlsx,.xlsx,34022345,32.4 MB,32719970
A Dataset for Large Prismatic Lithium-Ion Battery Cells (CALB L148N58A) Comprehensive Characterization and Real-World Driving Cycles/CALB L148N58A testing campaign/Raw Data/Temperature_25C/60403/C20_HPPC_cycles/L148N58A_60403_CH1_C20_HPPC_1C_C3_T25_Channel_1_Wb_1.xlsx,L148N58A_60403_CH1_C20_HPPC_1C_C3_T25_Channel_1_Wb_1.xlsx,.xlsx,62165163,59.3 MB,60393867
A Dataset for Large Prismatic Lithium-Ion Battery Cells (CALB L148N58A) Comprehensive Characterization and Real-World Driving Cycles/CALB L148N58A testing campaign/Raw Data/Temperature_25C/60644/EIS_tests/L148N58A_60644_CH6_EIS_T25_Channel_6_Wb_1.xlsx,L148N58A_60644_CH6_EIS_T25_Channel_6_Wb_1.xlsx,.xlsx,6006677,5.7 MB,5875859
A Dataset for Large Prismatic Lithium-Ion Battery Cells (CALB L148N58A) Comprehensive Characterization and Real-World Driving Cycles/CALB L148N58A testing campaign/Raw Data/Temperature_25C/60644/Driving_cycles/L148N58A_60644_CH6_DrivingCycle_T25_Channel_6_Wb_2.xlsx,L148N58A_60644_CH6_DrivingCycle_T25_Channel_6_Wb_2.xlsx,.xlsx,20920737,20.0 MB,20389112
A Dataset for Large Prismatic Lithium-Ion Battery Cells (CALB L148N58A) Comprehensive Characterization and Real-World Driving Cycles/CALB L148N58A testing campaign/Raw Data/Temperature_25C/60644/Driving_cycles/L148N58A_60644_CH6_DrivingCycle_T25_Channel_6_Wb_3.xlsx,L148N58A_60644_CH6_DrivingCycle_T25_Channel_6_Wb_3.xlsx,.xlsx,21590969,20.6 MB,21137068
A Dataset for Large Prismatic Lithium-Ion Battery Cells (CALB L148N58A) Comprehensive Characterization and Real-World Driving Cycles/CALB L148N58A testing campaign/Raw Data/Temperature_25C/60644/Driving_cycles/L148N58A_60644_CH6_DrivingCycle_T25_Channel_6_Wb_1.xlsx,L148N58A_60644_CH6_DrivingCycle_T25_Channel_6_Wb_1.xlsx,.xlsx,62586442,59.7 MB,61050653
A Dataset for Large Prismatic Lithium-Ion Battery Cells (CALB L148N58A) Comprehensive Characterization and Real-World Driving Cycles/CALB L148N58A testing campaign/Raw Data/Temperature_25C/60644/C20_HPPC_cycles/L148N58A_60644_CH6_C20_HPPC_1C_T25_Channel_6_Wb_1.xlsx,L148N58A_60644_CH6_C20_HPPC_1C_T25_Channel_6_Wb_1.xlsx,.xlsx,34336057,32.7 MB,32923346
A Dataset for Large Prismatic Lithium-Ion Battery Cells (CALB L148N58A) Comprehensive Characterization and Real-World Driving Cycles/CALB L148N58A testing campaign/Raw Data/Temperature_25C/60644/C20_HPPC_cycles/L148N58A_60644_CH6_HPPC_1C_T25_V2_Channel_6_Wb_1.xlsx,L148N58A_60644_CH6_HPPC_1C_T25_V2_Channel_6_Wb_1.xlsx,.xlsx,25262504,24.1 MB,23707550
A Dataset for Large Prismatic Lithium-Ion Battery Cells (CALB L148N58A) Comprehensive Characterization and Real-World Driving Cycles/CALB L148N58A testing campaign/Raw Data/Temperature_25C/60644/C20_HPPC_cycles/L148N58A_60644_CH6_HPPC_C3_T25_Channel_6_Wb_1.xlsx,L148N58A_60644_CH6_HPPC_C3_T25_Channel_6_Wb_1.xlsx,.xlsx,24505313,23.4 MB,23022758
A Dataset for Large Prismatic Lithium-Ion Battery Cells (CALB L148N58A) Comprehensive Characterization and Real-World Driving Cycles/CALB L148N58A testing campaign/Raw Data/Temperature_25C/60710/C20_HPPC_cycles/L148N58A_60710_CH4_C20_HPPC_1C_C3_T25_Channel_4_Wb_2.xlsx,L148N58A_60710_CH4_C20_HPPC_1C_C3_T25_Channel_4_Wb_2.xlsx,.xlsx,32339392,30.8 MB,31052759
A Dataset for Large Prismatic Lithium-Ion Battery Cells (CALB L148N58A) Comprehensive Characterization and Real-World Driving Cycles/CALB L148N58A testing campaign/Raw Data/Temperature_25C/60710/C20_HPPC_cycles/L148N58A_60710_CH4_C20_HPPC_1C_C3_T25_Channel_4_Wb_1.xlsx,L148N58A_60710_CH4_C20_HPPC_1C_C3_T25_Channel_4_Wb_1.xlsx,.xlsx,61944079,59.1 MB,60102805
A Dataset for Large Prismatic Lithium-Ion Battery Cells (CALB L148N58A) Comprehensive Characterization and Real-World Driving Cycles/CALB L148N58A testing campaign/Raw Data/Temperature_25C/60710/Driving_cycles/L148N58A_60710_CH4_DrivingCycle_T25_Channel_4_Wb_2.xlsx,L148N58A_60710_CH4_DrivingCycle_T25_Channel_4_Wb_2.xlsx,.xlsx,42326804,40.4 MB,41363895
A Dataset for Large Prismatic Lithium-Ion Battery Cells (CALB L148N58A) Comprehensive Characterization and Real-World Driving Cycles/CALB L148N58A testing campaign/Raw Data/Temperature_25C/60710/Driving_cycles/L148N58A_60710_CH4_DrivingCycle_T25_Channel_4_Wb_1.xlsx,L148N58A_60710_CH4_DrivingCycle_T25_Channel_4_Wb_1.xlsx,.xlsx,62259724,59.4 MB,60752866
A Dataset for Large Prismatic Lithium-Ion Battery Cells (CALB L148N58A) Comprehensive Characterization and Real-World Driving Cycles/CALB L148N58A testing campaign/Raw Data/Temperature_25C/60710/EIS_tests/L148N58A_60710_CH4_EIS_T25_Channel_4_Wb_1.xlsx,L148N58A_60710_CH4_EIS_T25_Channel_4_Wb_1.xlsx,.xlsx,7663976,7.3 MB,7498834
A Dataset for Large Prismatic Lithium-Ion Battery Cells (CALB L148N58A) Comprehensive Characterization and Real-World Driving Cycles/CALB L148N58A testing campaign/Raw Data/Temperature_40C/59294/Driving_cycles/L148N58A_59294_CH3_DrivingCycle_T40_Channel_3_Wb_2.xlsx,L148N58A_59294_CH3_DrivingCycle_T40_Channel_3_Wb_2.xlsx,.xlsx,42680730,40.7 MB,41707644
A Dataset for Large Prismatic Lithium-Ion Battery Cells (CALB L148N58A) Comprehensive Characterization and Real-World Driving Cycles/CALB L148N58A testing campaign/Raw Data/Temperature_40C/59294/Driving_cycles/L148N58A_59294_CH3_DrivingCycle_T40_Channel_3_Wb_1.xlsx,L148N58A_59294_CH3_DrivingCycle_T40_Channel_3_Wb_1.xlsx,.xlsx,62415008,59.5 MB,60821223
A Dataset for Large Prismatic Lithium-Ion Battery Cells (CALB L148N58A) Comprehensive Characterization and Real-World Driving Cycles/CALB L148N58A testing campaign/Raw Data/Temperature_40C/59294/C20_HPPC_cycles/L148N58A_59294_CH3_C20_HPPC_1C_C3_T40_Channel_3_Wb_2.xlsx,L148N58A_59294_CH3_C20_HPPC_1C_C3_T40_Channel_3_Wb_2.xlsx,.xlsx,25641627,24.5 MB,23942358
A Dataset for Large Prismatic Lithium-Ion Battery Cells (CALB L148N58A) Comprehensive Characterization and Real-World Driving Cycles/CALB L148N58A testing campaign/Raw Data/Temperature_40C/59294/C20_HPPC_cycles/L148N58A_59294_CH3_C20_HPPC_1C_C3_T40_Channel_3_Wb_1.xlsx,L148N58A_59294_CH3_C20_HPPC_1C_C3_T40_Channel_3_Wb_1.xlsx,.xlsx,57859102,55.2 MB,55279188
A Dataset for Large Prismatic Lithium-Ion Battery Cells (CALB L148N58A) Comprehensive Characterization and Real-World Driving Cycles/CALB L148N58A testing campaign/Raw Data/Temperature_40C/59294/EIS_tests/L148N58A_59294_CH3_EIS_T40_Channel_3_Wb_1.xlsx,L148N58A_59294_CH3_EIS_T40_Channel_3_Wb_1.xlsx,.xlsx,7355508,7.0 MB,7188426
A Dataset for Large Prismatic Lithium-Ion Battery Cells (CALB L148N58A) Comprehensive Characterization and Real-World Driving Cycles/CALB L148N58A testing campaign/Raw Data/Temperature_40C/59485/C20_HPPC_cycles/L148N58A_59485_CH1_C20_HPPC_1C_C3_T40_Channel_1_Wb_2.xlsx,L148N58A_59485_CH1_C20_HPPC_1C_C3_T40_Channel_1_Wb_2.xlsx,.xlsx,25787071,24.6 MB,24051320
A Dataset for Large Prismatic Lithium-Ion Battery Cells (CALB L148N58A) Comprehensive Characterization and Real-World Driving Cycles/CALB L148N58A testing campaign/Raw Data/Temperature_40C/59485/C20_HPPC_cycles/L148N58A_59485_CH1_C20_HPPC_1C_C3_T40_Channel_1_Wb_1.xlsx,L148N58A_59485_CH1_C20_HPPC_1C_C3_T40_Channel_1_Wb_1.xlsx,.xlsx,57966912,55.3 MB,55466076
A Dataset for Large Prismatic Lithium-Ion Battery Cells (CALB L148N58A) Comprehensive Characterization and Real-World Driving Cycles/CALB L148N58A testing campaign/Raw Data/Temperature_40C/59485/Driving_cycles/L148N58A_59485_CH1_DrivingCycle_T40_Channel_1_Wb_2.xlsx,L148N58A_59485_CH1_DrivingCycle_T40_Channel_1_Wb_2.xlsx,.xlsx,42544270,40.6 MB,41568999
A Dataset for Large Prismatic Lithium-Ion Battery Cells (CALB L148N58A) Comprehensive Characterization and Real-World Driving Cycles/CALB L148N58A testing campaign/Raw Data/Temperature_40C/59485/Driving_cycles/L148N58A_59485_CH1_DrivingCycle_T40_Channel_1_Wb_1.xlsx,L148N58A_59485_CH1_DrivingCycle_T40_Channel_1_Wb_1.xlsx,.xlsx,62305113,59.4 MB,60734627
A Dataset for Large Prismatic Lithium-Ion Battery Cells (CALB L148N58A) Comprehensive Characterization and Real-World Driving Cycles/CALB L148N58A testing campaign/Raw Data/Temperature_40C/59485/EIS_tests/L148N58A_59485_CH1_EIS_T40_Channel_1_Wb_1.xlsx,L148N58A_59485_CH1_EIS_T40_Channel_1_Wb_1.xlsx,.xlsx,7365820,7.0 MB,7197629
A Dataset for Large Prismatic Lithium-Ion Battery Cells (CALB L148N58A) Comprehensive Characterization and Real-World Driving Cycles/CALB L148N58A testing campaign/Raw Data/Temperature_40C/59627/Driving_cycles/L148N58A_59627_CH3_DrivingCycle_T40_Channel_3_Wb_2.xlsx,L148N58A_59627_CH3_DrivingCycle_T40_Channel_3_Wb_2.xlsx,.xlsx,42113104,40.2 MB,41115278
A Dataset for Large Prismatic Lithium-Ion Battery Cells (CALB L148N58A) Comprehensive Characterization and Real-World Driving Cycles/CALB L148N58A testing campaign/Raw Data/Temperature_40C/59627/Driving_cycles/L148N58A_59627_CH3_DrivingCycle_T40_Channel_3_Wb_1.xlsx,L148N58A_59627_CH3_DrivingCycle_T40_Channel_3_Wb_1.xlsx,.xlsx,61886175,59.0 MB,60330110
A Dataset for Large Prismatic Lithium-Ion Battery Cells (CALB L148N58A) Comprehensive Characterization and Real-World Driving Cycles/CALB L148N58A testing campaign/Raw Data/Temperature_40C/59627/C20_HPPC_cycles/L148N58A_59627_CH3_C20_HPPC_1C_C3_T40_Channel_3_Wb_1.xlsx,L148N58A_59627_CH3_C20_HPPC_1C_C3_T40_Channel_3_Wb_1.xlsx,.xlsx,61943247,59.1 MB,60149181
A Dataset for Large Prismatic Lithium-Ion Battery Cells (CALB L148N58A) Comprehensive Characterization and Real-World Driving Cycles/CALB L148N58A testing campaign/Raw Data/Temperature_40C/59627/C20_HPPC_cycles/L148N58A_59627_CH3_C20_HPPC_1C_C3_T40_Channel_3_Wb_2.xlsx,L148N58A_59627_CH3_C20_HPPC_1C_C3_T40_Channel_3_Wb_2.xlsx,.xlsx,34079773,32.5 MB,32757796
A Dataset for Large Prismatic Lithium-Ion Battery Cells (CALB L148N58A) Comprehensive Characterization and Real-World Driving Cycles/CALB L148N58A testing campaign/Raw Data/Temperature_40C/59627/EIS_tests/L148N58A_59627_CH3_EIS_T40_Channel_3_Wb_1.xlsx,L148N58A_59627_CH3_EIS_T40_Channel_3_Wb_1.xlsx,.xlsx,7349424,7.0 MB,7158270
A Dataset for Large Prismatic Lithium-Ion Battery Cells (CALB L148N58A) Comprehensive Characterization and Real-World Driving Cycles/CALB L148N58A testing campaign/Raw Data/Temperature_40C/59690/EIS_tests/L148N58A_59690_CH2_EIS_T40_Channel_2_Wb_1.xlsx,L148N58A_59690_CH2_EIS_T40_Channel_2_Wb_1.xlsx,.xlsx,7435843,7.1 MB,7269437
A Dataset for Large Prismatic Lithium-Ion Battery Cells (CALB L148N58A) Comprehensive Characterization and Real-World Driving Cycles/CALB L148N58A testing campaign/Raw Data/Temperature_40C/59690/C20_HPPC_cycles/L148N58A_59690_CH2_C20_HPPC_1C_C3_T40_Channel_2_Wb_2.xlsx,L148N58A_59690_CH2_C20_HPPC_1C_C3_T40_Channel_2_Wb_2.xlsx,.xlsx,25839359,24.6 MB,24099232
A Dataset for Large Prismatic Lithium-Ion Battery Cells (CALB L148N58A) Comprehensive Characterization and Real-World Driving Cycles/CALB L148N58A testing campaign/Raw Data/Temperature_40C/59690/C20_HPPC_cycles/L148N58A_59690_CH2_C20_HPPC_1C_C3_T40_Channel_2_Wb_1.xlsx,L148N58A_59690_CH2_C20_HPPC_1C_C3_T40_Channel_2_Wb_1.xlsx,.xlsx,57960654,55.3 MB,55477172
A Dataset for Large Prismatic Lithium-Ion Battery Cells (CALB L148N58A) Comprehensive Characterization and Real-World Driving Cycles/CALB L148N58A testing campaign/Raw Data/Temperature_40C/59690/Driving_cycles/L148N58A_59690_CH2_DrivingCycle_T40_Channel_2_Wb_2.xlsx,L148N58A_59690_CH2_DrivingCycle_T40_Channel_2_Wb_2.xlsx,.xlsx,42621748,40.6 MB,41637743
A Dataset for Large Prismatic Lithium-Ion Battery Cells (CALB L148N58A) Comprehensive Characterization and Real-World Driving Cycles/CALB L148N58A testing campaign/Raw Data/Temperature_40C/59690/Driving_cycles/L148N58A_59690_CH2_DrivingCycle_T40_Channel_2_Wb_1.xlsx,L148N58A_59690_CH2_DrivingCycle_T40_Channel_2_Wb_1.xlsx,.xlsx,62390445,59.5 MB,60820793
A Dataset for Large Prismatic Lithium-Ion Battery Cells (CALB L148N58A) Comprehensive Characterization and Real-World Driving Cycles/CALB L148N58A testing campaign/Raw Data/Temperature_40C/59861/EIS_tests/L148N58A_59861_CH4_EIS_T40_Channel_4_Wb_1.xlsx,L148N58A_59861_CH4_EIS_T40_Channel_4_Wb_1.xlsx,.xlsx,7365869,7.0 MB,7190668
A Dataset for Large Prismatic Lithium-Ion Battery Cells (CALB L148N58A) Comprehensive Characterization and Real-World Driving Cycles/CALB L148N58A testing campaign/Raw Data/Temperature_40C/59861/Driving_cycles/L148N58A_59861_CH4_DrivingCycle_T40_Channel_4_Wb_2.xlsx,L148N58A_59861_CH4_DrivingCycle_T40_Channel_4_Wb_2.xlsx,.xlsx,42755552,40.8 MB,41778473
A Dataset for Large Prismatic Lithium-Ion Battery Cells (CALB L148N58A) Comprehensive Characterization and Real-World Driving Cycles/CALB L148N58A testing campaign/Raw Data/Temperature_40C/59861/Driving_cycles/L148N58A_59861_CH4_DrivingCycle_T40_Channel_4_Wb_1.xlsx,L148N58A_59861_CH4_DrivingCycle_T40_Channel_4_Wb_1.xlsx,.xlsx,62397586,59.5 MB,60853264
A Dataset for Large Prismatic Lithium-Ion Battery Cells (CALB L148N58A) Comprehensive Characterization and Real-World Driving Cycles/CALB L148N58A testing campaign/Raw Data/Temperature_40C/59861/C20_HPPC_cycles/L148N58A_59861_CH4_C20_HPPC_1C_C3_T40_Channel_4_Wb_2.xlsx,L148N58A_59861_CH4_C20_HPPC_1C_C3_T40_Channel_4_Wb_2.xlsx,.xlsx,25841763,24.6 MB,24062615
A Dataset for Large Prismatic Lithium-Ion Battery Cells (CALB L148N58A) Comprehensive Characterization and Real-World Driving Cycles/CALB L148N58A testing campaign/Raw Data/Temperature_40C/59861/C20_HPPC_cycles/L148N58A_59861_CH4_C20_HPPC_1C_C3_T40_Channel_4_Wb_1.xlsx,L148N58A_59861_CH4_C20_HPPC_1C_C3_T40_Channel_4_Wb_1.xlsx,.xlsx,57877144,55.2 MB,55199098
A Dataset for Large Prismatic Lithium-Ion Battery Cells (CALB L148N58A) Comprehensive Characterization and Real-World Driving Cycles/CALB L148N58A testing campaign/Raw Data/Temperature_40C/60031/C20_HPPC_cycles/L148N58A_60031_CH2_C20_HPPC_1C_C3_T40_Channel_2_Wb_2.xlsx,L148N58A_60031_CH2_C20_HPPC_1C_C3_T40_Channel_2_Wb_2.xlsx,.xlsx,34517912,32.9 MB,33126583
A Dataset for Large Prismatic Lithium-Ion Battery Cells (CALB L148N58A) Comprehensive Characterization and Real-World Driving Cycles/CALB L148N58A testing campaign/Raw Data/Temperature_40C/60031/C20_HPPC_cycles/L148N58A_60031_CH2_C20_HPPC_1C_C3_T40_Channel_2_Wb_1.xlsx,L148N58A_60031_CH2_C20_HPPC_1C_C3_T40_Channel_2_Wb_1.xlsx,.xlsx,61873845,59.0 MB,60055667
A Dataset for Large Prismatic Lithium-Ion Battery Cells (CALB L148N58A) Comprehensive Characterization and Real-World Driving Cycles/CALB L148N58A testing campaign/Raw Data/Temperature_40C/60031/Driving_cycles/L148N58A_60031_CH2_DrivingCycle_T40_Channel_2_Wb_2.xlsx,L148N58A_60031_CH2_DrivingCycle_T40_Channel_2_Wb_2.xlsx,.xlsx,42206375,40.3 MB,41233990
A Dataset for Large Prismatic Lithium-Ion Battery Cells (CALB L148N58A) Comprehensive Characterization and Real-World Driving Cycles/CALB L148N58A testing campaign/Raw Data/Temperature_40C/60031/Driving_cycles/L148N58A_60031_CH2_DrivingCycle_T40_Channel_2_Wb_1.xlsx,L148N58A_60031_CH2_DrivingCycle_T40_Channel_2_Wb_1.xlsx,.xlsx,61856419,59.0 MB,60258308
A Dataset for Large Prismatic Lithium-Ion Battery Cells (CALB L148N58A) Comprehensive Characterization and Real-World Driving Cycles/CALB L148N58A testing campaign/Raw Data/Temperature_40C/60031/EIS_tests/L148N58A_60031_CH2_EIS_T40_Channel_2_Wb_1.xlsx,L148N58A_60031_CH2_EIS_T40_Channel_2_Wb_1.xlsx,.xlsx,7385042,7.0 MB,7208811
A Dataset for Large Prismatic Lithium-Ion Battery Cells (CALB L148N58A) Comprehensive Characterization and Real-World Driving Cycles/CALB L148N58A testing campaign/Raw Data/Temperature_40C/60129/L148N58A_60129_DIPOLO_CH5_DrivingCycle_T40_2024_06_23_084452/desktop.ini,desktop.ini,.ini,244,244 B,144
A Dataset for Large Prismatic Lithium-Ion Battery Cells (CALB L148N58A) Comprehensive Characterization and Real-World Driving Cycles/CALB L148N58A testing campaign/Raw Data/Temperature_40C/60129/L148N58A_60129_DIPOLO_CH5_DrivingCycle_T40_2024_06_23_084452/L148N58A_60129_DIPOLO_CH5_DrivingCycle_T40_Channel_5_Wb_2.xlsx,L148N58A_60129_DIPOLO_CH5_DrivingCycle_T40_Channel_5_Wb_2.xlsx,.xlsx,42449100,40.5 MB,41418620
A Dataset for Large Prismatic Lithium-Ion Battery Cells (CALB L148N58A) Comprehensive Characterization and Real-World Driving Cycles/CALB L148N58A testing campaign/Raw Data/Temperature_40C/60129/L148N58A_60129_DIPOLO_CH5_DrivingCycle_T40_2024_06_23_084452/L148N58A_60129_DIPOLO_CH5_DrivingCycle_T40_Channel_5_Wb_1.xlsx,L148N58A_60129_DIPOLO_CH5_DrivingCycle_T40_Channel_5_Wb_1.xlsx,.xlsx,61962784,59.1 MB,60349523
A Dataset for Large Prismatic Lithium-Ion Battery Cells (CALB L148N58A) Comprehensive Characterization and Real-World Driving Cycles/CALB L148N58A testing campaign/Raw Data/Temperature_40C/60129/L148N58A_60129_DIPOLO_CH5_C20_HPPC_1C_C3_T40_2024_06_19_110342/desktop.ini,desktop.ini,.ini,244,244 B,144
A Dataset for Large Prismatic Lithium-Ion Battery Cells (CALB L148N58A) Comprehensive Characterization and Real-World Driving Cycles/CALB L148N58A testing campaign/Raw Data/Temperature_40C/60129/L148N58A_60129_DIPOLO_CH5_C20_HPPC_1C_C3_T40_2024_06_19_110342/L148N58A_60129_DIPOLO_CH5_C20_HPPC_1C_C3_T40_Channel_5_Wb_2.xlsx,L148N58A_60129_DIPOLO_CH5_C20_HPPC_1C_C3_T40_Channel_5_Wb_2.xlsx,.xlsx,34767282,33.2 MB,33371760
A Dataset for Large Prismatic Lithium-Ion Battery Cells (CALB L148N58A) Comprehensive Characterization and Real-World Driving Cycles/CALB L148N58A testing campaign/Raw Data/Temperature_40C/60129/L148N58A_60129_DIPOLO_CH5_C20_HPPC_1C_C3_T40_2024_06_19_110342/L148N58A_60129_DIPOLO_CH5_C20_HPPC_1C_C3_T40_Channel_5_Wb_1.xlsx,L148N58A_60129_DIPOLO_CH5_C20_HPPC_1C_C3_T40_Channel_5_Wb_1.xlsx,.xlsx,61878070,59.0 MB,60063304
A Dataset for Large Prismatic Lithium-Ion Battery Cells (CALB L148N58A) Comprehensive Characterization and Real-World Driving Cycles/CALB L148N58A testing campaign/Raw Data/Temperature_40C/60129/L148N58A_60129_DIPOLO_CH5_EIS_T40_2024_06_25_090035/desktop.ini,desktop.ini,.ini,244,244 B,144
A Dataset for Large Prismatic Lithium-Ion Battery Cells (CALB L148N58A) Comprehensive Characterization and Real-World Driving Cycles/CALB L148N58A testing campaign/Raw Data/Temperature_40C/60129/L148N58A_60129_DIPOLO_CH5_EIS_T40_2024_06_25_090035/L148N58A_60129_DIPOLO_CH5_EIS_T40_Channel_5_Wb_1.xlsx,L148N58A_60129_DIPOLO_CH5_EIS_T40_Channel_5_Wb_1.xlsx,.xlsx,7353442,7.0 MB,7181575
A Dataset for Large Prismatic Lithium-Ion Battery Cells (CALB L148N58A) Comprehensive Characterization and Real-World Driving Cycles/CALB L148N58A testing campaign/Raw Data/Temperature_40C/60195/EIS_tests/L148N58A_60195_CH5_EIS_T40_Channel_5_Wb_1.xlsx,L148N58A_60195_CH5_EIS_T40_Channel_5_Wb_1.xlsx,.xlsx,7481473,7.1 MB,7311691
A Dataset for Large Prismatic Lithium-Ion Battery Cells (CALB L148N58A) Comprehensive Characterization and Real-World Driving Cycles/CALB L148N58A testing campaign/Raw Data/Temperature_40C/60195/C20_HPPC_cycles/L148N58A_60195_CH5_C20_HPPC_1C_C3_T40_Channel_5_Wb_2.xlsx,L148N58A_60195_CH5_C20_HPPC_1C_C3_T40_Channel_5_Wb_2.xlsx,.xlsx,26023166,24.8 MB,24268431
A Dataset for Large Prismatic Lithium-Ion Battery Cells (CALB L148N58A) Comprehensive Characterization and Real-World Driving Cycles/CALB L148N58A testing campaign/Raw Data/Temperature_40C/60195/C20_HPPC_cycles/L148N58A_60195_CH5_C20_HPPC_1C_C3_T40_Channel_5_Wb_1.xlsx,L148N58A_60195_CH5_C20_HPPC_1C_C3_T40_Channel_5_Wb_1.xlsx,.xlsx,57947539,55.3 MB,55414370
A Dataset for Large Prismatic Lithium-Ion Battery Cells (CALB L148N58A) Comprehensive Characterization and Real-World Driving Cycles/CALB L148N58A testing campaign/Raw Data/Temperature_40C/60195/Driving_cycles/L148N58A_60195_CH5_DrivingCycle_T40_Channel_5_Wb_2.xlsx,L148N58A_60195_CH5_DrivingCycle_T40_Channel_5_Wb_2.xlsx,.xlsx,42842296,40.9 MB,41872470
A Dataset for Large Prismatic Lithium-Ion Battery Cells (CALB L148N58A) Comprehensive Characterization and Real-World Driving Cycles/CALB L148N58A testing campaign/Raw Data/Temperature_40C/60195/Driving_cycles/L148N58A_60195_CH5_DrivingCycle_T40_Channel_5_Wb_1.xlsx,L148N58A_60195_CH5_DrivingCycle_T40_Channel_5_Wb_1.xlsx,.xlsx,62301104,59.4 MB,60699606
A Dataset for Large Prismatic Lithium-Ion Battery Cells (CALB L148N58A) Comprehensive Characterization and Real-World Driving Cycles/CALB L148N58A testing campaign/Raw Data/Temperature_40C/60403/C20_HPPC_cycles/L148N58A_60403_CH1_C20_HPPC_1C_C3_T40_Channel_1_Wb_2.xlsx,L148N58A_60403_CH1_C20_HPPC_1C_C3_T40_Channel_1_Wb_2.xlsx,.xlsx,33735898,32.2 MB,32399104
A Dataset for Large Prismatic Lithium-Ion Battery Cells (CALB L148N58A) Comprehensive Characterization and Real-World Driving Cycles/CALB L148N58A testing campaign/Raw Data/Temperature_40C/60403/C20_HPPC_cycles/L148N58A_60403_CH1_C20_HPPC_1C_C3_T40_Channel_1_Wb_1.xlsx,L148N58A_60403_CH1_C20_HPPC_1C_C3_T40_Channel_1_Wb_1.xlsx,.xlsx,61990626,59.1 MB,60110966
A Dataset for Large Prismatic Lithium-Ion Battery Cells (CALB L148N58A) Comprehensive Characterization and Real-World Driving Cycles/CALB L148N58A testing campaign/Raw Data/Temperature_40C/60403/EIS_tests/L148N58A_60403_CH1_EIS_T40_Channel_1_Wb_1.xlsx,L148N58A_60403_CH1_EIS_T40_Channel_1_Wb_1.xlsx,.xlsx,7410959,7.1 MB,7235450
A Dataset for Large Prismatic Lithium-Ion Battery Cells (CALB L148N58A) Comprehensive Characterization and Real-World Driving Cycles/CALB L148N58A testing campaign/Raw Data/Temperature_40C/60403/Driving_cycles/L148N58A_60403_CH1_DrivingCycle_T40_Channel_1_Wb_2.xlsx,L148N58A_60403_CH1_DrivingCycle_T40_Channel_1_Wb_2.xlsx,.xlsx,41919657,40.0 MB,40951364
A Dataset for Large Prismatic Lithium-Ion Battery Cells (CALB L148N58A) Comprehensive Characterization and Real-World Driving Cycles/CALB L148N58A testing campaign/Raw Data/Temperature_40C/60403/Driving_cycles/L148N58A_60403_CH1_DrivingCycle_T40_Channel_1_Wb_1.xlsx,L148N58A_60403_CH1_DrivingCycle_T40_Channel_1_Wb_1.xlsx,.xlsx,62037685,59.2 MB,60527897
A Dataset for Large Prismatic Lithium-Ion Battery Cells (CALB L148N58A) Comprehensive Characterization and Real-World Driving Cycles/CALB L148N58A testing campaign/Raw Data/Temperature_40C/60644/C20_HPPC_cycles/L148N58A_60644_CH6_C20_HPPC_1C_C3_T40_Channel_6_Wb_2.xlsx,L148N58A_60644_CH6_C20_HPPC_1C_C3_T40_Channel_6_Wb_2.xlsx,.xlsx,25346910,24.2 MB,23646443
A Dataset for Large Prismatic Lithium-Ion Battery Cells (CALB L148N58A) Comprehensive Characterization and Real-World Driving Cycles/CALB L148N58A testing campaign/Raw Data/Temperature_40C/60644/C20_HPPC_cycles/L148N58A_60644_CH6_C20_HPPC_1C_C3_T40_Channel_6_Wb_1.xlsx,L148N58A_60644_CH6_C20_HPPC_1C_C3_T40_Channel_6_Wb_1.xlsx,.xlsx,57696158,55.0 MB,55073399
A Dataset for Large Prismatic Lithium-Ion Battery Cells (CALB L148N58A) Comprehensive Characterization and Real-World Driving Cycles/CALB L148N58A testing campaign/Raw Data/Temperature_40C/60644/EIS_tests/L148N58A_60644_CH6_EIS_T40_Channel_6_Wb_1.xlsx,L148N58A_60644_CH6_EIS_T40_Channel_6_Wb_1.xlsx,.xlsx,7361921,7.0 MB,7194400
A Dataset for Large Prismatic Lithium-Ion Battery Cells (CALB L148N58A) Comprehensive Characterization and Real-World Driving Cycles/CALB L148N58A testing campaign/Raw Data/Temperature_40C/60644/Driving_cycles/L148N58A_60644_CH6_DrivingCycle_T40_Channel_6_Wb_2.xlsx,L148N58A_60644_CH6_DrivingCycle_T40_Channel_6_Wb_2.xlsx,.xlsx,42655677,40.7 MB,41681371
A Dataset for Large Prismatic Lithium-Ion Battery Cells (CALB L148N58A) Comprehensive Characterization and Real-World Driving Cycles/CALB L148N58A testing campaign/Raw Data/Temperature_40C/60644/Driving_cycles/L148N58A_60644_CH6_DrivingCycle_T40_Channel_6_Wb_1.xlsx,L148N58A_60644_CH6_DrivingCycle_T40_Channel_6_Wb_1.xlsx,.xlsx,62279204,59.4 MB,60685668
A Dataset for Large Prismatic Lithium-Ion Battery Cells (CALB L148N58A) Comprehensive Characterization and Real-World Driving Cycles/CALB L148N58A testing campaign/Raw Data/Temperature_40C/60710/C20_HPPC_cycles/L148N58A_60710_CH4_C20_HPPC_1C_C3_T40_Channel_4_Wb_2.xlsx,L148N58A_60710_CH4_C20_HPPC_1C_C3_T40_Channel_4_Wb_2.xlsx,.xlsx,34034925,32.5 MB,32703711
A Dataset for Large Prismatic Lithium-Ion Battery Cells (CALB L148N58A) Comprehensive Characterization and Real-World Driving Cycles/CALB L148N58A testing campaign/Raw Data/Temperature_40C/60710/C20_HPPC_cycles/L148N58A_60710_CH4_C20_HPPC_1C_C3_T40_Channel_4_Wb_1.xlsx,L148N58A_60710_CH4_C20_HPPC_1C_C3_T40_Channel_4_Wb_1.xlsx,.xlsx,61982574,59.1 MB,60169265
A Dataset for Large Prismatic Lithium-Ion Battery Cells (CALB L148N58A) Comprehensive Characterization and Real-World Driving Cycles/CALB L148N58A testing campaign/Raw Data/Temperature_40C/60710/Driving_cycles/L148N58A_60710_CH4_DrivingCycle_T40_Channel_4_Wb_2.xlsx,L148N58A_60710_CH4_DrivingCycle_T40_Channel_4_Wb_2.xlsx,.xlsx,42098728,40.1 MB,41144923
A Dataset for Large Prismatic Lithium-Ion Battery Cells (CALB L148N58A) Comprehensive Characterization and Real-World Driving Cycles/CALB L148N58A testing campaign/Raw Data/Temperature_40C/60710/Driving_cycles/L148N58A_60710_CH4_DrivingCycle_T40_Channel_4_Wb_1.xlsx,L148N58A_60710_CH4_DrivingCycle_T40_Channel_4_Wb_1.xlsx,.xlsx,61866763,59.0 MB,60308550
A Dataset for Large Prismatic Lithium-Ion Battery Cells (CALB L148N58A) Comprehensive Characterization and Real-World Driving Cycles/CALB L148N58A testing campaign/Raw Data/Temperature_40C/60710/EIS_tests/L148N58A_60710_CH4_EIS_T40_Channel_4_Wb_1.xlsx,L148N58A_60710_CH4_EIS_T40_Channel_4_Wb_1.xlsx,.xlsx,7421837,7.1 MB,7253146
