sample_id,dataset,dataset_key,cell_id,diagnostic_round,soc_percent,temperature_c,source_matrix_file,pseudo_soh_label_percent,pseudo_soh_label_percent_expected_rmse,pseudo_label_task,pseudo_label_status,pseudo_label_quality_verdict,pseudo_label_uncertainty_tier,pseudo_label_weight,pseudo_label_weight_rule,confidence_note
post_dib_selected::stanford::0,Stanford SECL INR21700-M50T,stanford_secl,Diag_1_W10_Ch6,1,80.0,22.82498359680176,cleaned_training_set_v2.csv,99.74473111111112,33.552121641676344,pseudo_rpt_from_time_series_plus_eis,pseudo_label_not_measurement,supports_cross_dataset_transfer_head,development_cross_dataset,0.5,"Usable only as a down-weighted development pseudo-label, never as a measurement.",development confidence: cross-dataset masked folds beat baseline; still not a measurement
post_dib_selected::stanford::1,Stanford SECL INR21700-M50T,stanford_secl,Diag_1_W10_Ch6,1,50.0,22.82498359680176,cleaned_training_set_v2.csv,99.81111111111112,33.552121641676344,pseudo_rpt_from_time_series_plus_eis,pseudo_label_not_measurement,supports_cross_dataset_transfer_head,development_cross_dataset,0.5,"Usable only as a down-weighted development pseudo-label, never as a measurement.",development confidence: cross-dataset masked folds beat baseline; still not a measurement
post_dib_selected::stanford::2,Stanford SECL INR21700-M50T,stanford_secl,Diag_1_W10_Ch6,1,20.0,22.82498359680176,cleaned_training_set_v2.csv,98.80857454092748,33.552121641676344,pseudo_rpt_from_time_series_plus_eis,pseudo_label_not_measurement,supports_cross_dataset_transfer_head,development_cross_dataset,0.5,"Usable only as a down-weighted development pseudo-label, never as a measurement.",development confidence: cross-dataset masked folds beat baseline; still not a measurement
post_dib_selected::stanford::3,Stanford SECL INR21700-M50T,stanford_secl,Diag_1_W3_Ch4,1,80.0,22.79990963230133,cleaned_training_set_v2.csv,63.06306953639522,33.552121641676344,pseudo_rpt_from_time_series_plus_eis,pseudo_label_not_measurement,supports_cross_dataset_transfer_head,development_cross_dataset,0.5,"Usable only as a down-weighted development pseudo-label, never as a measurement.",development confidence: cross-dataset masked folds beat baseline; still not a measurement
post_dib_selected::stanford::4,Stanford SECL INR21700-M50T,stanford_secl,Diag_1_W3_Ch4,1,50.0,22.79990963230133,cleaned_training_set_v2.csv,63.27132242788866,33.552121641676344,pseudo_rpt_from_time_series_plus_eis,pseudo_label_not_measurement,supports_cross_dataset_transfer_head,development_cross_dataset,0.5,"Usable only as a down-weighted development pseudo-label, never as a measurement.",development confidence: cross-dataset masked folds beat baseline; still not a measurement
post_dib_selected::stanford::5,Stanford SECL INR21700-M50T,stanford_secl,Diag_1_W3_Ch4,1,20.0,22.79990963230133,cleaned_training_set_v2.csv,63.86490641933878,33.552121641676344,pseudo_rpt_from_time_series_plus_eis,pseudo_label_not_measurement,supports_cross_dataset_transfer_head,development_cross_dataset,0.5,"Usable only as a down-weighted development pseudo-label, never as a measurement.",development confidence: cross-dataset masked folds beat baseline; still not a measurement
post_dib_selected::stanford::6,Stanford SECL INR21700-M50T,stanford_secl,Diag_1_W8_Ch4,1,80.0,22.90462875366211,cleaned_training_set_v2.csv,99.85584222222222,33.552121641676344,pseudo_rpt_from_time_series_plus_eis,pseudo_label_not_measurement,supports_cross_dataset_transfer_head,development_cross_dataset,0.5,"Usable only as a down-weighted development pseudo-label, never as a measurement.",development confidence: cross-dataset masked folds beat baseline; still not a measurement
post_dib_selected::stanford::7,Stanford SECL INR21700-M50T,stanford_secl,Diag_1_W8_Ch4,1,50.0,22.90462875366211,cleaned_training_set_v2.csv,99.98333333333333,33.552121641676344,pseudo_rpt_from_time_series_plus_eis,pseudo_label_not_measurement,supports_cross_dataset_transfer_head,development_cross_dataset,0.5,"Usable only as a down-weighted development pseudo-label, never as a measurement.",development confidence: cross-dataset masked folds beat baseline; still not a measurement
post_dib_selected::stanford::8,Stanford SECL INR21700-M50T,stanford_secl,Diag_1_W8_Ch4,1,20.0,22.90462875366211,cleaned_training_set_v2.csv,98.86968565203858,33.552121641676344,pseudo_rpt_from_time_series_plus_eis,pseudo_label_not_measurement,supports_cross_dataset_transfer_head,development_cross_dataset,0.5,"Usable only as a down-weighted development pseudo-label, never as a measurement.",development confidence: cross-dataset masked folds beat baseline; still not a measurement
post_dib_selected::stanford::9,Stanford SECL INR21700-M50T,stanford_secl,Diag_1_W9_Ch5,1,80.0,22.942358016967773,cleaned_training_set_v2.csv,99.85584222222222,33.552121641676344,pseudo_rpt_from_time_series_plus_eis,pseudo_label_not_measurement,supports_cross_dataset_transfer_head,development_cross_dataset,0.5,"Usable only as a down-weighted development pseudo-label, never as a measurement.",development confidence: cross-dataset masked folds beat baseline; still not a measurement
post_dib_selected::stanford::10,Stanford SECL INR21700-M50T,stanford_secl,Diag_1_W9_Ch5,1,50.0,22.942358016967773,cleaned_training_set_v2.csv,99.98333333333333,33.552121641676344,pseudo_rpt_from_time_series_plus_eis,pseudo_label_not_measurement,supports_cross_dataset_transfer_head,development_cross_dataset,0.5,"Usable only as a down-weighted development pseudo-label, never as a measurement.",development confidence: cross-dataset masked folds beat baseline; still not a measurement
post_dib_selected::stanford::11,Stanford SECL INR21700-M50T,stanford_secl,Diag_1_W9_Ch5,1,20.0,22.942358016967773,cleaned_training_set_v2.csv,99.0211433504513,33.552121641676344,pseudo_rpt_from_time_series_plus_eis,pseudo_label_not_measurement,supports_cross_dataset_transfer_head,development_cross_dataset,0.5,"Usable only as a down-weighted development pseudo-label, never as a measurement.",development confidence: cross-dataset masked folds beat baseline; still not a measurement
post_dib_selected::stanford::12,Stanford SECL INR21700-M50T,stanford_secl,Diag_2_V4_Ch1,2,80.0,0.0,cleaned_training_set_v2.csv,99.96695333333334,33.552121641676344,pseudo_rpt_from_time_series_plus_eis,pseudo_label_not_measurement,supports_cross_dataset_transfer_head,development_cross_dataset,0.5,"Usable only as a down-weighted development pseudo-label, never as a measurement.",development confidence: cross-dataset masked folds beat baseline; still not a measurement
post_dib_selected::stanford::13,Stanford SECL INR21700-M50T,stanford_secl,Diag_2_V4_Ch1,2,50.0,0.0,cleaned_training_set_v2.csv,99.98333333333333,33.552121641676344,pseudo_rpt_from_time_series_plus_eis,pseudo_label_not_measurement,supports_cross_dataset_transfer_head,development_cross_dataset,0.5,"Usable only as a down-weighted development pseudo-label, never as a measurement.",development confidence: cross-dataset masked folds beat baseline; still not a measurement
post_dib_selected::stanford::14,Stanford SECL INR21700-M50T,stanford_secl,Diag_2_V4_Ch1,2,20.0,0.0,cleaned_training_set_v2.csv,86.75523226231503,33.552121641676344,pseudo_rpt_from_time_series_plus_eis,pseudo_label_not_measurement,supports_cross_dataset_transfer_head,development_cross_dataset,0.5,"Usable only as a down-weighted development pseudo-label, never as a measurement.",development confidence: cross-dataset masked folds beat baseline; still not a measurement
post_dib_selected::stanford::15,Stanford SECL INR21700-M50T,stanford_secl,Diag_2_V5_Ch1,2,80.0,23.40669250488281,cleaned_training_set_v2.csv,99.86973111111112,33.552121641676344,pseudo_rpt_from_time_series_plus_eis,pseudo_label_not_measurement,supports_cross_dataset_transfer_head,development_cross_dataset,0.5,"Usable only as a down-weighted development pseudo-label, never as a measurement.",development confidence: cross-dataset masked folds beat baseline; still not a measurement
post_dib_selected::stanford::16,Stanford SECL INR21700-M50T,stanford_secl,Diag_2_V5_Ch1,2,50.0,23.40669250488281,cleaned_training_set_v2.csv,99.8493412962963,33.552121641676344,pseudo_rpt_from_time_series_plus_eis,pseudo_label_not_measurement,supports_cross_dataset_transfer_head,development_cross_dataset,0.5,"Usable only as a down-weighted development pseudo-label, never as a measurement.",development confidence: cross-dataset masked folds beat baseline; still not a measurement
post_dib_selected::stanford::17,Stanford SECL INR21700-M50T,stanford_secl,Diag_2_V5_Ch1,2,20.0,23.40669250488281,cleaned_training_set_v2.csv,93.93207375499173,33.552121641676344,pseudo_rpt_from_time_series_plus_eis,pseudo_label_not_measurement,supports_cross_dataset_transfer_head,development_cross_dataset,0.5,"Usable only as a down-weighted development pseudo-label, never as a measurement.",development confidence: cross-dataset masked folds beat baseline; still not a measurement
post_dib_selected::stanford::18,Stanford SECL INR21700-M50T,stanford_secl,Diag_2_W10_Ch6,2,80.0,22.704774856567383,cleaned_training_set_v2.csv,96.64342095668465,33.552121641676344,pseudo_rpt_from_time_series_plus_eis,pseudo_label_not_measurement,supports_cross_dataset_transfer_head,development_cross_dataset,0.5,"Usable only as a down-weighted development pseudo-label, never as a measurement.",development confidence: cross-dataset masked folds beat baseline; still not a measurement
post_dib_selected::stanford::19,Stanford SECL INR21700-M50T,stanford_secl,Diag_2_W10_Ch6,2,50.0,22.704774856567383,cleaned_training_set_v2.csv,99.69444444444446,33.552121641676344,pseudo_rpt_from_time_series_plus_eis,pseudo_label_not_measurement,supports_cross_dataset_transfer_head,development_cross_dataset,0.5,"Usable only as a down-weighted development pseudo-label, never as a measurement.",development confidence: cross-dataset masked folds beat baseline; still not a measurement
post_dib_selected::stanford::20,Stanford SECL INR21700-M50T,stanford_secl,Diag_2_W10_Ch6,2,20.0,22.704774856567383,cleaned_training_set_v2.csv,92.5841133773084,33.552121641676344,pseudo_rpt_from_time_series_plus_eis,pseudo_label_not_measurement,supports_cross_dataset_transfer_head,development_cross_dataset,0.5,"Usable only as a down-weighted development pseudo-label, never as a measurement.",development confidence: cross-dataset masked folds beat baseline; still not a measurement
post_dib_selected::stanford::21,Stanford SECL INR21700-M50T,stanford_secl,Diag_2_W3_Ch3,2,80.0,23.26512622833252,cleaned_training_set_v2.csv,85.00795304595243,33.552121641676344,pseudo_rpt_from_time_series_plus_eis,pseudo_label_not_measurement,supports_cross_dataset_transfer_head,development_cross_dataset,0.5,"Usable only as a down-weighted development pseudo-label, never as a measurement.",development confidence: cross-dataset masked folds beat baseline; still not a measurement
post_dib_selected::stanford::22,Stanford SECL INR21700-M50T,stanford_secl,Diag_2_W3_Ch3,2,50.0,23.26512622833252,cleaned_training_set_v2.csv,84.83989492367068,33.552121641676344,pseudo_rpt_from_time_series_plus_eis,pseudo_label_not_measurement,supports_cross_dataset_transfer_head,development_cross_dataset,0.5,"Usable only as a down-weighted development pseudo-label, never as a measurement.",development confidence: cross-dataset masked folds beat baseline; still not a measurement
post_dib_selected::stanford::23,Stanford SECL INR21700-M50T,stanford_secl,Diag_2_W3_Ch3,2,20.0,23.26512622833252,cleaned_training_set_v2.csv,80.41712519213223,33.552121641676344,pseudo_rpt_from_time_series_plus_eis,pseudo_label_not_measurement,supports_cross_dataset_transfer_head,development_cross_dataset,0.5,"Usable only as a down-weighted development pseudo-label, never as a measurement.",development confidence: cross-dataset masked folds beat baseline; still not a measurement
post_dib_selected::stanford::24,Stanford SECL INR21700-M50T,stanford_secl,Diag_2_W8_Ch4,2,80.0,23.28370857238769,cleaned_training_set_v2.csv,98.5644167631497,33.552121641676344,pseudo_rpt_from_time_series_plus_eis,pseudo_label_not_measurement,supports_cross_dataset_transfer_head,development_cross_dataset,0.5,"Usable only as a down-weighted development pseudo-label, never as a measurement.",development confidence: cross-dataset masked folds beat baseline; still not a measurement
post_dib_selected::stanford::25,Stanford SECL INR21700-M50T,stanford_secl,Diag_2_W8_Ch4,2,50.0,23.28370857238769,cleaned_training_set_v2.csv,99.98333333333333,33.552121641676344,pseudo_rpt_from_time_series_plus_eis,pseudo_label_not_measurement,supports_cross_dataset_transfer_head,development_cross_dataset,0.5,"Usable only as a down-weighted development pseudo-label, never as a measurement.",development confidence: cross-dataset masked folds beat baseline; still not a measurement
post_dib_selected::stanford::26,Stanford SECL INR21700-M50T,stanford_secl,Diag_2_W8_Ch4,2,20.0,23.28370857238769,cleaned_training_set_v2.csv,93.64388676738811,33.552121641676344,pseudo_rpt_from_time_series_plus_eis,pseudo_label_not_measurement,supports_cross_dataset_transfer_head,development_cross_dataset,0.5,"Usable only as a down-weighted development pseudo-label, never as a measurement.",development confidence: cross-dataset masked folds beat baseline; still not a measurement
post_dib_selected::stanford::27,Stanford SECL INR21700-M50T,stanford_secl,Diag_2_W9_Ch5,2,80.0,23.080116271972656,cleaned_training_set_v2.csv,97.33325983164984,33.552121641676344,pseudo_rpt_from_time_series_plus_eis,pseudo_label_not_measurement,supports_cross_dataset_transfer_head,development_cross_dataset,0.5,"Usable only as a down-weighted development pseudo-label, never as a measurement.",development confidence: cross-dataset masked folds beat baseline; still not a measurement
post_dib_selected::stanford::28,Stanford SECL INR21700-M50T,stanford_secl,Diag_2_W9_Ch5,2,50.0,23.080116271972656,cleaned_training_set_v2.csv,99.98333333333333,33.552121641676344,pseudo_rpt_from_time_series_plus_eis,pseudo_label_not_measurement,supports_cross_dataset_transfer_head,development_cross_dataset,0.5,"Usable only as a down-weighted development pseudo-label, never as a measurement.",development confidence: cross-dataset masked folds beat baseline; still not a measurement
post_dib_selected::stanford::29,Stanford SECL INR21700-M50T,stanford_secl,Diag_2_W9_Ch5,2,20.0,23.080116271972656,cleaned_training_set_v2.csv,93.25151151995581,33.552121641676344,pseudo_rpt_from_time_series_plus_eis,pseudo_label_not_measurement,supports_cross_dataset_transfer_head,development_cross_dataset,0.5,"Usable only as a down-weighted development pseudo-label, never as a measurement.",development confidence: cross-dataset masked folds beat baseline; still not a measurement
post_dib_selected::stanford::30,Stanford SECL INR21700-M50T,stanford_secl,Diag_3_V4_Ch1,3,80.0,0.0,cleaned_training_set_v2.csv,86.23135417425266,33.552121641676344,pseudo_rpt_from_time_series_plus_eis,pseudo_label_not_measurement,supports_cross_dataset_transfer_head,development_cross_dataset,0.5,"Usable only as a down-weighted development pseudo-label, never as a measurement.",development confidence: cross-dataset masked folds beat baseline; still not a measurement
post_dib_selected::stanford::31,Stanford SECL INR21700-M50T,stanford_secl,Diag_3_V4_Ch1,3,50.0,0.0,cleaned_training_set_v2.csv,89.8145196999492,33.552121641676344,pseudo_rpt_from_time_series_plus_eis,pseudo_label_not_measurement,supports_cross_dataset_transfer_head,development_cross_dataset,0.5,"Usable only as a down-weighted development pseudo-label, never as a measurement.",development confidence: cross-dataset masked folds beat baseline; still not a measurement
post_dib_selected::stanford::32,Stanford SECL INR21700-M50T,stanford_secl,Diag_3_V5_Ch1,3,80.0,23.11127281188965,cleaned_training_set_v2.csv,97.98697126415497,33.552121641676344,pseudo_rpt_from_time_series_plus_eis,pseudo_label_not_measurement,supports_cross_dataset_transfer_head,development_cross_dataset,0.5,"Usable only as a down-weighted development pseudo-label, never as a measurement.",development confidence: cross-dataset masked folds beat baseline; still not a measurement
post_dib_selected::stanford::33,Stanford SECL INR21700-M50T,stanford_secl,Diag_3_V5_Ch1,3,50.0,23.11127281188965,cleaned_training_set_v2.csv,98.4795888130331,33.552121641676344,pseudo_rpt_from_time_series_plus_eis,pseudo_label_not_measurement,supports_cross_dataset_transfer_head,development_cross_dataset,0.5,"Usable only as a down-weighted development pseudo-label, never as a measurement.",development confidence: cross-dataset masked folds beat baseline; still not a measurement
post_dib_selected::stanford::34,Stanford SECL INR21700-M50T,stanford_secl,Diag_3_V5_Ch1,3,20.0,23.11127281188965,cleaned_training_set_v2.csv,85.5062680314348,33.552121641676344,pseudo_rpt_from_time_series_plus_eis,pseudo_label_not_measurement,supports_cross_dataset_transfer_head,development_cross_dataset,0.5,"Usable only as a down-weighted development pseudo-label, never as a measurement.",development confidence: cross-dataset masked folds beat baseline; still not a measurement
post_dib_selected::stanford::35,Stanford SECL INR21700-M50T,stanford_secl,Diag_3_W10_Ch6,3,80.0,20.34042739868164,cleaned_training_set_v2.csv,94.12904262185471,33.552121641676344,pseudo_rpt_from_time_series_plus_eis,pseudo_label_not_measurement,supports_cross_dataset_transfer_head,development_cross_dataset,0.5,"Usable only as a down-weighted development pseudo-label, never as a measurement.",development confidence: cross-dataset masked folds beat baseline; still not a measurement
post_dib_selected::stanford::36,Stanford SECL INR21700-M50T,stanford_secl,Diag_3_W10_Ch6,3,50.0,20.34042739868164,cleaned_training_set_v2.csv,96.48902157768157,33.552121641676344,pseudo_rpt_from_time_series_plus_eis,pseudo_label_not_measurement,supports_cross_dataset_transfer_head,development_cross_dataset,0.5,"Usable only as a down-weighted development pseudo-label, never as a measurement.",development confidence: cross-dataset masked folds beat baseline; still not a measurement
post_dib_selected::stanford::37,Stanford SECL INR21700-M50T,stanford_secl,Diag_3_W10_Ch6,3,20.0,20.34042739868164,cleaned_training_set_v2.csv,90.8340719034267,33.552121641676344,pseudo_rpt_from_time_series_plus_eis,pseudo_label_not_measurement,supports_cross_dataset_transfer_head,development_cross_dataset,0.5,"Usable only as a down-weighted development pseudo-label, never as a measurement.",development confidence: cross-dataset masked folds beat baseline; still not a measurement
post_dib_selected::stanford::38,Stanford SECL INR21700-M50T,stanford_secl,Diag_3_W3_Ch3,3,80.0,23.379928588867188,cleaned_training_set_v2.csv,84.52103830229048,33.552121641676344,pseudo_rpt_from_time_series_plus_eis,pseudo_label_not_measurement,supports_cross_dataset_transfer_head,development_cross_dataset,0.5,"Usable only as a down-weighted development pseudo-label, never as a measurement.",development confidence: cross-dataset masked folds beat baseline; still not a measurement
post_dib_selected::stanford::39,Stanford SECL INR21700-M50T,stanford_secl,Diag_3_W3_Ch3,3,50.0,23.379928588867188,cleaned_training_set_v2.csv,84.83373270144847,33.552121641676344,pseudo_rpt_from_time_series_plus_eis,pseudo_label_not_measurement,supports_cross_dataset_transfer_head,development_cross_dataset,0.5,"Usable only as a down-weighted development pseudo-label, never as a measurement.",development confidence: cross-dataset masked folds beat baseline; still not a measurement
post_dib_selected::stanford::40,Stanford SECL INR21700-M50T,stanford_secl,Diag_3_W3_Ch3,3,20.0,23.379928588867188,cleaned_training_set_v2.csv,81.29825784940041,33.552121641676344,pseudo_rpt_from_time_series_plus_eis,pseudo_label_not_measurement,supports_cross_dataset_transfer_head,development_cross_dataset,0.5,"Usable only as a down-weighted development pseudo-label, never as a measurement.",development confidence: cross-dataset masked folds beat baseline; still not a measurement
post_dib_selected::stanford::41,Stanford SECL INR21700-M50T,stanford_secl,Diag_3_W8_Ch4,3,80.0,22.523712158203125,cleaned_training_set_v2.csv,96.55312671618142,33.552121641676344,pseudo_rpt_from_time_series_plus_eis,pseudo_label_not_measurement,supports_cross_dataset_transfer_head,development_cross_dataset,0.5,"Usable only as a down-weighted development pseudo-label, never as a measurement.",development confidence: cross-dataset masked folds beat baseline; still not a measurement
post_dib_selected::stanford::42,Stanford SECL INR21700-M50T,stanford_secl,Diag_3_W8_Ch4,3,50.0,22.523712158203125,cleaned_training_set_v2.csv,99.98333333333333,33.552121641676344,pseudo_rpt_from_time_series_plus_eis,pseudo_label_not_measurement,supports_cross_dataset_transfer_head,development_cross_dataset,0.5,"Usable only as a down-weighted development pseudo-label, never as a measurement.",development confidence: cross-dataset masked folds beat baseline; still not a measurement
post_dib_selected::stanford::43,Stanford SECL INR21700-M50T,stanford_secl,Diag_3_W8_Ch4,3,20.0,22.523712158203125,cleaned_training_set_v2.csv,93.96076157286586,33.552121641676344,pseudo_rpt_from_time_series_plus_eis,pseudo_label_not_measurement,supports_cross_dataset_transfer_head,development_cross_dataset,0.5,"Usable only as a down-weighted development pseudo-label, never as a measurement.",development confidence: cross-dataset masked folds beat baseline; still not a measurement
post_dib_selected::stanford::44,Stanford SECL INR21700-M50T,stanford_secl,Diag_3_W9_Ch5,3,80.0,21.135774500184866,cleaned_training_set_v2.csv,95.27587152049995,33.552121641676344,pseudo_rpt_from_time_series_plus_eis,pseudo_label_not_measurement,supports_cross_dataset_transfer_head,development_cross_dataset,0.5,"Usable only as a down-weighted development pseudo-label, never as a measurement.",development confidence: cross-dataset masked folds beat baseline; still not a measurement
post_dib_selected::stanford::45,Stanford SECL INR21700-M50T,stanford_secl,Diag_3_W9_Ch5,3,50.0,21.135774500184866,cleaned_training_set_v2.csv,97.48324859959729,33.552121641676344,pseudo_rpt_from_time_series_plus_eis,pseudo_label_not_measurement,supports_cross_dataset_transfer_head,development_cross_dataset,0.5,"Usable only as a down-weighted development pseudo-label, never as a measurement.",development confidence: cross-dataset masked folds beat baseline; still not a measurement
post_dib_selected::stanford::46,Stanford SECL INR21700-M50T,stanford_secl,Diag_3_W9_Ch5,3,20.0,21.135774500184866,cleaned_training_set_v2.csv,91.86295144670144,33.552121641676344,pseudo_rpt_from_time_series_plus_eis,pseudo_label_not_measurement,supports_cross_dataset_transfer_head,development_cross_dataset,0.5,"Usable only as a down-weighted development pseudo-label, never as a measurement.",development confidence: cross-dataset masked folds beat baseline; still not a measurement
post_dib_selected::stanford::47,Stanford SECL INR21700-M50T,stanford_secl,Diag_4_V4_Ch1,4,80.0,23.191471723036265,cleaned_training_set_v2.csv,94.89385509269243,33.552121641676344,pseudo_rpt_from_time_series_plus_eis,pseudo_label_not_measurement,supports_cross_dataset_transfer_head,development_cross_dataset,0.5,"Usable only as a down-weighted development pseudo-label, never as a measurement.",development confidence: cross-dataset masked folds beat baseline; still not a measurement
post_dib_selected::stanford::48,Stanford SECL INR21700-M50T,stanford_secl,Diag_4_V4_Ch1,4,50.0,23.191471723036265,cleaned_training_set_v2.csv,95.65590415206444,33.552121641676344,pseudo_rpt_from_time_series_plus_eis,pseudo_label_not_measurement,supports_cross_dataset_transfer_head,development_cross_dataset,0.5,"Usable only as a down-weighted development pseudo-label, never as a measurement.",development confidence: cross-dataset masked folds beat baseline; still not a measurement
post_dib_selected::stanford::49,Stanford SECL INR21700-M50T,stanford_secl,Diag_4_V4_Ch1,4,20.0,23.191471723036265,cleaned_training_set_v2.csv,83.75127273776553,33.552121641676344,pseudo_rpt_from_time_series_plus_eis,pseudo_label_not_measurement,supports_cross_dataset_transfer_head,development_cross_dataset,0.5,"Usable only as a down-weighted development pseudo-label, never as a measurement.",development confidence: cross-dataset masked folds beat baseline; still not a measurement
post_dib_selected::stanford::50,Stanford SECL INR21700-M50T,stanford_secl,Diag_4_V5_Ch1,4,80.0,23.21598625183105,cleaned_training_set_v2.csv,94.09491524938758,33.552121641676344,pseudo_rpt_from_time_series_plus_eis,pseudo_label_not_measurement,supports_cross_dataset_transfer_head,development_cross_dataset,0.5,"Usable only as a down-weighted development pseudo-label, never as a measurement.",development confidence: cross-dataset masked folds beat baseline; still not a measurement
post_dib_selected::stanford::51,Stanford SECL INR21700-M50T,stanford_secl,Diag_4_V5_Ch1,4,50.0,23.21598625183105,cleaned_training_set_v2.csv,96.85628937868967,33.552121641676344,pseudo_rpt_from_time_series_plus_eis,pseudo_label_not_measurement,supports_cross_dataset_transfer_head,development_cross_dataset,0.5,"Usable only as a down-weighted development pseudo-label, never as a measurement.",development confidence: cross-dataset masked folds beat baseline; still not a measurement
post_dib_selected::stanford::52,Stanford SECL INR21700-M50T,stanford_secl,Diag_4_V5_Ch1,4,20.0,23.21598625183105,cleaned_training_set_v2.csv,86.10095783161285,33.552121641676344,pseudo_rpt_from_time_series_plus_eis,pseudo_label_not_measurement,supports_cross_dataset_transfer_head,development_cross_dataset,0.5,"Usable only as a down-weighted development pseudo-label, never as a measurement.",development confidence: cross-dataset masked folds beat baseline; still not a measurement
post_dib_selected::stanford::53,Stanford SECL INR21700-M50T,stanford_secl,Diag_4_W10_Ch6,4,80.0,21.00302696228028,cleaned_training_set_v2.csv,92.48188001393976,33.552121641676344,pseudo_rpt_from_time_series_plus_eis,pseudo_label_not_measurement,supports_cross_dataset_transfer_head,development_cross_dataset,0.5,"Usable only as a down-weighted development pseudo-label, never as a measurement.",development confidence: cross-dataset masked folds beat baseline; still not a measurement
post_dib_selected::stanford::54,Stanford SECL INR21700-M50T,stanford_secl,Diag_4_W10_Ch6,4,50.0,21.00302696228028,cleaned_training_set_v2.csv,98.395843059446,33.552121641676344,pseudo_rpt_from_time_series_plus_eis,pseudo_label_not_measurement,supports_cross_dataset_transfer_head,development_cross_dataset,0.5,"Usable only as a down-weighted development pseudo-label, never as a measurement.",development confidence: cross-dataset masked folds beat baseline; still not a measurement
post_dib_selected::stanford::55,Stanford SECL INR21700-M50T,stanford_secl,Diag_4_W10_Ch6,4,20.0,21.00302696228028,cleaned_training_set_v2.csv,84.73254936487524,33.552121641676344,pseudo_rpt_from_time_series_plus_eis,pseudo_label_not_measurement,supports_cross_dataset_transfer_head,development_cross_dataset,0.5,"Usable only as a down-weighted development pseudo-label, never as a measurement.",development confidence: cross-dataset masked folds beat baseline; still not a measurement
post_dib_selected::stanford::56,Stanford SECL INR21700-M50T,stanford_secl,Diag_4_W8_Ch4,4,80.0,22.49957275390625,cleaned_training_set_v2.csv,93.71922495965337,33.552121641676344,pseudo_rpt_from_time_series_plus_eis,pseudo_label_not_measurement,supports_cross_dataset_transfer_head,development_cross_dataset,0.5,"Usable only as a down-weighted development pseudo-label, never as a measurement.",development confidence: cross-dataset masked folds beat baseline; still not a measurement
post_dib_selected::stanford::57,Stanford SECL INR21700-M50T,stanford_secl,Diag_4_W8_Ch4,4,50.0,22.49957275390625,cleaned_training_set_v2.csv,98.9419078742608,33.552121641676344,pseudo_rpt_from_time_series_plus_eis,pseudo_label_not_measurement,supports_cross_dataset_transfer_head,development_cross_dataset,0.5,"Usable only as a down-weighted development pseudo-label, never as a measurement.",development confidence: cross-dataset masked folds beat baseline; still not a measurement
post_dib_selected::stanford::58,Stanford SECL INR21700-M50T,stanford_secl,Diag_4_W8_Ch4,4,20.0,22.49957275390625,cleaned_training_set_v2.csv,84.91729382432564,33.552121641676344,pseudo_rpt_from_time_series_plus_eis,pseudo_label_not_measurement,supports_cross_dataset_transfer_head,development_cross_dataset,0.5,"Usable only as a down-weighted development pseudo-label, never as a measurement.",development confidence: cross-dataset masked folds beat baseline; still not a measurement
post_dib_selected::stanford::59,Stanford SECL INR21700-M50T,stanford_secl,Diag_4_W9_Ch5,4,80.0,22.1932315826416,cleaned_training_set_v2.csv,92.77139938845414,33.552121641676344,pseudo_rpt_from_time_series_plus_eis,pseudo_label_not_measurement,supports_cross_dataset_transfer_head,development_cross_dataset,0.5,"Usable only as a down-weighted development pseudo-label, never as a measurement.",development confidence: cross-dataset masked folds beat baseline; still not a measurement
post_dib_selected::stanford::60,Stanford SECL INR21700-M50T,stanford_secl,Diag_4_W9_Ch5,4,50.0,22.1932315826416,cleaned_training_set_v2.csv,98.92168481028774,33.552121641676344,pseudo_rpt_from_time_series_plus_eis,pseudo_label_not_measurement,supports_cross_dataset_transfer_head,development_cross_dataset,0.5,"Usable only as a down-weighted development pseudo-label, never as a measurement.",development confidence: cross-dataset masked folds beat baseline; still not a measurement
post_dib_selected::stanford::61,Stanford SECL INR21700-M50T,stanford_secl,Diag_4_W9_Ch5,4,20.0,22.1932315826416,cleaned_training_set_v2.csv,85.16575731446511,33.552121641676344,pseudo_rpt_from_time_series_plus_eis,pseudo_label_not_measurement,supports_cross_dataset_transfer_head,development_cross_dataset,0.5,"Usable only as a down-weighted development pseudo-label, never as a measurement.",development confidence: cross-dataset masked folds beat baseline; still not a measurement
post_dib_selected::stanford::62,Stanford SECL INR21700-M50T,stanford_secl,Diag_5_V4_Ch1,5,80.0,23.29633331298828,cleaned_training_set_v2.csv,89.64682894845897,33.552121641676344,pseudo_rpt_from_time_series_plus_eis,pseudo_label_not_measurement,supports_cross_dataset_transfer_head,development_cross_dataset,0.5,"Usable only as a down-weighted development pseudo-label, never as a measurement.",development confidence: cross-dataset masked folds beat baseline; still not a measurement
post_dib_selected::stanford::63,Stanford SECL INR21700-M50T,stanford_secl,Diag_5_V4_Ch1,5,50.0,23.29633331298828,cleaned_training_set_v2.csv,90.3161067024827,33.552121641676344,pseudo_rpt_from_time_series_plus_eis,pseudo_label_not_measurement,supports_cross_dataset_transfer_head,development_cross_dataset,0.5,"Usable only as a down-weighted development pseudo-label, never as a measurement.",development confidence: cross-dataset masked folds beat baseline; still not a measurement
post_dib_selected::stanford::64,Stanford SECL INR21700-M50T,stanford_secl,Diag_5_V4_Ch1,5,20.0,23.29633331298828,cleaned_training_set_v2.csv,81.64946404828686,33.552121641676344,pseudo_rpt_from_time_series_plus_eis,pseudo_label_not_measurement,supports_cross_dataset_transfer_head,development_cross_dataset,0.5,"Usable only as a down-weighted development pseudo-label, never as a measurement.",development confidence: cross-dataset masked folds beat baseline; still not a measurement
post_dib_selected::stanford::65,Stanford SECL INR21700-M50T,stanford_secl,Diag_5_W10_Ch6,5,80.0,22.80996894836425,cleaned_training_set_v2.csv,95.55169307931148,33.552121641676344,pseudo_rpt_from_time_series_plus_eis,pseudo_label_not_measurement,supports_cross_dataset_transfer_head,development_cross_dataset,0.5,"Usable only as a down-weighted development pseudo-label, never as a measurement.",development confidence: cross-dataset masked folds beat baseline; still not a measurement
post_dib_selected::stanford::66,Stanford SECL INR21700-M50T,stanford_secl,Diag_5_W10_Ch6,5,50.0,22.80996894836425,cleaned_training_set_v2.csv,98.38555866791161,33.552121641676344,pseudo_rpt_from_time_series_plus_eis,pseudo_label_not_measurement,supports_cross_dataset_transfer_head,development_cross_dataset,0.5,"Usable only as a down-weighted development pseudo-label, never as a measurement.",development confidence: cross-dataset masked folds beat baseline; still not a measurement
post_dib_selected::stanford::67,Stanford SECL INR21700-M50T,stanford_secl,Diag_5_W10_Ch6,5,20.0,22.80996894836425,cleaned_training_set_v2.csv,92.24910253993232,33.552121641676344,pseudo_rpt_from_time_series_plus_eis,pseudo_label_not_measurement,supports_cross_dataset_transfer_head,development_cross_dataset,0.5,"Usable only as a down-weighted development pseudo-label, never as a measurement.",development confidence: cross-dataset masked folds beat baseline; still not a measurement
post_dib_selected::stanford::68,Stanford SECL INR21700-M50T,stanford_secl,Diag_5_W8_Ch4,5,80.0,22.66443634033203,cleaned_training_set_v2.csv,94.71316991436673,33.552121641676344,pseudo_rpt_from_time_series_plus_eis,pseudo_label_not_measurement,supports_cross_dataset_transfer_head,development_cross_dataset,0.5,"Usable only as a down-weighted development pseudo-label, never as a measurement.",development confidence: cross-dataset masked folds beat baseline; still not a measurement
post_dib_selected::stanford::69,Stanford SECL INR21700-M50T,stanford_secl,Diag_5_W8_Ch4,5,50.0,22.66443634033203,cleaned_training_set_v2.csv,98.58440573621368,33.552121641676344,pseudo_rpt_from_time_series_plus_eis,pseudo_label_not_measurement,supports_cross_dataset_transfer_head,development_cross_dataset,0.5,"Usable only as a down-weighted development pseudo-label, never as a measurement.",development confidence: cross-dataset masked folds beat baseline; still not a measurement
post_dib_selected::stanford::70,Stanford SECL INR21700-M50T,stanford_secl,Diag_5_W8_Ch4,5,20.0,22.66443634033203,cleaned_training_set_v2.csv,94.1292655057361,33.552121641676344,pseudo_rpt_from_time_series_plus_eis,pseudo_label_not_measurement,supports_cross_dataset_transfer_head,development_cross_dataset,0.5,"Usable only as a down-weighted development pseudo-label, never as a measurement.",development confidence: cross-dataset masked folds beat baseline; still not a measurement
post_dib_selected::stanford::71,Stanford SECL INR21700-M50T,stanford_secl,Diag_5_W9_Ch5,5,80.0,23.03773498535156,cleaned_training_set_v2.csv,94.79326509160718,33.552121641676344,pseudo_rpt_from_time_series_plus_eis,pseudo_label_not_measurement,supports_cross_dataset_transfer_head,development_cross_dataset,0.5,"Usable only as a down-weighted development pseudo-label, never as a measurement.",development confidence: cross-dataset masked folds beat baseline; still not a measurement
post_dib_selected::stanford::72,Stanford SECL INR21700-M50T,stanford_secl,Diag_5_W9_Ch5,5,50.0,23.03773498535156,cleaned_training_set_v2.csv,97.97990410222675,33.552121641676344,pseudo_rpt_from_time_series_plus_eis,pseudo_label_not_measurement,supports_cross_dataset_transfer_head,development_cross_dataset,0.5,"Usable only as a down-weighted development pseudo-label, never as a measurement.",development confidence: cross-dataset masked folds beat baseline; still not a measurement
post_dib_selected::stanford::73,Stanford SECL INR21700-M50T,stanford_secl,Diag_5_W9_Ch5,5,20.0,23.03773498535156,cleaned_training_set_v2.csv,93.73498536092966,33.552121641676344,pseudo_rpt_from_time_series_plus_eis,pseudo_label_not_measurement,supports_cross_dataset_transfer_head,development_cross_dataset,0.5,"Usable only as a down-weighted development pseudo-label, never as a measurement.",development confidence: cross-dataset masked folds beat baseline; still not a measurement
post_dib_selected::stanford::74,Stanford SECL INR21700-M50T,stanford_secl,Diag_6_V4_Ch1,6,80.0,23.38847138421075,cleaned_training_set_v2.csv,92.72253340040868,33.552121641676344,pseudo_rpt_from_time_series_plus_eis,pseudo_label_not_measurement,supports_cross_dataset_transfer_head,development_cross_dataset,0.5,"Usable only as a down-weighted development pseudo-label, never as a measurement.",development confidence: cross-dataset masked folds beat baseline; still not a measurement
post_dib_selected::stanford::75,Stanford SECL INR21700-M50T,stanford_secl,Diag_6_V4_Ch1,6,50.0,23.38847138421075,cleaned_training_set_v2.csv,94.87636998438026,33.552121641676344,pseudo_rpt_from_time_series_plus_eis,pseudo_label_not_measurement,supports_cross_dataset_transfer_head,development_cross_dataset,0.5,"Usable only as a down-weighted development pseudo-label, never as a measurement.",development confidence: cross-dataset masked folds beat baseline; still not a measurement
post_dib_selected::stanford::76,Stanford SECL INR21700-M50T,stanford_secl,Diag_6_V4_Ch1,6,20.0,23.38847138421075,cleaned_training_set_v2.csv,84.4432260436747,33.552121641676344,pseudo_rpt_from_time_series_plus_eis,pseudo_label_not_measurement,supports_cross_dataset_transfer_head,development_cross_dataset,0.5,"Usable only as a down-weighted development pseudo-label, never as a measurement.",development confidence: cross-dataset masked folds beat baseline; still not a measurement
post_dib_selected::stanford::77,Stanford SECL INR21700-M50T,stanford_secl,Diag_6_W10_Ch6,6,80.0,23.11371421813965,cleaned_training_set_v2.csv,93.633944916227,33.552121641676344,pseudo_rpt_from_time_series_plus_eis,pseudo_label_not_measurement,supports_cross_dataset_transfer_head,development_cross_dataset,0.5,"Usable only as a down-weighted development pseudo-label, never as a measurement.",development confidence: cross-dataset masked folds beat baseline; still not a measurement
post_dib_selected::stanford::78,Stanford SECL INR21700-M50T,stanford_secl,Diag_6_W10_Ch6,6,50.0,23.11371421813965,cleaned_training_set_v2.csv,94.4083444274021,33.552121641676344,pseudo_rpt_from_time_series_plus_eis,pseudo_label_not_measurement,supports_cross_dataset_transfer_head,development_cross_dataset,0.5,"Usable only as a down-weighted development pseudo-label, never as a measurement.",development confidence: cross-dataset masked folds beat baseline; still not a measurement
post_dib_selected::stanford::79,Stanford SECL INR21700-M50T,stanford_secl,Diag_6_W10_Ch6,6,20.0,23.11371421813965,cleaned_training_set_v2.csv,85.50200365554755,33.552121641676344,pseudo_rpt_from_time_series_plus_eis,pseudo_label_not_measurement,supports_cross_dataset_transfer_head,development_cross_dataset,0.5,"Usable only as a down-weighted development pseudo-label, never as a measurement.",development confidence: cross-dataset masked folds beat baseline; still not a measurement
post_dib_selected::stanford::80,Stanford SECL INR21700-M50T,stanford_secl,Diag_6_W8_Ch4,6,80.0,23.1486873626709,cleaned_training_set_v2.csv,94.26054712132613,33.552121641676344,pseudo_rpt_from_time_series_plus_eis,pseudo_label_not_measurement,supports_cross_dataset_transfer_head,development_cross_dataset,0.5,"Usable only as a down-weighted development pseudo-label, never as a measurement.",development confidence: cross-dataset masked folds beat baseline; still not a measurement
post_dib_selected::stanford::81,Stanford SECL INR21700-M50T,stanford_secl,Diag_6_W8_Ch4,6,50.0,23.1486873626709,cleaned_training_set_v2.csv,94.70440746524147,33.552121641676344,pseudo_rpt_from_time_series_plus_eis,pseudo_label_not_measurement,supports_cross_dataset_transfer_head,development_cross_dataset,0.5,"Usable only as a down-weighted development pseudo-label, never as a measurement.",development confidence: cross-dataset masked folds beat baseline; still not a measurement
post_dib_selected::stanford::82,Stanford SECL INR21700-M50T,stanford_secl,Diag_6_W8_Ch4,6,20.0,23.1486873626709,cleaned_training_set_v2.csv,85.22752933599592,33.552121641676344,pseudo_rpt_from_time_series_plus_eis,pseudo_label_not_measurement,supports_cross_dataset_transfer_head,development_cross_dataset,0.5,"Usable only as a down-weighted development pseudo-label, never as a measurement.",development confidence: cross-dataset masked folds beat baseline; still not a measurement
post_dib_selected::stanford::83,Stanford SECL INR21700-M50T,stanford_secl,Diag_6_W9_Ch5,6,80.0,23.40268325805664,cleaned_training_set_v2.csv,93.97262870381772,33.552121641676344,pseudo_rpt_from_time_series_plus_eis,pseudo_label_not_measurement,supports_cross_dataset_transfer_head,development_cross_dataset,0.5,"Usable only as a down-weighted development pseudo-label, never as a measurement.",development confidence: cross-dataset masked folds beat baseline; still not a measurement
post_dib_selected::stanford::84,Stanford SECL INR21700-M50T,stanford_secl,Diag_6_W9_Ch5,6,50.0,23.40268325805664,cleaned_training_set_v2.csv,95.09209265042664,33.552121641676344,pseudo_rpt_from_time_series_plus_eis,pseudo_label_not_measurement,supports_cross_dataset_transfer_head,development_cross_dataset,0.5,"Usable only as a down-weighted development pseudo-label, never as a measurement.",development confidence: cross-dataset masked folds beat baseline; still not a measurement
post_dib_selected::stanford::85,Stanford SECL INR21700-M50T,stanford_secl,Diag_6_W9_Ch5,6,20.0,23.40268325805664,cleaned_training_set_v2.csv,84.64553389020178,33.552121641676344,pseudo_rpt_from_time_series_plus_eis,pseudo_label_not_measurement,supports_cross_dataset_transfer_head,development_cross_dataset,0.5,"Usable only as a down-weighted development pseudo-label, never as a measurement.",development confidence: cross-dataset masked folds beat baseline; still not a measurement
post_dib_selected::stanford::86,Stanford SECL INR21700-M50T,stanford_secl,Diag_7_V4_Ch1,7,80.0,23.796818399031224,cleaned_training_set_v2.csv,90.91978098819702,33.552121641676344,pseudo_rpt_from_time_series_plus_eis,pseudo_label_not_measurement,supports_cross_dataset_transfer_head,development_cross_dataset,0.5,"Usable only as a down-weighted development pseudo-label, never as a measurement.",development confidence: cross-dataset masked folds beat baseline; still not a measurement
post_dib_selected::stanford::87,Stanford SECL INR21700-M50T,stanford_secl,Diag_7_V4_Ch1,7,50.0,23.796818399031224,cleaned_training_set_v2.csv,89.75899950671551,33.552121641676344,pseudo_rpt_from_time_series_plus_eis,pseudo_label_not_measurement,supports_cross_dataset_transfer_head,development_cross_dataset,0.5,"Usable only as a down-weighted development pseudo-label, never as a measurement.",development confidence: cross-dataset masked folds beat baseline; still not a measurement
post_dib_selected::stanford::88,Stanford SECL INR21700-M50T,stanford_secl,Diag_7_V4_Ch1,7,20.0,23.796818399031224,cleaned_training_set_v2.csv,84.1739952340978,33.552121641676344,pseudo_rpt_from_time_series_plus_eis,pseudo_label_not_measurement,supports_cross_dataset_transfer_head,development_cross_dataset,0.5,"Usable only as a down-weighted development pseudo-label, never as a measurement.",development confidence: cross-dataset masked folds beat baseline; still not a measurement
post_dib_selected::stanford::89,Stanford SECL INR21700-M50T,stanford_secl,Diag_7_W10_Ch6,7,80.0,22.946128845214844,cleaned_training_set_v2.csv,92.67742474698449,33.552121641676344,pseudo_rpt_from_time_series_plus_eis,pseudo_label_not_measurement,supports_cross_dataset_transfer_head,development_cross_dataset,0.5,"Usable only as a down-weighted development pseudo-label, never as a measurement.",development confidence: cross-dataset masked folds beat baseline; still not a measurement
post_dib_selected::stanford::90,Stanford SECL INR21700-M50T,stanford_secl,Diag_7_W10_Ch6,7,50.0,22.946128845214844,cleaned_training_set_v2.csv,94.85156678481077,33.552121641676344,pseudo_rpt_from_time_series_plus_eis,pseudo_label_not_measurement,supports_cross_dataset_transfer_head,development_cross_dataset,0.5,"Usable only as a down-weighted development pseudo-label, never as a measurement.",development confidence: cross-dataset masked folds beat baseline; still not a measurement
post_dib_selected::stanford::91,Stanford SECL INR21700-M50T,stanford_secl,Diag_7_W10_Ch6,7,20.0,22.946128845214844,cleaned_training_set_v2.csv,86.63148007347904,33.552121641676344,pseudo_rpt_from_time_series_plus_eis,pseudo_label_not_measurement,supports_cross_dataset_transfer_head,development_cross_dataset,0.5,"Usable only as a down-weighted development pseudo-label, never as a measurement.",development confidence: cross-dataset masked folds beat baseline; still not a measurement
post_dib_selected::stanford::92,Stanford SECL INR21700-M50T,stanford_secl,Diag_7_W8_Ch4,7,80.0,22.939430236816406,cleaned_training_set_v2.csv,94.17999156577058,33.552121641676344,pseudo_rpt_from_time_series_plus_eis,pseudo_label_not_measurement,supports_cross_dataset_transfer_head,development_cross_dataset,0.5,"Usable only as a down-weighted development pseudo-label, never as a measurement.",development confidence: cross-dataset masked folds beat baseline; still not a measurement
post_dib_selected::stanford::93,Stanford SECL INR21700-M50T,stanford_secl,Diag_7_W8_Ch4,7,50.0,22.939430236816406,cleaned_training_set_v2.csv,94.799260954432,33.552121641676344,pseudo_rpt_from_time_series_plus_eis,pseudo_label_not_measurement,supports_cross_dataset_transfer_head,development_cross_dataset,0.5,"Usable only as a down-weighted development pseudo-label, never as a measurement.",development confidence: cross-dataset masked folds beat baseline; still not a measurement
post_dib_selected::stanford::94,Stanford SECL INR21700-M50T,stanford_secl,Diag_7_W8_Ch4,7,20.0,22.939430236816406,cleaned_training_set_v2.csv,83.90130147606037,33.552121641676344,pseudo_rpt_from_time_series_plus_eis,pseudo_label_not_measurement,supports_cross_dataset_transfer_head,development_cross_dataset,0.5,"Usable only as a down-weighted development pseudo-label, never as a measurement.",development confidence: cross-dataset masked folds beat baseline; still not a measurement
post_dib_selected::stanford::95,Stanford SECL INR21700-M50T,stanford_secl,Diag_7_W9_Ch5,7,80.0,23.180906295776367,cleaned_training_set_v2.csv,94.08705823243724,33.552121641676344,pseudo_rpt_from_time_series_plus_eis,pseudo_label_not_measurement,supports_cross_dataset_transfer_head,development_cross_dataset,0.5,"Usable only as a down-weighted development pseudo-label, never as a measurement.",development confidence: cross-dataset masked folds beat baseline; still not a measurement
post_dib_selected::stanford::96,Stanford SECL INR21700-M50T,stanford_secl,Diag_7_W9_Ch5,7,50.0,23.180906295776367,cleaned_training_set_v2.csv,95.27609566007492,33.552121641676344,pseudo_rpt_from_time_series_plus_eis,pseudo_label_not_measurement,supports_cross_dataset_transfer_head,development_cross_dataset,0.5,"Usable only as a down-weighted development pseudo-label, never as a measurement.",development confidence: cross-dataset masked folds beat baseline; still not a measurement
post_dib_selected::stanford::97,Stanford SECL INR21700-M50T,stanford_secl,Diag_7_W9_Ch5,7,20.0,23.180906295776367,cleaned_training_set_v2.csv,83.66772532998422,33.552121641676344,pseudo_rpt_from_time_series_plus_eis,pseudo_label_not_measurement,supports_cross_dataset_transfer_head,development_cross_dataset,0.5,"Usable only as a down-weighted development pseudo-label, never as a measurement.",development confidence: cross-dataset masked folds beat baseline; still not a measurement
post_dib_selected::stanford::98,Stanford SECL INR21700-M50T,stanford_secl,Diag_8_V4_Ch1,8,80.0,23.079769134521484,cleaned_training_set_v2.csv,90.60676981259483,33.552121641676344,pseudo_rpt_from_time_series_plus_eis,pseudo_label_not_measurement,supports_cross_dataset_transfer_head,development_cross_dataset,0.5,"Usable only as a down-weighted development pseudo-label, never as a measurement.",development confidence: cross-dataset masked folds beat baseline; still not a measurement
post_dib_selected::stanford::99,Stanford SECL INR21700-M50T,stanford_secl,Diag_8_V4_Ch1,8,50.0,23.079769134521484,cleaned_training_set_v2.csv,91.00561446583046,33.552121641676344,pseudo_rpt_from_time_series_plus_eis,pseudo_label_not_measurement,supports_cross_dataset_transfer_head,development_cross_dataset,0.5,"Usable only as a down-weighted development pseudo-label, never as a measurement.",development confidence: cross-dataset masked folds beat baseline; still not a measurement
post_dib_selected::stanford::100,Stanford SECL INR21700-M50T,stanford_secl,Diag_8_V4_Ch1,8,20.0,23.079769134521484,cleaned_training_set_v2.csv,81.6881753145729,33.552121641676344,pseudo_rpt_from_time_series_plus_eis,pseudo_label_not_measurement,supports_cross_dataset_transfer_head,development_cross_dataset,0.5,"Usable only as a down-weighted development pseudo-label, never as a measurement.",development confidence: cross-dataset masked folds beat baseline; still not a measurement
post_dib_selected::stanford::101,Stanford SECL INR21700-M50T,stanford_secl,Diag_8_W10_Ch6,8,80.0,22.81760025024414,cleaned_training_set_v2.csv,92.1853324692622,33.552121641676344,pseudo_rpt_from_time_series_plus_eis,pseudo_label_not_measurement,supports_cross_dataset_transfer_head,development_cross_dataset,0.5,"Usable only as a down-weighted development pseudo-label, never as a measurement.",development confidence: cross-dataset masked folds beat baseline; still not a measurement
post_dib_selected::stanford::102,Stanford SECL INR21700-M50T,stanford_secl,Diag_8_W10_Ch6,8,50.0,22.81760025024414,cleaned_training_set_v2.csv,95.40010969657739,33.552121641676344,pseudo_rpt_from_time_series_plus_eis,pseudo_label_not_measurement,supports_cross_dataset_transfer_head,development_cross_dataset,0.5,"Usable only as a down-weighted development pseudo-label, never as a measurement.",development confidence: cross-dataset masked folds beat baseline; still not a measurement
post_dib_selected::stanford::103,Stanford SECL INR21700-M50T,stanford_secl,Diag_8_W10_Ch6,8,20.0,22.81760025024414,cleaned_training_set_v2.csv,86.92128388052546,33.552121641676344,pseudo_rpt_from_time_series_plus_eis,pseudo_label_not_measurement,supports_cross_dataset_transfer_head,development_cross_dataset,0.5,"Usable only as a down-weighted development pseudo-label, never as a measurement.",development confidence: cross-dataset masked folds beat baseline; still not a measurement
post_dib_selected::stanford::104,Stanford SECL INR21700-M50T,stanford_secl,Diag_8_W8_Ch4,8,80.0,22.931007385253903,cleaned_training_set_v2.csv,92.65527110086511,33.552121641676344,pseudo_rpt_from_time_series_plus_eis,pseudo_label_not_measurement,supports_cross_dataset_transfer_head,development_cross_dataset,0.5,"Usable only as a down-weighted development pseudo-label, never as a measurement.",development confidence: cross-dataset masked folds beat baseline; still not a measurement
post_dib_selected::stanford::105,Stanford SECL INR21700-M50T,stanford_secl,Diag_8_W8_Ch4,8,50.0,22.931007385253903,cleaned_training_set_v2.csv,95.39302921127319,33.552121641676344,pseudo_rpt_from_time_series_plus_eis,pseudo_label_not_measurement,supports_cross_dataset_transfer_head,development_cross_dataset,0.5,"Usable only as a down-weighted development pseudo-label, never as a measurement.",development confidence: cross-dataset masked folds beat baseline; still not a measurement
post_dib_selected::stanford::106,Stanford SECL INR21700-M50T,stanford_secl,Diag_8_W8_Ch4,8,20.0,22.931007385253903,cleaned_training_set_v2.csv,85.16626585033345,33.552121641676344,pseudo_rpt_from_time_series_plus_eis,pseudo_label_not_measurement,supports_cross_dataset_transfer_head,development_cross_dataset,0.5,"Usable only as a down-weighted development pseudo-label, never as a measurement.",development confidence: cross-dataset masked folds beat baseline; still not a measurement
post_dib_selected::stanford::107,Stanford SECL INR21700-M50T,stanford_secl,Diag_8_W9_Ch5,8,80.0,22.97684955596924,cleaned_training_set_v2.csv,92.80794516045992,33.552121641676344,pseudo_rpt_from_time_series_plus_eis,pseudo_label_not_measurement,supports_cross_dataset_transfer_head,development_cross_dataset,0.5,"Usable only as a down-weighted development pseudo-label, never as a measurement.",development confidence: cross-dataset masked folds beat baseline; still not a measurement
post_dib_selected::stanford::108,Stanford SECL INR21700-M50T,stanford_secl,Diag_8_W9_Ch5,8,50.0,22.97684955596924,cleaned_training_set_v2.csv,95.12714853736621,33.552121641676344,pseudo_rpt_from_time_series_plus_eis,pseudo_label_not_measurement,supports_cross_dataset_transfer_head,development_cross_dataset,0.5,"Usable only as a down-weighted development pseudo-label, never as a measurement.",development confidence: cross-dataset masked folds beat baseline; still not a measurement
post_dib_selected::stanford::109,Stanford SECL INR21700-M50T,stanford_secl,Diag_8_W9_Ch5,8,20.0,22.97684955596924,cleaned_training_set_v2.csv,84.17773496621757,33.552121641676344,pseudo_rpt_from_time_series_plus_eis,pseudo_label_not_measurement,supports_cross_dataset_transfer_head,development_cross_dataset,0.5,"Usable only as a down-weighted development pseudo-label, never as a measurement.",development confidence: cross-dataset masked folds beat baseline; still not a measurement
post_dib_selected::stanford::110,Stanford SECL INR21700-M50T,stanford_secl,Diag_9_V4_Ch1,9,80.0,23.29077911376953,cleaned_training_set_v2.csv,90.92634241684242,33.552121641676344,pseudo_rpt_from_time_series_plus_eis,pseudo_label_not_measurement,supports_cross_dataset_transfer_head,development_cross_dataset,0.5,"Usable only as a down-weighted development pseudo-label, never as a measurement.",development confidence: cross-dataset masked folds beat baseline; still not a measurement
post_dib_selected::stanford::111,Stanford SECL INR21700-M50T,stanford_secl,Diag_9_V4_Ch1,9,50.0,23.29077911376953,cleaned_training_set_v2.csv,92.48626360362593,33.552121641676344,pseudo_rpt_from_time_series_plus_eis,pseudo_label_not_measurement,supports_cross_dataset_transfer_head,development_cross_dataset,0.5,"Usable only as a down-weighted development pseudo-label, never as a measurement.",development confidence: cross-dataset masked folds beat baseline; still not a measurement
post_dib_selected::stanford::112,Stanford SECL INR21700-M50T,stanford_secl,Diag_9_V4_Ch1,9,20.0,23.29077911376953,cleaned_training_set_v2.csv,84.51470502737698,33.552121641676344,pseudo_rpt_from_time_series_plus_eis,pseudo_label_not_measurement,supports_cross_dataset_transfer_head,development_cross_dataset,0.5,"Usable only as a down-weighted development pseudo-label, never as a measurement.",development confidence: cross-dataset masked folds beat baseline; still not a measurement
post_dib_selected::stanford::113,Stanford SECL INR21700-M50T,stanford_secl,Diag_9_W10_Ch6,9,80.0,22.89654922485352,cleaned_training_set_v2.csv,92.79744592765569,33.552121641676344,pseudo_rpt_from_time_series_plus_eis,pseudo_label_not_measurement,supports_cross_dataset_transfer_head,development_cross_dataset,0.5,"Usable only as a down-weighted development pseudo-label, never as a measurement.",development confidence: cross-dataset masked folds beat baseline; still not a measurement
post_dib_selected::stanford::114,Stanford SECL INR21700-M50T,stanford_secl,Diag_9_W10_Ch6,9,50.0,22.89654922485352,cleaned_training_set_v2.csv,95.26856207752975,33.552121641676344,pseudo_rpt_from_time_series_plus_eis,pseudo_label_not_measurement,supports_cross_dataset_transfer_head,development_cross_dataset,0.5,"Usable only as a down-weighted development pseudo-label, never as a measurement.",development confidence: cross-dataset masked folds beat baseline; still not a measurement
post_dib_selected::stanford::115,Stanford SECL INR21700-M50T,stanford_secl,Diag_9_W10_Ch6,9,20.0,22.89654922485352,cleaned_training_set_v2.csv,85.18428844871733,33.552121641676344,pseudo_rpt_from_time_series_plus_eis,pseudo_label_not_measurement,supports_cross_dataset_transfer_head,development_cross_dataset,0.5,"Usable only as a down-weighted development pseudo-label, never as a measurement.",development confidence: cross-dataset masked folds beat baseline; still not a measurement
post_dib_selected::stanford::116,Stanford SECL INR21700-M50T,stanford_secl,Diag_9_W8_Ch4,9,80.0,22.95492156626776,cleaned_training_set_v2.csv,92.73950772659747,33.552121641676344,pseudo_rpt_from_time_series_plus_eis,pseudo_label_not_measurement,supports_cross_dataset_transfer_head,development_cross_dataset,0.5,"Usable only as a down-weighted development pseudo-label, never as a measurement.",development confidence: cross-dataset masked folds beat baseline; still not a measurement
post_dib_selected::stanford::117,Stanford SECL INR21700-M50T,stanford_secl,Diag_9_W8_Ch4,9,50.0,22.95492156626776,cleaned_training_set_v2.csv,94.86918557440325,33.552121641676344,pseudo_rpt_from_time_series_plus_eis,pseudo_label_not_measurement,supports_cross_dataset_transfer_head,development_cross_dataset,0.5,"Usable only as a down-weighted development pseudo-label, never as a measurement.",development confidence: cross-dataset masked folds beat baseline; still not a measurement
post_dib_selected::stanford::118,Stanford SECL INR21700-M50T,stanford_secl,Diag_9_W8_Ch4,9,20.0,22.95492156626776,cleaned_training_set_v2.csv,84.5048877143953,33.552121641676344,pseudo_rpt_from_time_series_plus_eis,pseudo_label_not_measurement,supports_cross_dataset_transfer_head,development_cross_dataset,0.5,"Usable only as a down-weighted development pseudo-label, never as a measurement.",development confidence: cross-dataset masked folds beat baseline; still not a measurement
post_dib_selected::stanford::119,Stanford SECL INR21700-M50T,stanford_secl,Diag_9_W9_Ch5,9,80.0,23.18080711364746,cleaned_training_set_v2.csv,93.77332318886425,33.552121641676344,pseudo_rpt_from_time_series_plus_eis,pseudo_label_not_measurement,supports_cross_dataset_transfer_head,development_cross_dataset,0.5,"Usable only as a down-weighted development pseudo-label, never as a measurement.",development confidence: cross-dataset masked folds beat baseline; still not a measurement
post_dib_selected::stanford::120,Stanford SECL INR21700-M50T,stanford_secl,Diag_9_W9_Ch5,9,50.0,23.18080711364746,cleaned_training_set_v2.csv,94.4592595635919,33.552121641676344,pseudo_rpt_from_time_series_plus_eis,pseudo_label_not_measurement,supports_cross_dataset_transfer_head,development_cross_dataset,0.5,"Usable only as a down-weighted development pseudo-label, never as a measurement.",development confidence: cross-dataset masked folds beat baseline; still not a measurement
post_dib_selected::stanford::121,Stanford SECL INR21700-M50T,stanford_secl,Diag_9_W9_Ch5,9,20.0,23.18080711364746,cleaned_training_set_v2.csv,84.18766583688473,33.552121641676344,pseudo_rpt_from_time_series_plus_eis,pseudo_label_not_measurement,supports_cross_dataset_transfer_head,development_cross_dataset,0.5,"Usable only as a down-weighted development pseudo-label, never as a measurement.",development confidence: cross-dataset masked folds beat baseline; still not a measurement
post_dib_selected::stanford::122,Stanford SECL INR21700-M50T,stanford_secl,Diag_10_V4_Ch1,10,80.0,23.24600930079433,cleaned_training_set_v2.csv,91.21339090607651,33.552121641676344,pseudo_rpt_from_time_series_plus_eis,pseudo_label_not_measurement,supports_cross_dataset_transfer_head,development_cross_dataset,0.5,"Usable only as a down-weighted development pseudo-label, never as a measurement.",development confidence: cross-dataset masked folds beat baseline; still not a measurement
post_dib_selected::stanford::123,Stanford SECL INR21700-M50T,stanford_secl,Diag_10_V4_Ch1,10,50.0,23.24600930079433,cleaned_training_set_v2.csv,90.25706828978429,33.552121641676344,pseudo_rpt_from_time_series_plus_eis,pseudo_label_not_measurement,supports_cross_dataset_transfer_head,development_cross_dataset,0.5,"Usable only as a down-weighted development pseudo-label, never as a measurement.",development confidence: cross-dataset masked folds beat baseline; still not a measurement
post_dib_selected::stanford::124,Stanford SECL INR21700-M50T,stanford_secl,Diag_10_V4_Ch1,10,20.0,23.24600930079433,cleaned_training_set_v2.csv,81.44124407159367,33.552121641676344,pseudo_rpt_from_time_series_plus_eis,pseudo_label_not_measurement,supports_cross_dataset_transfer_head,development_cross_dataset,0.5,"Usable only as a down-weighted development pseudo-label, never as a measurement.",development confidence: cross-dataset masked folds beat baseline; still not a measurement
post_dib_selected::stanford::125,Stanford SECL INR21700-M50T,stanford_secl,Diag_10_W10_Ch6,10,80.0,22.94287109375,cleaned_training_set_v2.csv,92.0084248184925,33.552121641676344,pseudo_rpt_from_time_series_plus_eis,pseudo_label_not_measurement,supports_cross_dataset_transfer_head,development_cross_dataset,0.5,"Usable only as a down-weighted development pseudo-label, never as a measurement.",development confidence: cross-dataset masked folds beat baseline; still not a measurement
post_dib_selected::stanford::126,Stanford SECL INR21700-M50T,stanford_secl,Diag_10_W10_Ch6,10,50.0,22.94287109375,cleaned_training_set_v2.csv,93.78100706568975,33.552121641676344,pseudo_rpt_from_time_series_plus_eis,pseudo_label_not_measurement,supports_cross_dataset_transfer_head,development_cross_dataset,0.5,"Usable only as a down-weighted development pseudo-label, never as a measurement.",development confidence: cross-dataset masked folds beat baseline; still not a measurement
post_dib_selected::stanford::127,Stanford SECL INR21700-M50T,stanford_secl,Diag_10_W10_Ch6,10,20.0,22.94287109375,cleaned_training_set_v2.csv,85.6873944312694,33.552121641676344,pseudo_rpt_from_time_series_plus_eis,pseudo_label_not_measurement,supports_cross_dataset_transfer_head,development_cross_dataset,0.5,"Usable only as a down-weighted development pseudo-label, never as a measurement.",development confidence: cross-dataset masked folds beat baseline; still not a measurement
post_dib_selected::stanford::128,Stanford SECL INR21700-M50T,stanford_secl,Diag_10_W8_Ch4,10,80.0,23.00533482678013,cleaned_training_set_v2.csv,92.3722381693029,33.552121641676344,pseudo_rpt_from_time_series_plus_eis,pseudo_label_not_measurement,supports_cross_dataset_transfer_head,development_cross_dataset,0.5,"Usable only as a down-weighted development pseudo-label, never as a measurement.",development confidence: cross-dataset masked folds beat baseline; still not a measurement
post_dib_selected::stanford::129,Stanford SECL INR21700-M50T,stanford_secl,Diag_10_W8_Ch4,10,50.0,23.00533482678013,cleaned_training_set_v2.csv,93.8814777646501,33.552121641676344,pseudo_rpt_from_time_series_plus_eis,pseudo_label_not_measurement,supports_cross_dataset_transfer_head,development_cross_dataset,0.5,"Usable only as a down-weighted development pseudo-label, never as a measurement.",development confidence: cross-dataset masked folds beat baseline; still not a measurement
post_dib_selected::stanford::130,Stanford SECL INR21700-M50T,stanford_secl,Diag_10_W8_Ch4,10,20.0,23.00533482678013,cleaned_training_set_v2.csv,84.0993325035514,33.552121641676344,pseudo_rpt_from_time_series_plus_eis,pseudo_label_not_measurement,supports_cross_dataset_transfer_head,development_cross_dataset,0.5,"Usable only as a down-weighted development pseudo-label, never as a measurement.",development confidence: cross-dataset masked folds beat baseline; still not a measurement
post_dib_selected::stanford::131,Stanford SECL INR21700-M50T,stanford_secl,Diag_10_W9_Ch5,10,80.0,23.21787643432617,cleaned_training_set_v2.csv,92.26789318354794,33.552121641676344,pseudo_rpt_from_time_series_plus_eis,pseudo_label_not_measurement,supports_cross_dataset_transfer_head,development_cross_dataset,0.5,"Usable only as a down-weighted development pseudo-label, never as a measurement.",development confidence: cross-dataset masked folds beat baseline; still not a measurement
post_dib_selected::stanford::132,Stanford SECL INR21700-M50T,stanford_secl,Diag_10_W9_Ch5,10,50.0,23.21787643432617,cleaned_training_set_v2.csv,92.98083157213891,33.552121641676344,pseudo_rpt_from_time_series_plus_eis,pseudo_label_not_measurement,supports_cross_dataset_transfer_head,development_cross_dataset,0.5,"Usable only as a down-weighted development pseudo-label, never as a measurement.",development confidence: cross-dataset masked folds beat baseline; still not a measurement
post_dib_selected::stanford::133,Stanford SECL INR21700-M50T,stanford_secl,Diag_10_W9_Ch5,10,20.0,23.21787643432617,cleaned_training_set_v2.csv,84.8311556373226,33.552121641676344,pseudo_rpt_from_time_series_plus_eis,pseudo_label_not_measurement,supports_cross_dataset_transfer_head,development_cross_dataset,0.5,"Usable only as a down-weighted development pseudo-label, never as a measurement.",development confidence: cross-dataset masked folds beat baseline; still not a measurement
post_dib_selected::stanford::134,Stanford SECL INR21700-M50T,stanford_secl,Diag_11_V4_Ch1,11,80.0,23.138307571411133,cleaned_training_set_v2.csv,92.50166895846502,33.552121641676344,pseudo_rpt_from_time_series_plus_eis,pseudo_label_not_measurement,supports_cross_dataset_transfer_head,development_cross_dataset,0.5,"Usable only as a down-weighted development pseudo-label, never as a measurement.",development confidence: cross-dataset masked folds beat baseline; still not a measurement
post_dib_selected::stanford::135,Stanford SECL INR21700-M50T,stanford_secl,Diag_11_V4_Ch1,11,50.0,23.138307571411133,cleaned_training_set_v2.csv,91.75402478508637,33.552121641676344,pseudo_rpt_from_time_series_plus_eis,pseudo_label_not_measurement,supports_cross_dataset_transfer_head,development_cross_dataset,0.5,"Usable only as a down-weighted development pseudo-label, never as a measurement.",development confidence: cross-dataset masked folds beat baseline; still not a measurement
post_dib_selected::stanford::136,Stanford SECL INR21700-M50T,stanford_secl,Diag_11_V4_Ch1,11,20.0,23.138307571411133,cleaned_training_set_v2.csv,81.56297880576771,33.552121641676344,pseudo_rpt_from_time_series_plus_eis,pseudo_label_not_measurement,supports_cross_dataset_transfer_head,development_cross_dataset,0.5,"Usable only as a down-weighted development pseudo-label, never as a measurement.",development confidence: cross-dataset masked folds beat baseline; still not a measurement
post_dib_selected::stanford::137,Stanford SECL INR21700-M50T,stanford_secl,Diag_11_W10_Ch6,11,80.0,23.073604583740234,cleaned_training_set_v2.csv,92.1887631253708,33.552121641676344,pseudo_rpt_from_time_series_plus_eis,pseudo_label_not_measurement,supports_cross_dataset_transfer_head,development_cross_dataset,0.5,"Usable only as a down-weighted development pseudo-label, never as a measurement.",development confidence: cross-dataset masked folds beat baseline; still not a measurement
post_dib_selected::stanford::138,Stanford SECL INR21700-M50T,stanford_secl,Diag_11_W10_Ch6,11,50.0,23.073604583740234,cleaned_training_set_v2.csv,92.79442640534276,33.552121641676344,pseudo_rpt_from_time_series_plus_eis,pseudo_label_not_measurement,supports_cross_dataset_transfer_head,development_cross_dataset,0.5,"Usable only as a down-weighted development pseudo-label, never as a measurement.",development confidence: cross-dataset masked folds beat baseline; still not a measurement
post_dib_selected::stanford::139,Stanford SECL INR21700-M50T,stanford_secl,Diag_11_W10_Ch6,11,20.0,23.073604583740234,cleaned_training_set_v2.csv,84.758758207313,33.552121641676344,pseudo_rpt_from_time_series_plus_eis,pseudo_label_not_measurement,supports_cross_dataset_transfer_head,development_cross_dataset,0.5,"Usable only as a down-weighted development pseudo-label, never as a measurement.",development confidence: cross-dataset masked folds beat baseline; still not a measurement
post_dib_selected::stanford::140,Stanford SECL INR21700-M50T,stanford_secl,Diag_11_W8_Ch4,11,80.0,23.14408964272667,cleaned_training_set_v2.csv,91.21764989662672,33.552121641676344,pseudo_rpt_from_time_series_plus_eis,pseudo_label_not_measurement,supports_cross_dataset_transfer_head,development_cross_dataset,0.5,"Usable only as a down-weighted development pseudo-label, never as a measurement.",development confidence: cross-dataset masked folds beat baseline; still not a measurement
post_dib_selected::stanford::141,Stanford SECL INR21700-M50T,stanford_secl,Diag_11_W8_Ch4,11,50.0,23.14408964272667,cleaned_training_set_v2.csv,89.84344624264624,33.552121641676344,pseudo_rpt_from_time_series_plus_eis,pseudo_label_not_measurement,supports_cross_dataset_transfer_head,development_cross_dataset,0.5,"Usable only as a down-weighted development pseudo-label, never as a measurement.",development confidence: cross-dataset masked folds beat baseline; still not a measurement
post_dib_selected::stanford::142,Stanford SECL INR21700-M50T,stanford_secl,Diag_11_W8_Ch4,11,20.0,23.14408964272667,cleaned_training_set_v2.csv,84.32223932001673,33.552121641676344,pseudo_rpt_from_time_series_plus_eis,pseudo_label_not_measurement,supports_cross_dataset_transfer_head,development_cross_dataset,0.5,"Usable only as a down-weighted development pseudo-label, never as a measurement.",development confidence: cross-dataset masked folds beat baseline; still not a measurement
post_dib_selected::stanford::143,Stanford SECL INR21700-M50T,stanford_secl,Diag_11_W9_Ch5,11,80.0,23.54464530944824,cleaned_training_set_v2.csv,90.95733367347081,33.552121641676344,pseudo_rpt_from_time_series_plus_eis,pseudo_label_not_measurement,supports_cross_dataset_transfer_head,development_cross_dataset,0.5,"Usable only as a down-weighted development pseudo-label, never as a measurement.",development confidence: cross-dataset masked folds beat baseline; still not a measurement
post_dib_selected::stanford::144,Stanford SECL INR21700-M50T,stanford_secl,Diag_11_W9_Ch5,11,50.0,23.54464530944824,cleaned_training_set_v2.csv,89.60002696914198,33.552121641676344,pseudo_rpt_from_time_series_plus_eis,pseudo_label_not_measurement,supports_cross_dataset_transfer_head,development_cross_dataset,0.5,"Usable only as a down-weighted development pseudo-label, never as a measurement.",development confidence: cross-dataset masked folds beat baseline; still not a measurement
post_dib_selected::stanford::145,Stanford SECL INR21700-M50T,stanford_secl,Diag_11_W9_Ch5,11,20.0,23.54464530944824,cleaned_training_set_v2.csv,81.69547234448825,33.552121641676344,pseudo_rpt_from_time_series_plus_eis,pseudo_label_not_measurement,supports_cross_dataset_transfer_head,development_cross_dataset,0.5,"Usable only as a down-weighted development pseudo-label, never as a measurement.",development confidence: cross-dataset masked folds beat baseline; still not a measurement
post_dib_selected::stanford::146,Stanford SECL INR21700-M50T,stanford_secl,Diag_12_W10_Ch6,12,80.0,22.70770310869217,cleaned_training_set_v2.csv,92.11781910420679,33.552121641676344,pseudo_rpt_from_time_series_plus_eis,pseudo_label_not_measurement,supports_cross_dataset_transfer_head,development_cross_dataset,0.5,"Usable only as a down-weighted development pseudo-label, never as a measurement.",development confidence: cross-dataset masked folds beat baseline; still not a measurement
post_dib_selected::stanford::147,Stanford SECL INR21700-M50T,stanford_secl,Diag_12_W10_Ch6,12,50.0,22.70770310869217,cleaned_training_set_v2.csv,93.73654319622588,33.552121641676344,pseudo_rpt_from_time_series_plus_eis,pseudo_label_not_measurement,supports_cross_dataset_transfer_head,development_cross_dataset,0.5,"Usable only as a down-weighted development pseudo-label, never as a measurement.",development confidence: cross-dataset masked folds beat baseline; still not a measurement
post_dib_selected::stanford::148,Stanford SECL INR21700-M50T,stanford_secl,Diag_12_W10_Ch6,12,20.0,22.70770310869217,cleaned_training_set_v2.csv,85.42173185310682,33.552121641676344,pseudo_rpt_from_time_series_plus_eis,pseudo_label_not_measurement,supports_cross_dataset_transfer_head,development_cross_dataset,0.5,"Usable only as a down-weighted development pseudo-label, never as a measurement.",development confidence: cross-dataset masked folds beat baseline; still not a measurement
post_dib_selected::stanford::149,Stanford SECL INR21700-M50T,stanford_secl,Diag_12_W8_Ch4,12,80.0,22.763497540034585,cleaned_training_set_v2.csv,91.00251843537556,33.552121641676344,pseudo_rpt_from_time_series_plus_eis,pseudo_label_not_measurement,supports_cross_dataset_transfer_head,development_cross_dataset,0.5,"Usable only as a down-weighted development pseudo-label, never as a measurement.",development confidence: cross-dataset masked folds beat baseline; still not a measurement
post_dib_selected::stanford::150,Stanford SECL INR21700-M50T,stanford_secl,Diag_12_W8_Ch4,12,50.0,22.763497540034585,cleaned_training_set_v2.csv,92.90662657417393,33.552121641676344,pseudo_rpt_from_time_series_plus_eis,pseudo_label_not_measurement,supports_cross_dataset_transfer_head,development_cross_dataset,0.5,"Usable only as a down-weighted development pseudo-label, never as a measurement.",development confidence: cross-dataset masked folds beat baseline; still not a measurement
post_dib_selected::stanford::151,Stanford SECL INR21700-M50T,stanford_secl,Diag_12_W8_Ch4,12,20.0,22.763497540034585,cleaned_training_set_v2.csv,83.03659876417966,33.552121641676344,pseudo_rpt_from_time_series_plus_eis,pseudo_label_not_measurement,supports_cross_dataset_transfer_head,development_cross_dataset,0.5,"Usable only as a down-weighted development pseudo-label, never as a measurement.",development confidence: cross-dataset masked folds beat baseline; still not a measurement
post_dib_selected::stanford::152,Stanford SECL INR21700-M50T,stanford_secl,Diag_12_W9_Ch5,12,80.0,23.03702163696289,cleaned_training_set_v2.csv,90.15868045557758,33.552121641676344,pseudo_rpt_from_time_series_plus_eis,pseudo_label_not_measurement,supports_cross_dataset_transfer_head,development_cross_dataset,0.5,"Usable only as a down-weighted development pseudo-label, never as a measurement.",development confidence: cross-dataset masked folds beat baseline; still not a measurement
post_dib_selected::stanford::153,Stanford SECL INR21700-M50T,stanford_secl,Diag_12_W9_Ch5,12,50.0,23.03702163696289,cleaned_training_set_v2.csv,91.8027486866097,33.552121641676344,pseudo_rpt_from_time_series_plus_eis,pseudo_label_not_measurement,supports_cross_dataset_transfer_head,development_cross_dataset,0.5,"Usable only as a down-weighted development pseudo-label, never as a measurement.",development confidence: cross-dataset masked folds beat baseline; still not a measurement
post_dib_selected::stanford::154,Stanford SECL INR21700-M50T,stanford_secl,Diag_12_W9_Ch5,12,20.0,23.03702163696289,cleaned_training_set_v2.csv,82.21896242385334,33.552121641676344,pseudo_rpt_from_time_series_plus_eis,pseudo_label_not_measurement,supports_cross_dataset_transfer_head,development_cross_dataset,0.5,"Usable only as a down-weighted development pseudo-label, never as a measurement.",development confidence: cross-dataset masked folds beat baseline; still not a measurement
post_dib_selected::stanford::155,Stanford SECL INR21700-M50T,stanford_secl,Diag_13_W10_Ch6,13,80.0,23.16465377807617,cleaned_training_set_v2.csv,91.4881036459613,33.552121641676344,pseudo_rpt_from_time_series_plus_eis,pseudo_label_not_measurement,supports_cross_dataset_transfer_head,development_cross_dataset,0.5,"Usable only as a down-weighted development pseudo-label, never as a measurement.",development confidence: cross-dataset masked folds beat baseline; still not a measurement
post_dib_selected::stanford::156,Stanford SECL INR21700-M50T,stanford_secl,Diag_13_W10_Ch6,13,50.0,23.16465377807617,cleaned_training_set_v2.csv,93.82875798171273,33.552121641676344,pseudo_rpt_from_time_series_plus_eis,pseudo_label_not_measurement,supports_cross_dataset_transfer_head,development_cross_dataset,0.5,"Usable only as a down-weighted development pseudo-label, never as a measurement.",development confidence: cross-dataset masked folds beat baseline; still not a measurement
post_dib_selected::stanford::157,Stanford SECL INR21700-M50T,stanford_secl,Diag_13_W10_Ch6,13,20.0,23.16465377807617,cleaned_training_set_v2.csv,81.70875263549355,33.552121641676344,pseudo_rpt_from_time_series_plus_eis,pseudo_label_not_measurement,supports_cross_dataset_transfer_head,development_cross_dataset,0.5,"Usable only as a down-weighted development pseudo-label, never as a measurement.",development confidence: cross-dataset masked folds beat baseline; still not a measurement
post_dib_selected::stanford::158,Stanford SECL INR21700-M50T,stanford_secl,Diag_13_W8_Ch4,13,80.0,23.21324348449707,cleaned_training_set_v2.csv,90.85120426510139,33.552121641676344,pseudo_rpt_from_time_series_plus_eis,pseudo_label_not_measurement,supports_cross_dataset_transfer_head,development_cross_dataset,0.5,"Usable only as a down-weighted development pseudo-label, never as a measurement.",development confidence: cross-dataset masked folds beat baseline; still not a measurement
post_dib_selected::stanford::159,Stanford SECL INR21700-M50T,stanford_secl,Diag_13_W8_Ch4,13,50.0,23.21324348449707,cleaned_training_set_v2.csv,92.68317099919332,33.552121641676344,pseudo_rpt_from_time_series_plus_eis,pseudo_label_not_measurement,supports_cross_dataset_transfer_head,development_cross_dataset,0.5,"Usable only as a down-weighted development pseudo-label, never as a measurement.",development confidence: cross-dataset masked folds beat baseline; still not a measurement
post_dib_selected::stanford::160,Stanford SECL INR21700-M50T,stanford_secl,Diag_13_W8_Ch4,13,20.0,23.21324348449707,cleaned_training_set_v2.csv,81.80436111155855,33.552121641676344,pseudo_rpt_from_time_series_plus_eis,pseudo_label_not_measurement,supports_cross_dataset_transfer_head,development_cross_dataset,0.5,"Usable only as a down-weighted development pseudo-label, never as a measurement.",development confidence: cross-dataset masked folds beat baseline; still not a measurement
post_dib_selected::stanford::161,Stanford SECL INR21700-M50T,stanford_secl,Diag_13_W9_Ch5,13,80.0,23.55087852478028,cleaned_training_set_v2.csv,90.15433195740908,33.552121641676344,pseudo_rpt_from_time_series_plus_eis,pseudo_label_not_measurement,supports_cross_dataset_transfer_head,development_cross_dataset,0.5,"Usable only as a down-weighted development pseudo-label, never as a measurement.",development confidence: cross-dataset masked folds beat baseline; still not a measurement
post_dib_selected::stanford::162,Stanford SECL INR21700-M50T,stanford_secl,Diag_13_W9_Ch5,13,50.0,23.55087852478028,cleaned_training_set_v2.csv,92.11073774804933,33.552121641676344,pseudo_rpt_from_time_series_plus_eis,pseudo_label_not_measurement,supports_cross_dataset_transfer_head,development_cross_dataset,0.5,"Usable only as a down-weighted development pseudo-label, never as a measurement.",development confidence: cross-dataset masked folds beat baseline; still not a measurement
post_dib_selected::stanford::163,Stanford SECL INR21700-M50T,stanford_secl,Diag_13_W9_Ch5,13,20.0,23.55087852478028,cleaned_training_set_v2.csv,83.25014918626161,33.552121641676344,pseudo_rpt_from_time_series_plus_eis,pseudo_label_not_measurement,supports_cross_dataset_transfer_head,development_cross_dataset,0.5,"Usable only as a down-weighted development pseudo-label, never as a measurement.",development confidence: cross-dataset masked folds beat baseline; still not a measurement
post_dib_selected::stanford::164,Stanford SECL INR21700-M50T,stanford_secl,Diag_14_W10_Ch6,14,80.0,23.003639221191406,cleaned_training_set_v2.csv,91.79447738029715,33.552121641676344,pseudo_rpt_from_time_series_plus_eis,pseudo_label_not_measurement,supports_cross_dataset_transfer_head,development_cross_dataset,0.5,"Usable only as a down-weighted development pseudo-label, never as a measurement.",development confidence: cross-dataset masked folds beat baseline; still not a measurement
post_dib_selected::stanford::165,Stanford SECL INR21700-M50T,stanford_secl,Diag_14_W10_Ch6,14,50.0,23.003639221191406,cleaned_training_set_v2.csv,93.61713821259295,33.552121641676344,pseudo_rpt_from_time_series_plus_eis,pseudo_label_not_measurement,supports_cross_dataset_transfer_head,development_cross_dataset,0.5,"Usable only as a down-weighted development pseudo-label, never as a measurement.",development confidence: cross-dataset masked folds beat baseline; still not a measurement
post_dib_selected::stanford::166,Stanford SECL INR21700-M50T,stanford_secl,Diag_14_W10_Ch6,14,20.0,23.003639221191406,cleaned_training_set_v2.csv,84.76705234066276,33.552121641676344,pseudo_rpt_from_time_series_plus_eis,pseudo_label_not_measurement,supports_cross_dataset_transfer_head,development_cross_dataset,0.5,"Usable only as a down-weighted development pseudo-label, never as a measurement.",development confidence: cross-dataset masked folds beat baseline; still not a measurement
post_dib_selected::stanford::167,Stanford SECL INR21700-M50T,stanford_secl,Diag_14_W8_Ch4,14,80.0,23.05885887145996,cleaned_training_set_v2.csv,89.86751768756783,33.552121641676344,pseudo_rpt_from_time_series_plus_eis,pseudo_label_not_measurement,supports_cross_dataset_transfer_head,development_cross_dataset,0.5,"Usable only as a down-weighted development pseudo-label, never as a measurement.",development confidence: cross-dataset masked folds beat baseline; still not a measurement
post_dib_selected::stanford::168,Stanford SECL INR21700-M50T,stanford_secl,Diag_14_W8_Ch4,14,50.0,23.05885887145996,cleaned_training_set_v2.csv,92.30147793966029,33.552121641676344,pseudo_rpt_from_time_series_plus_eis,pseudo_label_not_measurement,supports_cross_dataset_transfer_head,development_cross_dataset,0.5,"Usable only as a down-weighted development pseudo-label, never as a measurement.",development confidence: cross-dataset masked folds beat baseline; still not a measurement
post_dib_selected::stanford::169,Stanford SECL INR21700-M50T,stanford_secl,Diag_14_W8_Ch4,14,20.0,23.05885887145996,cleaned_training_set_v2.csv,82.11784849732092,33.552121641676344,pseudo_rpt_from_time_series_plus_eis,pseudo_label_not_measurement,supports_cross_dataset_transfer_head,development_cross_dataset,0.5,"Usable only as a down-weighted development pseudo-label, never as a measurement.",development confidence: cross-dataset masked folds beat baseline; still not a measurement
post_dib_selected::stanford::170,Stanford SECL INR21700-M50T,stanford_secl,Diag_14_W9_Ch5,14,80.0,23.342674255371094,cleaned_training_set_v2.csv,89.44114205264718,33.552121641676344,pseudo_rpt_from_time_series_plus_eis,pseudo_label_not_measurement,supports_cross_dataset_transfer_head,development_cross_dataset,0.5,"Usable only as a down-weighted development pseudo-label, never as a measurement.",development confidence: cross-dataset masked folds beat baseline; still not a measurement
post_dib_selected::stanford::171,Stanford SECL INR21700-M50T,stanford_secl,Diag_14_W9_Ch5,14,50.0,23.342674255371094,cleaned_training_set_v2.csv,90.8292805913716,33.552121641676344,pseudo_rpt_from_time_series_plus_eis,pseudo_label_not_measurement,supports_cross_dataset_transfer_head,development_cross_dataset,0.5,"Usable only as a down-weighted development pseudo-label, never as a measurement.",development confidence: cross-dataset masked folds beat baseline; still not a measurement
post_dib_selected::stanford::172,Stanford SECL INR21700-M50T,stanford_secl,Diag_14_W9_Ch5,14,20.0,23.342674255371094,cleaned_training_set_v2.csv,83.12816100869843,33.552121641676344,pseudo_rpt_from_time_series_plus_eis,pseudo_label_not_measurement,supports_cross_dataset_transfer_head,development_cross_dataset,0.5,"Usable only as a down-weighted development pseudo-label, never as a measurement.",development confidence: cross-dataset masked folds beat baseline; still not a measurement
post_dib_selected::stanford::173,Stanford SECL INR21700-M50T,stanford_secl,Diag_15_W10_Ch6,15,80.0,22.46529769897461,cleaned_training_set_v2.csv,90.48234109524293,33.552121641676344,pseudo_rpt_from_time_series_plus_eis,pseudo_label_not_measurement,supports_cross_dataset_transfer_head,development_cross_dataset,0.5,"Usable only as a down-weighted development pseudo-label, never as a measurement.",development confidence: cross-dataset masked folds beat baseline; still not a measurement
post_dib_selected::stanford::174,Stanford SECL INR21700-M50T,stanford_secl,Diag_15_W10_Ch6,15,50.0,22.46529769897461,cleaned_training_set_v2.csv,90.49977621907723,33.552121641676344,pseudo_rpt_from_time_series_plus_eis,pseudo_label_not_measurement,supports_cross_dataset_transfer_head,development_cross_dataset,0.5,"Usable only as a down-weighted development pseudo-label, never as a measurement.",development confidence: cross-dataset masked folds beat baseline; still not a measurement
post_dib_selected::stanford::175,Stanford SECL INR21700-M50T,stanford_secl,Diag_15_W10_Ch6,15,20.0,22.46529769897461,cleaned_training_set_v2.csv,84.08643406594368,33.552121641676344,pseudo_rpt_from_time_series_plus_eis,pseudo_label_not_measurement,supports_cross_dataset_transfer_head,development_cross_dataset,0.5,"Usable only as a down-weighted development pseudo-label, never as a measurement.",development confidence: cross-dataset masked folds beat baseline; still not a measurement
post_dib_selected::stanford::176,Stanford SECL INR21700-M50T,stanford_secl,Diag_15_W8_Ch4,15,80.0,22.33972549438477,cleaned_training_set_v2.csv,83.92946204743446,33.552121641676344,pseudo_rpt_from_time_series_plus_eis,pseudo_label_not_measurement,supports_cross_dataset_transfer_head,development_cross_dataset,0.5,"Usable only as a down-weighted development pseudo-label, never as a measurement.",development confidence: cross-dataset masked folds beat baseline; still not a measurement
post_dib_selected::stanford::177,Stanford SECL INR21700-M50T,stanford_secl,Diag_15_W8_Ch4,15,50.0,22.33972549438477,cleaned_training_set_v2.csv,85.02118477278282,33.552121641676344,pseudo_rpt_from_time_series_plus_eis,pseudo_label_not_measurement,supports_cross_dataset_transfer_head,development_cross_dataset,0.5,"Usable only as a down-weighted development pseudo-label, never as a measurement.",development confidence: cross-dataset masked folds beat baseline; still not a measurement
post_dib_selected::stanford::178,Stanford SECL INR21700-M50T,stanford_secl,Diag_15_W8_Ch4,15,20.0,22.33972549438477,cleaned_training_set_v2.csv,82.74902966675191,33.552121641676344,pseudo_rpt_from_time_series_plus_eis,pseudo_label_not_measurement,supports_cross_dataset_transfer_head,development_cross_dataset,0.5,"Usable only as a down-weighted development pseudo-label, never as a measurement.",development confidence: cross-dataset masked folds beat baseline; still not a measurement
post_dib_selected::stanford::179,Stanford SECL INR21700-M50T,stanford_secl,Diag_15_W9_Ch5,15,80.0,22.780838012695312,cleaned_training_set_v2.csv,92.0726622906227,33.552121641676344,pseudo_rpt_from_time_series_plus_eis,pseudo_label_not_measurement,supports_cross_dataset_transfer_head,development_cross_dataset,0.5,"Usable only as a down-weighted development pseudo-label, never as a measurement.",development confidence: cross-dataset masked folds beat baseline; still not a measurement
post_dib_selected::stanford::180,Stanford SECL INR21700-M50T,stanford_secl,Diag_15_W9_Ch5,15,50.0,22.780838012695312,cleaned_training_set_v2.csv,91.61409972779073,33.552121641676344,pseudo_rpt_from_time_series_plus_eis,pseudo_label_not_measurement,supports_cross_dataset_transfer_head,development_cross_dataset,0.5,"Usable only as a down-weighted development pseudo-label, never as a measurement.",development confidence: cross-dataset masked folds beat baseline; still not a measurement
post_dib_selected::stanford::181,Stanford SECL INR21700-M50T,stanford_secl,Diag_15_W9_Ch5,15,20.0,22.780838012695312,cleaned_training_set_v2.csv,81.41867568587313,33.552121641676344,pseudo_rpt_from_time_series_plus_eis,pseudo_label_not_measurement,supports_cross_dataset_transfer_head,development_cross_dataset,0.5,"Usable only as a down-weighted development pseudo-label, never as a measurement.",development confidence: cross-dataset masked folds beat baseline; still not a measurement
radar4kit_repaired_relaxation::4,RADAR4KIT corrected EIS plus PULSE,radar4kit_repaired,P001_3_S05_C06,cell_plsv2,30.0,24.94,cleaned_training_set_v2.csv,91.79869127533841,33.552121641676344,pseudo_rpt_from_time_series_plus_eis,pseudo_label_not_measurement,supports_cross_dataset_transfer_head,development_cross_dataset,0.5,"Usable only as a down-weighted development pseudo-label, never as a measurement.",development confidence: cross-dataset masked folds beat baseline; still not a measurement
radar4kit_repaired_relaxation::5,RADAR4KIT corrected EIS plus PULSE,radar4kit_repaired,P001_3_S05_C06,cell_plsv2,10.0,25.05,cleaned_training_set_v2.csv,89.32875361463014,33.552121641676344,pseudo_rpt_from_time_series_plus_eis,pseudo_label_not_measurement,supports_cross_dataset_transfer_head,development_cross_dataset,0.5,"Usable only as a down-weighted development pseudo-label, never as a measurement.",development confidence: cross-dataset masked folds beat baseline; still not a measurement
radar4kit_repaired_relaxation::6,RADAR4KIT corrected EIS plus PULSE,radar4kit_repaired,P002_1_S02_C10,cell_plsv2,30.0,24.7,cleaned_training_set_v2.csv,92.56544860711499,33.552121641676344,pseudo_rpt_from_time_series_plus_eis,pseudo_label_not_measurement,supports_cross_dataset_transfer_head,development_cross_dataset,0.5,"Usable only as a down-weighted development pseudo-label, never as a measurement.",development confidence: cross-dataset masked folds beat baseline; still not a measurement
radar4kit_repaired_relaxation::7,RADAR4KIT corrected EIS plus PULSE,radar4kit_repaired,P002_1_S02_C10,cell_plsv2,10.0,24.87,cleaned_training_set_v2.csv,86.65553274732089,33.552121641676344,pseudo_rpt_from_time_series_plus_eis,pseudo_label_not_measurement,supports_cross_dataset_transfer_head,development_cross_dataset,0.5,"Usable only as a down-weighted development pseudo-label, never as a measurement.",development confidence: cross-dataset masked folds beat baseline; still not a measurement
radar4kit_repaired_relaxation::14,RADAR4KIT corrected EIS plus PULSE,radar4kit_repaired,P003_2_S02_C11,cell_plsv2,30.0,24.75,cleaned_training_set_v2.csv,93.4403271808628,33.552121641676344,pseudo_rpt_from_time_series_plus_eis,pseudo_label_not_measurement,supports_cross_dataset_transfer_head,development_cross_dataset,0.5,"Usable only as a down-weighted development pseudo-label, never as a measurement.",development confidence: cross-dataset masked folds beat baseline; still not a measurement
radar4kit_repaired_relaxation::15,RADAR4KIT corrected EIS plus PULSE,radar4kit_repaired,P003_2_S02_C11,cell_plsv2,10.0,24.78,cleaned_training_set_v2.csv,86.36628660038927,33.552121641676344,pseudo_rpt_from_time_series_plus_eis,pseudo_label_not_measurement,supports_cross_dataset_transfer_head,development_cross_dataset,0.5,"Usable only as a down-weighted development pseudo-label, never as a measurement.",development confidence: cross-dataset masked folds beat baseline; still not a measurement
radar4kit_repaired_relaxation::16,RADAR4KIT corrected EIS plus PULSE,radar4kit_repaired,P003_3_S05_C07,cell_plsv2,30.0,24.99,cleaned_training_set_v2.csv,90.48515734484535,33.552121641676344,pseudo_rpt_from_time_series_plus_eis,pseudo_label_not_measurement,supports_cross_dataset_transfer_head,development_cross_dataset,0.5,"Usable only as a down-weighted development pseudo-label, never as a measurement.",development confidence: cross-dataset masked folds beat baseline; still not a measurement
radar4kit_repaired_relaxation::17,RADAR4KIT corrected EIS plus PULSE,radar4kit_repaired,P003_3_S05_C07,cell_plsv2,10.0,25.01,cleaned_training_set_v2.csv,88.42294016267202,33.552121641676344,pseudo_rpt_from_time_series_plus_eis,pseudo_label_not_measurement,supports_cross_dataset_transfer_head,development_cross_dataset,0.5,"Usable only as a down-weighted development pseudo-label, never as a measurement.",development confidence: cross-dataset masked folds beat baseline; still not a measurement
radar4kit_repaired_relaxation::22,RADAR4KIT corrected EIS plus PULSE,radar4kit_repaired,P004_3_S05_C08,cell_plsv2,30.0,24.85,cleaned_training_set_v2.csv,92.16909112201536,33.552121641676344,pseudo_rpt_from_time_series_plus_eis,pseudo_label_not_measurement,supports_cross_dataset_transfer_head,development_cross_dataset,0.5,"Usable only as a down-weighted development pseudo-label, never as a measurement.",development confidence: cross-dataset masked folds beat baseline; still not a measurement
radar4kit_repaired_relaxation::23,RADAR4KIT corrected EIS plus PULSE,radar4kit_repaired,P004_3_S05_C08,cell_plsv2,10.0,24.94,cleaned_training_set_v2.csv,90.23457004738594,33.552121641676344,pseudo_rpt_from_time_series_plus_eis,pseudo_label_not_measurement,supports_cross_dataset_transfer_head,development_cross_dataset,0.5,"Usable only as a down-weighted development pseudo-label, never as a measurement.",development confidence: cross-dataset masked folds beat baseline; still not a measurement
radar4kit_repaired_relaxation::24,RADAR4KIT corrected EIS plus PULSE,radar4kit_repaired,P005_1_S07_C09,cell_plsv2,30.0,18.315,cleaned_training_set_v2.csv,94.5334820550223,33.552121641676344,pseudo_rpt_from_time_series_plus_eis,pseudo_label_not_measurement,supports_cross_dataset_transfer_head,development_cross_dataset,0.5,"Usable only as a down-weighted development pseudo-label, never as a measurement.",development confidence: cross-dataset masked folds beat baseline; still not a measurement
radar4kit_repaired_relaxation::25,RADAR4KIT corrected EIS plus PULSE,radar4kit_repaired,P005_1_S07_C09,cell_plsv2,10.0,18.42,cleaned_training_set_v2.csv,93.26832112073113,33.552121641676344,pseudo_rpt_from_time_series_plus_eis,pseudo_label_not_measurement,supports_cross_dataset_transfer_head,development_cross_dataset,0.5,"Usable only as a down-weighted development pseudo-label, never as a measurement.",development confidence: cross-dataset masked folds beat baseline; still not a measurement
radar4kit_repaired_relaxation::26,RADAR4KIT corrected EIS plus PULSE,radar4kit_repaired,P005_2_S08_C09,cell_plsv2,30.0,18.145,cleaned_training_set_v2.csv,95.10867676401699,33.552121641676344,pseudo_rpt_from_time_series_plus_eis,pseudo_label_not_measurement,supports_cross_dataset_transfer_head,development_cross_dataset,0.5,"Usable only as a down-weighted development pseudo-label, never as a measurement.",development confidence: cross-dataset masked folds beat baseline; still not a measurement
radar4kit_repaired_relaxation::27,RADAR4KIT corrected EIS plus PULSE,radar4kit_repaired,P005_2_S08_C09,cell_plsv2,10.0,18.31,cleaned_training_set_v2.csv,94.60935891225179,33.552121641676344,pseudo_rpt_from_time_series_plus_eis,pseudo_label_not_measurement,supports_cross_dataset_transfer_head,development_cross_dataset,0.5,"Usable only as a down-weighted development pseudo-label, never as a measurement.",development confidence: cross-dataset masked folds beat baseline; still not a measurement
radar4kit_repaired_relaxation::28,RADAR4KIT corrected EIS plus PULSE,radar4kit_repaired,P005_3_S09_C09,cell_plsv2,30.0,18.295,cleaned_training_set_v2.csv,93.94265960092952,33.552121641676344,pseudo_rpt_from_time_series_plus_eis,pseudo_label_not_measurement,supports_cross_dataset_transfer_head,development_cross_dataset,0.5,"Usable only as a down-weighted development pseudo-label, never as a measurement.",development confidence: cross-dataset masked folds beat baseline; still not a measurement
radar4kit_repaired_relaxation::29,RADAR4KIT corrected EIS plus PULSE,radar4kit_repaired,P005_3_S09_C09,cell_plsv2,10.0,24.95,cleaned_training_set_v2.csv,92.967145134656,33.552121641676344,pseudo_rpt_from_time_series_plus_eis,pseudo_label_not_measurement,supports_cross_dataset_transfer_head,development_cross_dataset,0.5,"Usable only as a down-weighted development pseudo-label, never as a measurement.",development confidence: cross-dataset masked folds beat baseline; still not a measurement
radar4kit_repaired_relaxation::30,RADAR4KIT corrected EIS plus PULSE,radar4kit_repaired,P006_1_S06_C10,cell_plsv2,30.0,24.700000000000003,cleaned_training_set_v2.csv,93.78121727895198,33.552121641676344,pseudo_rpt_from_time_series_plus_eis,pseudo_label_not_measurement,supports_cross_dataset_transfer_head,development_cross_dataset,0.5,"Usable only as a down-weighted development pseudo-label, never as a measurement.",development confidence: cross-dataset masked folds beat baseline; still not a measurement
radar4kit_repaired_relaxation::31,RADAR4KIT corrected EIS plus PULSE,radar4kit_repaired,P006_1_S06_C10,cell_plsv2,10.0,24.85,cleaned_training_set_v2.csv,92.91077991812536,33.552121641676344,pseudo_rpt_from_time_series_plus_eis,pseudo_label_not_measurement,supports_cross_dataset_transfer_head,development_cross_dataset,0.5,"Usable only as a down-weighted development pseudo-label, never as a measurement.",development confidence: cross-dataset masked folds beat baseline; still not a measurement
radar4kit_repaired_relaxation::32,RADAR4KIT corrected EIS plus PULSE,radar4kit_repaired,P006_2_S07_C10,cell_plsv2,30.0,18.155,cleaned_training_set_v2.csv,93.9699370937668,33.552121641676344,pseudo_rpt_from_time_series_plus_eis,pseudo_label_not_measurement,supports_cross_dataset_transfer_head,development_cross_dataset,0.5,"Usable only as a down-weighted development pseudo-label, never as a measurement.",development confidence: cross-dataset masked folds beat baseline; still not a measurement
radar4kit_repaired_relaxation::33,RADAR4KIT corrected EIS plus PULSE,radar4kit_repaired,P006_2_S07_C10,cell_plsv2,10.0,24.87,cleaned_training_set_v2.csv,92.99688751092708,33.552121641676344,pseudo_rpt_from_time_series_plus_eis,pseudo_label_not_measurement,supports_cross_dataset_transfer_head,development_cross_dataset,0.5,"Usable only as a down-weighted development pseudo-label, never as a measurement.",development confidence: cross-dataset masked folds beat baseline; still not a measurement
radar4kit_repaired_relaxation::34,RADAR4KIT corrected EIS plus PULSE,radar4kit_repaired,P006_3_S08_C10,cell_plsv2,30.0,18.155,cleaned_training_set_v2.csv,94.13202179160376,33.552121641676344,pseudo_rpt_from_time_series_plus_eis,pseudo_label_not_measurement,supports_cross_dataset_transfer_head,development_cross_dataset,0.5,"Usable only as a down-weighted development pseudo-label, never as a measurement.",development confidence: cross-dataset masked folds beat baseline; still not a measurement
radar4kit_repaired_relaxation::35,RADAR4KIT corrected EIS plus PULSE,radar4kit_repaired,P006_3_S08_C10,cell_plsv2,10.0,18.15,cleaned_training_set_v2.csv,92.58164970742624,33.552121641676344,pseudo_rpt_from_time_series_plus_eis,pseudo_label_not_measurement,supports_cross_dataset_transfer_head,development_cross_dataset,0.5,"Usable only as a down-weighted development pseudo-label, never as a measurement.",development confidence: cross-dataset masked folds beat baseline; still not a measurement
radar4kit_repaired_relaxation::36,RADAR4KIT corrected EIS plus PULSE,radar4kit_repaired,P007_1_S06_C11,cell_plsv2,30.0,24.795,cleaned_training_set_v2.csv,94.6027096347349,33.552121641676344,pseudo_rpt_from_time_series_plus_eis,pseudo_label_not_measurement,supports_cross_dataset_transfer_head,development_cross_dataset,0.5,"Usable only as a down-weighted development pseudo-label, never as a measurement.",development confidence: cross-dataset masked folds beat baseline; still not a measurement
radar4kit_repaired_relaxation::37,RADAR4KIT corrected EIS plus PULSE,radar4kit_repaired,P007_1_S06_C11,cell_plsv2,10.0,24.71,cleaned_training_set_v2.csv,93.49543208059157,33.552121641676344,pseudo_rpt_from_time_series_plus_eis,pseudo_label_not_measurement,supports_cross_dataset_transfer_head,development_cross_dataset,0.5,"Usable only as a down-weighted development pseudo-label, never as a measurement.",development confidence: cross-dataset masked folds beat baseline; still not a measurement
radar4kit_repaired_relaxation::38,RADAR4KIT corrected EIS plus PULSE,radar4kit_repaired,P007_2_S09_C10,cell_plsv2,30.0,17.97,cleaned_training_set_v2.csv,94.11655286096259,33.552121641676344,pseudo_rpt_from_time_series_plus_eis,pseudo_label_not_measurement,supports_cross_dataset_transfer_head,development_cross_dataset,0.5,"Usable only as a down-weighted development pseudo-label, never as a measurement.",development confidence: cross-dataset masked folds beat baseline; still not a measurement
radar4kit_repaired_relaxation::39,RADAR4KIT corrected EIS plus PULSE,radar4kit_repaired,P007_2_S09_C10,cell_plsv2,10.0,18.24,cleaned_training_set_v2.csv,93.50432089882261,33.552121641676344,pseudo_rpt_from_time_series_plus_eis,pseudo_label_not_measurement,supports_cross_dataset_transfer_head,development_cross_dataset,0.5,"Usable only as a down-weighted development pseudo-label, never as a measurement.",development confidence: cross-dataset masked folds beat baseline; still not a measurement
radar4kit_repaired_relaxation::40,RADAR4KIT corrected EIS plus PULSE,radar4kit_repaired,P007_3_S10_C05,cell_plsv2,30.0,17.97,cleaned_training_set_v2.csv,95.87143975434338,33.552121641676344,pseudo_rpt_from_time_series_plus_eis,pseudo_label_not_measurement,supports_cross_dataset_transfer_head,development_cross_dataset,0.5,"Usable only as a down-weighted development pseudo-label, never as a measurement.",development confidence: cross-dataset masked folds beat baseline; still not a measurement
radar4kit_repaired_relaxation::41,RADAR4KIT corrected EIS plus PULSE,radar4kit_repaired,P007_3_S10_C05,cell_plsv2,10.0,18.06,cleaned_training_set_v2.csv,93.85857139749463,33.552121641676344,pseudo_rpt_from_time_series_plus_eis,pseudo_label_not_measurement,supports_cross_dataset_transfer_head,development_cross_dataset,0.5,"Usable only as a down-weighted development pseudo-label, never as a measurement.",development confidence: cross-dataset masked folds beat baseline; still not a measurement
radar4kit_repaired_relaxation::42,RADAR4KIT corrected EIS plus PULSE,radar4kit_repaired,P008_1_S07_C11,cell_plsv2,30.0,18.19,cleaned_training_set_v2.csv,93.10696208571527,33.552121641676344,pseudo_rpt_from_time_series_plus_eis,pseudo_label_not_measurement,supports_cross_dataset_transfer_head,development_cross_dataset,0.5,"Usable only as a down-weighted development pseudo-label, never as a measurement.",development confidence: cross-dataset masked folds beat baseline; still not a measurement
radar4kit_repaired_relaxation::43,RADAR4KIT corrected EIS plus PULSE,radar4kit_repaired,P008_1_S07_C11,cell_plsv2,10.0,18.34,cleaned_training_set_v2.csv,92.99281477915,33.552121641676344,pseudo_rpt_from_time_series_plus_eis,pseudo_label_not_measurement,supports_cross_dataset_transfer_head,development_cross_dataset,0.5,"Usable only as a down-weighted development pseudo-label, never as a measurement.",development confidence: cross-dataset masked folds beat baseline; still not a measurement
radar4kit_repaired_relaxation::44,RADAR4KIT corrected EIS plus PULSE,radar4kit_repaired,P008_2_S08_C11,cell_plsv2,30.0,18.37,cleaned_training_set_v2.csv,92.67717723723042,33.552121641676344,pseudo_rpt_from_time_series_plus_eis,pseudo_label_not_measurement,supports_cross_dataset_transfer_head,development_cross_dataset,0.5,"Usable only as a down-weighted development pseudo-label, never as a measurement.",development confidence: cross-dataset masked folds beat baseline; still not a measurement
radar4kit_repaired_relaxation::45,RADAR4KIT corrected EIS plus PULSE,radar4kit_repaired,P008_2_S08_C11,cell_plsv2,10.0,24.84,cleaned_training_set_v2.csv,93.33664105075279,33.552121641676344,pseudo_rpt_from_time_series_plus_eis,pseudo_label_not_measurement,supports_cross_dataset_transfer_head,development_cross_dataset,0.5,"Usable only as a down-weighted development pseudo-label, never as a measurement.",development confidence: cross-dataset masked folds beat baseline; still not a measurement
radar4kit_repaired_relaxation::46,RADAR4KIT corrected EIS plus PULSE,radar4kit_repaired,P008_3_S09_C11,cell_plsv2,30.0,18.13,cleaned_training_set_v2.csv,93.56889235026554,33.552121641676344,pseudo_rpt_from_time_series_plus_eis,pseudo_label_not_measurement,supports_cross_dataset_transfer_head,development_cross_dataset,0.5,"Usable only as a down-weighted development pseudo-label, never as a measurement.",development confidence: cross-dataset masked folds beat baseline; still not a measurement
radar4kit_repaired_relaxation::47,RADAR4KIT corrected EIS plus PULSE,radar4kit_repaired,P008_3_S09_C11,cell_plsv2,10.0,18.025,cleaned_training_set_v2.csv,92.6575667653206,33.552121641676344,pseudo_rpt_from_time_series_plus_eis,pseudo_label_not_measurement,supports_cross_dataset_transfer_head,development_cross_dataset,0.5,"Usable only as a down-weighted development pseudo-label, never as a measurement.",development confidence: cross-dataset masked folds beat baseline; still not a measurement
radar4kit_repaired_relaxation::48,RADAR4KIT corrected EIS plus PULSE,radar4kit_repaired,P009_1_S12_C09,cell_plsv2,30.0,24.78,cleaned_training_set_v2.csv,94.80064321715935,33.552121641676344,pseudo_rpt_from_time_series_plus_eis,pseudo_label_not_measurement,supports_cross_dataset_transfer_head,development_cross_dataset,0.5,"Usable only as a down-weighted development pseudo-label, never as a measurement.",development confidence: cross-dataset masked folds beat baseline; still not a measurement
radar4kit_repaired_relaxation::49,RADAR4KIT corrected EIS plus PULSE,radar4kit_repaired,P009_1_S12_C09,cell_plsv2,10.0,24.83,cleaned_training_set_v2.csv,93.44763115950073,33.552121641676344,pseudo_rpt_from_time_series_plus_eis,pseudo_label_not_measurement,supports_cross_dataset_transfer_head,development_cross_dataset,0.5,"Usable only as a down-weighted development pseudo-label, never as a measurement.",development confidence: cross-dataset masked folds beat baseline; still not a measurement
radar4kit_repaired_relaxation::50,RADAR4KIT corrected EIS plus PULSE,radar4kit_repaired,P009_2_S13_C09,cell_plsv2,30.0,24.87,cleaned_training_set_v2.csv,94.90349016189788,33.552121641676344,pseudo_rpt_from_time_series_plus_eis,pseudo_label_not_measurement,supports_cross_dataset_transfer_head,development_cross_dataset,0.5,"Usable only as a down-weighted development pseudo-label, never as a measurement.",development confidence: cross-dataset masked folds beat baseline; still not a measurement
radar4kit_repaired_relaxation::51,RADAR4KIT corrected EIS plus PULSE,radar4kit_repaired,P009_2_S13_C09,cell_plsv2,10.0,24.745,cleaned_training_set_v2.csv,94.62191259907567,33.552121641676344,pseudo_rpt_from_time_series_plus_eis,pseudo_label_not_measurement,supports_cross_dataset_transfer_head,development_cross_dataset,0.5,"Usable only as a down-weighted development pseudo-label, never as a measurement.",development confidence: cross-dataset masked folds beat baseline; still not a measurement
radar4kit_repaired_relaxation::52,RADAR4KIT corrected EIS plus PULSE,radar4kit_repaired,P009_3_S14_C09,cell_plsv2,30.0,25.05,cleaned_training_set_v2.csv,94.78752056149736,33.552121641676344,pseudo_rpt_from_time_series_plus_eis,pseudo_label_not_measurement,supports_cross_dataset_transfer_head,development_cross_dataset,0.5,"Usable only as a down-weighted development pseudo-label, never as a measurement.",development confidence: cross-dataset masked folds beat baseline; still not a measurement
radar4kit_repaired_relaxation::53,RADAR4KIT corrected EIS plus PULSE,radar4kit_repaired,P009_3_S14_C09,cell_plsv2,10.0,25.05,cleaned_training_set_v2.csv,93.2176435881349,33.552121641676344,pseudo_rpt_from_time_series_plus_eis,pseudo_label_not_measurement,supports_cross_dataset_transfer_head,development_cross_dataset,0.5,"Usable only as a down-weighted development pseudo-label, never as a measurement.",development confidence: cross-dataset masked folds beat baseline; still not a measurement
radar4kit_repaired_relaxation::54,RADAR4KIT corrected EIS plus PULSE,radar4kit_repaired,P010_1_S11_C10,cell_plsv2,30.0,24.7,cleaned_training_set_v2.csv,92.86085370056482,33.552121641676344,pseudo_rpt_from_time_series_plus_eis,pseudo_label_not_measurement,supports_cross_dataset_transfer_head,development_cross_dataset,0.5,"Usable only as a down-weighted development pseudo-label, never as a measurement.",development confidence: cross-dataset masked folds beat baseline; still not a measurement
radar4kit_repaired_relaxation::55,RADAR4KIT corrected EIS plus PULSE,radar4kit_repaired,P010_1_S11_C10,cell_plsv2,10.0,24.78,cleaned_training_set_v2.csv,93.06575806624936,33.552121641676344,pseudo_rpt_from_time_series_plus_eis,pseudo_label_not_measurement,supports_cross_dataset_transfer_head,development_cross_dataset,0.5,"Usable only as a down-weighted development pseudo-label, never as a measurement.",development confidence: cross-dataset masked folds beat baseline; still not a measurement
radar4kit_repaired_relaxation::56,RADAR4KIT corrected EIS plus PULSE,radar4kit_repaired,P010_2_S12_C10,cell_plsv2,30.0,24.89,cleaned_training_set_v2.csv,94.77424325402363,33.552121641676344,pseudo_rpt_from_time_series_plus_eis,pseudo_label_not_measurement,supports_cross_dataset_transfer_head,development_cross_dataset,0.5,"Usable only as a down-weighted development pseudo-label, never as a measurement.",development confidence: cross-dataset masked folds beat baseline; still not a measurement
radar4kit_repaired_relaxation::57,RADAR4KIT corrected EIS plus PULSE,radar4kit_repaired,P010_2_S12_C10,cell_plsv2,10.0,24.88,cleaned_training_set_v2.csv,93.33062899499855,33.552121641676344,pseudo_rpt_from_time_series_plus_eis,pseudo_label_not_measurement,supports_cross_dataset_transfer_head,development_cross_dataset,0.5,"Usable only as a down-weighted development pseudo-label, never as a measurement.",development confidence: cross-dataset masked folds beat baseline; still not a measurement
radar4kit_repaired_relaxation::58,RADAR4KIT corrected EIS plus PULSE,radar4kit_repaired,P010_3_S13_C10,cell_plsv2,30.0,25.15,cleaned_training_set_v2.csv,95.81699140217178,33.552121641676344,pseudo_rpt_from_time_series_plus_eis,pseudo_label_not_measurement,supports_cross_dataset_transfer_head,development_cross_dataset,0.5,"Usable only as a down-weighted development pseudo-label, never as a measurement.",development confidence: cross-dataset masked folds beat baseline; still not a measurement
radar4kit_repaired_relaxation::59,RADAR4KIT corrected EIS plus PULSE,radar4kit_repaired,P010_3_S13_C10,cell_plsv2,10.0,25.14,cleaned_training_set_v2.csv,93.5791138434834,33.552121641676344,pseudo_rpt_from_time_series_plus_eis,pseudo_label_not_measurement,supports_cross_dataset_transfer_head,development_cross_dataset,0.5,"Usable only as a down-weighted development pseudo-label, never as a measurement.",development confidence: cross-dataset masked folds beat baseline; still not a measurement
radar4kit_repaired_relaxation::60,RADAR4KIT corrected EIS plus PULSE,radar4kit_repaired,P011_1_S10_C11,cell_plsv2,30.0,24.72,cleaned_training_set_v2.csv,94.51662948487854,33.552121641676344,pseudo_rpt_from_time_series_plus_eis,pseudo_label_not_measurement,supports_cross_dataset_transfer_head,development_cross_dataset,0.5,"Usable only as a down-weighted development pseudo-label, never as a measurement.",development confidence: cross-dataset masked folds beat baseline; still not a measurement
radar4kit_repaired_relaxation::61,RADAR4KIT corrected EIS plus PULSE,radar4kit_repaired,P011_1_S10_C11,cell_plsv2,10.0,24.77,cleaned_training_set_v2.csv,94.4665283398164,33.552121641676344,pseudo_rpt_from_time_series_plus_eis,pseudo_label_not_measurement,supports_cross_dataset_transfer_head,development_cross_dataset,0.5,"Usable only as a down-weighted development pseudo-label, never as a measurement.",development confidence: cross-dataset masked folds beat baseline; still not a measurement
radar4kit_repaired_relaxation::62,RADAR4KIT corrected EIS plus PULSE,radar4kit_repaired,P011_2_S11_C11,cell_plsv2,30.0,25.07,cleaned_training_set_v2.csv,95.86383540457976,33.552121641676344,pseudo_rpt_from_time_series_plus_eis,pseudo_label_not_measurement,supports_cross_dataset_transfer_head,development_cross_dataset,0.5,"Usable only as a down-weighted development pseudo-label, never as a measurement.",development confidence: cross-dataset masked folds beat baseline; still not a measurement
radar4kit_repaired_relaxation::63,RADAR4KIT corrected EIS plus PULSE,radar4kit_repaired,P011_2_S11_C11,cell_plsv2,10.0,25.07,cleaned_training_set_v2.csv,94.26581943898293,33.552121641676344,pseudo_rpt_from_time_series_plus_eis,pseudo_label_not_measurement,supports_cross_dataset_transfer_head,development_cross_dataset,0.5,"Usable only as a down-weighted development pseudo-label, never as a measurement.",development confidence: cross-dataset masked folds beat baseline; still not a measurement
radar4kit_repaired_relaxation::64,RADAR4KIT corrected EIS plus PULSE,radar4kit_repaired,P011_3_S14_C10,cell_plsv2,30.0,25.38,cleaned_training_set_v2.csv,96.6548665234122,33.552121641676344,pseudo_rpt_from_time_series_plus_eis,pseudo_label_not_measurement,supports_cross_dataset_transfer_head,development_cross_dataset,0.5,"Usable only as a down-weighted development pseudo-label, never as a measurement.",development confidence: cross-dataset masked folds beat baseline; still not a measurement
radar4kit_repaired_relaxation::65,RADAR4KIT corrected EIS plus PULSE,radar4kit_repaired,P011_3_S14_C10,cell_plsv2,10.0,25.27,cleaned_training_set_v2.csv,94.42500852110854,33.552121641676344,pseudo_rpt_from_time_series_plus_eis,pseudo_label_not_measurement,supports_cross_dataset_transfer_head,development_cross_dataset,0.5,"Usable only as a down-weighted development pseudo-label, never as a measurement.",development confidence: cross-dataset masked folds beat baseline; still not a measurement
radar4kit_repaired_relaxation::66,RADAR4KIT corrected EIS plus PULSE,radar4kit_repaired,P012_1_S12_C11,cell_plsv2,30.0,24.87,cleaned_training_set_v2.csv,96.01340427954496,33.552121641676344,pseudo_rpt_from_time_series_plus_eis,pseudo_label_not_measurement,supports_cross_dataset_transfer_head,development_cross_dataset,0.5,"Usable only as a down-weighted development pseudo-label, never as a measurement.",development confidence: cross-dataset masked folds beat baseline; still not a measurement
radar4kit_repaired_relaxation::67,RADAR4KIT corrected EIS plus PULSE,radar4kit_repaired,P012_1_S12_C11,cell_plsv2,10.0,24.74,cleaned_training_set_v2.csv,94.75056276010626,33.552121641676344,pseudo_rpt_from_time_series_plus_eis,pseudo_label_not_measurement,supports_cross_dataset_transfer_head,development_cross_dataset,0.5,"Usable only as a down-weighted development pseudo-label, never as a measurement.",development confidence: cross-dataset masked folds beat baseline; still not a measurement
radar4kit_repaired_relaxation::68,RADAR4KIT corrected EIS plus PULSE,radar4kit_repaired,P012_2_S13_C11,cell_plsv2,30.0,25.27,cleaned_training_set_v2.csv,95.47428373446245,33.552121641676344,pseudo_rpt_from_time_series_plus_eis,pseudo_label_not_measurement,supports_cross_dataset_transfer_head,development_cross_dataset,0.5,"Usable only as a down-weighted development pseudo-label, never as a measurement.",development confidence: cross-dataset masked folds beat baseline; still not a measurement
radar4kit_repaired_relaxation::69,RADAR4KIT corrected EIS plus PULSE,radar4kit_repaired,P012_2_S13_C11,cell_plsv2,10.0,25.17,cleaned_training_set_v2.csv,93.57466939903897,33.552121641676344,pseudo_rpt_from_time_series_plus_eis,pseudo_label_not_measurement,supports_cross_dataset_transfer_head,development_cross_dataset,0.5,"Usable only as a down-weighted development pseudo-label, never as a measurement.",development confidence: cross-dataset masked folds beat baseline; still not a measurement
radar4kit_repaired_relaxation::70,RADAR4KIT corrected EIS plus PULSE,radar4kit_repaired,P012_3_S14_C11,cell_plsv2,30.0,25.06,cleaned_training_set_v2.csv,96.20204772781209,33.552121641676344,pseudo_rpt_from_time_series_plus_eis,pseudo_label_not_measurement,supports_cross_dataset_transfer_head,development_cross_dataset,0.5,"Usable only as a down-weighted development pseudo-label, never as a measurement.",development confidence: cross-dataset masked folds beat baseline; still not a measurement
radar4kit_repaired_relaxation::71,RADAR4KIT corrected EIS plus PULSE,radar4kit_repaired,P012_3_S14_C11,cell_plsv2,10.0,25.04,cleaned_training_set_v2.csv,93.01728507374978,33.552121641676344,pseudo_rpt_from_time_series_plus_eis,pseudo_label_not_measurement,supports_cross_dataset_transfer_head,development_cross_dataset,0.5,"Usable only as a down-weighted development pseudo-label, never as a measurement.",development confidence: cross-dataset masked folds beat baseline; still not a measurement
radar4kit_repaired_relaxation::72,RADAR4KIT corrected EIS plus PULSE,radar4kit_repaired,P013_1_S15_C09,cell_plsv2,30.0,25.25,cleaned_training_set_v2.csv,96.56749230984798,33.552121641676344,pseudo_rpt_from_time_series_plus_eis,pseudo_label_not_measurement,supports_cross_dataset_transfer_head,development_cross_dataset,0.5,"Usable only as a down-weighted development pseudo-label, never as a measurement.",development confidence: cross-dataset masked folds beat baseline; still not a measurement
radar4kit_repaired_relaxation::73,RADAR4KIT corrected EIS plus PULSE,radar4kit_repaired,P013_1_S15_C09,cell_plsv2,10.0,25.53,cleaned_training_set_v2.csv,94.38180495535063,33.552121641676344,pseudo_rpt_from_time_series_plus_eis,pseudo_label_not_measurement,supports_cross_dataset_transfer_head,development_cross_dataset,0.5,"Usable only as a down-weighted development pseudo-label, never as a measurement.",development confidence: cross-dataset masked folds beat baseline; still not a measurement
radar4kit_repaired_relaxation::74,RADAR4KIT corrected EIS plus PULSE,radar4kit_repaired,P013_2_S16_C10,cell_plsv2,30.0,25.29,cleaned_training_set_v2.csv,93.15887115154518,33.552121641676344,pseudo_rpt_from_time_series_plus_eis,pseudo_label_not_measurement,supports_cross_dataset_transfer_head,development_cross_dataset,0.5,"Usable only as a down-weighted development pseudo-label, never as a measurement.",development confidence: cross-dataset masked folds beat baseline; still not a measurement
radar4kit_repaired_relaxation::75,RADAR4KIT corrected EIS plus PULSE,radar4kit_repaired,P013_2_S16_C10,cell_plsv2,10.0,25.425,cleaned_training_set_v2.csv,92.90266866098376,33.552121641676344,pseudo_rpt_from_time_series_plus_eis,pseudo_label_not_measurement,supports_cross_dataset_transfer_head,development_cross_dataset,0.5,"Usable only as a down-weighted development pseudo-label, never as a measurement.",development confidence: cross-dataset masked folds beat baseline; still not a measurement
radar4kit_repaired_relaxation::76,RADAR4KIT corrected EIS plus PULSE,radar4kit_repaired,P013_3_S19_C09,cell_plsv2,30.0,25.25,cleaned_training_set_v2.csv,96.19084120496157,33.552121641676344,pseudo_rpt_from_time_series_plus_eis,pseudo_label_not_measurement,supports_cross_dataset_transfer_head,development_cross_dataset,0.5,"Usable only as a down-weighted development pseudo-label, never as a measurement.",development confidence: cross-dataset masked folds beat baseline; still not a measurement
radar4kit_repaired_relaxation::77,RADAR4KIT corrected EIS plus PULSE,radar4kit_repaired,P013_3_S19_C09,cell_plsv2,10.0,25.32,cleaned_training_set_v2.csv,94.81661311909552,33.552121641676344,pseudo_rpt_from_time_series_plus_eis,pseudo_label_not_measurement,supports_cross_dataset_transfer_head,development_cross_dataset,0.5,"Usable only as a down-weighted development pseudo-label, never as a measurement.",development confidence: cross-dataset masked folds beat baseline; still not a measurement
radar4kit_repaired_relaxation::78,RADAR4KIT corrected EIS plus PULSE,radar4kit_repaired,P014_1_S17_C10,cell_plsv2,30.0,32.145,cleaned_training_set_v2.csv,97.51158106753813,33.552121641676344,pseudo_rpt_from_time_series_plus_eis,pseudo_label_not_measurement,supports_cross_dataset_transfer_head,development_cross_dataset,0.5,"Usable only as a down-weighted development pseudo-label, never as a measurement.",development confidence: cross-dataset masked folds beat baseline; still not a measurement
radar4kit_repaired_relaxation::79,RADAR4KIT corrected EIS plus PULSE,radar4kit_repaired,P014_1_S17_C10,cell_plsv2,10.0,25.3,cleaned_training_set_v2.csv,94.60906300438735,33.552121641676344,pseudo_rpt_from_time_series_plus_eis,pseudo_label_not_measurement,supports_cross_dataset_transfer_head,development_cross_dataset,0.5,"Usable only as a down-weighted development pseudo-label, never as a measurement.",development confidence: cross-dataset masked folds beat baseline; still not a measurement
radar4kit_repaired_relaxation::80,RADAR4KIT corrected EIS plus PULSE,radar4kit_repaired,P014_2_S18_C10,cell_plsv2,30.0,32.305,cleaned_training_set_v2.csv,99.65214222222222,33.552121641676344,pseudo_rpt_from_time_series_plus_eis,pseudo_label_not_measurement,supports_cross_dataset_transfer_head,development_cross_dataset,0.5,"Usable only as a down-weighted development pseudo-label, never as a measurement.",development confidence: cross-dataset masked folds beat baseline; still not a measurement
radar4kit_repaired_relaxation::81,RADAR4KIT corrected EIS plus PULSE,radar4kit_repaired,P014_2_S18_C10,cell_plsv2,10.0,32.225,cleaned_training_set_v2.csv,95.34573753939961,33.552121641676344,pseudo_rpt_from_time_series_plus_eis,pseudo_label_not_measurement,supports_cross_dataset_transfer_head,development_cross_dataset,0.5,"Usable only as a down-weighted development pseudo-label, never as a measurement.",development confidence: cross-dataset masked folds beat baseline; still not a measurement
radar4kit_repaired_relaxation::82,RADAR4KIT corrected EIS plus PULSE,radar4kit_repaired,P014_3_S19_C10,cell_plsv2,30.0,25.41,cleaned_training_set_v2.csv,97.01933827346468,33.552121641676344,pseudo_rpt_from_time_series_plus_eis,pseudo_label_not_measurement,supports_cross_dataset_transfer_head,development_cross_dataset,0.5,"Usable only as a down-weighted development pseudo-label, never as a measurement.",development confidence: cross-dataset masked folds beat baseline; still not a measurement
radar4kit_repaired_relaxation::83,RADAR4KIT corrected EIS plus PULSE,radar4kit_repaired,P014_3_S19_C10,cell_plsv2,10.0,25.5,cleaned_training_set_v2.csv,95.19273798682038,33.552121641676344,pseudo_rpt_from_time_series_plus_eis,pseudo_label_not_measurement,supports_cross_dataset_transfer_head,development_cross_dataset,0.5,"Usable only as a down-weighted development pseudo-label, never as a measurement.",development confidence: cross-dataset masked folds beat baseline; still not a measurement
radar4kit_repaired_relaxation::84,RADAR4KIT corrected EIS plus PULSE,radar4kit_repaired,P015_1_S15_C10,cell_plsv2,30.0,25.31,cleaned_training_set_v2.csv,95.62125182856457,33.552121641676344,pseudo_rpt_from_time_series_plus_eis,pseudo_label_not_measurement,supports_cross_dataset_transfer_head,development_cross_dataset,0.5,"Usable only as a down-weighted development pseudo-label, never as a measurement.",development confidence: cross-dataset masked folds beat baseline; still not a measurement
radar4kit_repaired_relaxation::85,RADAR4KIT corrected EIS plus PULSE,radar4kit_repaired,P015_1_S15_C10,cell_plsv2,10.0,25.49,cleaned_training_set_v2.csv,94.697990664753,33.552121641676344,pseudo_rpt_from_time_series_plus_eis,pseudo_label_not_measurement,supports_cross_dataset_transfer_head,development_cross_dataset,0.5,"Usable only as a down-weighted development pseudo-label, never as a measurement.",development confidence: cross-dataset masked folds beat baseline; still not a measurement
radar4kit_repaired_relaxation::86,RADAR4KIT corrected EIS plus PULSE,radar4kit_repaired,P015_2_S16_C11,cell_plsv2,30.0,25.46,cleaned_training_set_v2.csv,96.57902506493508,33.552121641676344,pseudo_rpt_from_time_series_plus_eis,pseudo_label_not_measurement,supports_cross_dataset_transfer_head,development_cross_dataset,0.5,"Usable only as a down-weighted development pseudo-label, never as a measurement.",development confidence: cross-dataset masked folds beat baseline; still not a measurement
radar4kit_repaired_relaxation::87,RADAR4KIT corrected EIS plus PULSE,radar4kit_repaired,P015_2_S16_C11,cell_plsv2,10.0,25.27,cleaned_training_set_v2.csv,94.22120347172863,33.552121641676344,pseudo_rpt_from_time_series_plus_eis,pseudo_label_not_measurement,supports_cross_dataset_transfer_head,development_cross_dataset,0.5,"Usable only as a down-weighted development pseudo-label, never as a measurement.",development confidence: cross-dataset masked folds beat baseline; still not a measurement
radar4kit_repaired_relaxation::88,RADAR4KIT corrected EIS plus PULSE,radar4kit_repaired,P015_3_S17_C11,cell_plsv2,30.0,32.33,cleaned_training_set_v2.csv,99.1459524074074,33.552121641676344,pseudo_rpt_from_time_series_plus_eis,pseudo_label_not_measurement,supports_cross_dataset_transfer_head,development_cross_dataset,0.5,"Usable only as a down-weighted development pseudo-label, never as a measurement.",development confidence: cross-dataset masked folds beat baseline; still not a measurement
radar4kit_repaired_relaxation::89,RADAR4KIT corrected EIS plus PULSE,radar4kit_repaired,P015_3_S17_C11,cell_plsv2,10.0,32.235,cleaned_training_set_v2.csv,95.72982947521743,33.552121641676344,pseudo_rpt_from_time_series_plus_eis,pseudo_label_not_measurement,supports_cross_dataset_transfer_head,development_cross_dataset,0.5,"Usable only as a down-weighted development pseudo-label, never as a measurement.",development confidence: cross-dataset masked folds beat baseline; still not a measurement
radar4kit_repaired_relaxation::90,RADAR4KIT corrected EIS plus PULSE,radar4kit_repaired,P016_1_S15_C11,cell_plsv2,30.0,25.26,cleaned_training_set_v2.csv,94.94230151280188,33.552121641676344,pseudo_rpt_from_time_series_plus_eis,pseudo_label_not_measurement,supports_cross_dataset_transfer_head,development_cross_dataset,0.5,"Usable only as a down-weighted development pseudo-label, never as a measurement.",development confidence: cross-dataset masked folds beat baseline; still not a measurement
radar4kit_repaired_relaxation::91,RADAR4KIT corrected EIS plus PULSE,radar4kit_repaired,P016_1_S15_C11,cell_plsv2,10.0,25.15,cleaned_training_set_v2.csv,94.95790860279625,33.552121641676344,pseudo_rpt_from_time_series_plus_eis,pseudo_label_not_measurement,supports_cross_dataset_transfer_head,development_cross_dataset,0.5,"Usable only as a down-weighted development pseudo-label, never as a measurement.",development confidence: cross-dataset masked folds beat baseline; still not a measurement
radar4kit_repaired_relaxation::92,RADAR4KIT corrected EIS plus PULSE,radar4kit_repaired,P016_2_S18_C11,cell_plsv2,30.0,32.03,cleaned_training_set_v2.csv,94.4756962742003,33.552121641676344,pseudo_rpt_from_time_series_plus_eis,pseudo_label_not_measurement,supports_cross_dataset_transfer_head,development_cross_dataset,0.5,"Usable only as a down-weighted development pseudo-label, never as a measurement.",development confidence: cross-dataset masked folds beat baseline; still not a measurement
radar4kit_repaired_relaxation::93,RADAR4KIT corrected EIS plus PULSE,radar4kit_repaired,P016_2_S18_C11,cell_plsv2,10.0,25.19,cleaned_training_set_v2.csv,93.75959855699857,33.552121641676344,pseudo_rpt_from_time_series_plus_eis,pseudo_label_not_measurement,supports_cross_dataset_transfer_head,development_cross_dataset,0.5,"Usable only as a down-weighted development pseudo-label, never as a measurement.",development confidence: cross-dataset masked folds beat baseline; still not a measurement
radar4kit_repaired_relaxation::94,RADAR4KIT corrected EIS plus PULSE,radar4kit_repaired,P016_3_S19_C11,cell_plsv2,30.0,25.33,cleaned_training_set_v2.csv,95.5111742831243,33.552121641676344,pseudo_rpt_from_time_series_plus_eis,pseudo_label_not_measurement,supports_cross_dataset_transfer_head,development_cross_dataset,0.5,"Usable only as a down-weighted development pseudo-label, never as a measurement.",development confidence: cross-dataset masked folds beat baseline; still not a measurement
radar4kit_repaired_relaxation::95,RADAR4KIT corrected EIS plus PULSE,radar4kit_repaired,P016_3_S19_C11,cell_plsv2,10.0,25.33,cleaned_training_set_v2.csv,93.89785852186462,33.552121641676344,pseudo_rpt_from_time_series_plus_eis,pseudo_label_not_measurement,supports_cross_dataset_transfer_head,development_cross_dataset,0.5,"Usable only as a down-weighted development pseudo-label, never as a measurement.",development confidence: cross-dataset masked folds beat baseline; still not a measurement
radar4kit_repaired_relaxation::109,RADAR4KIT corrected EIS plus PULSE,radar4kit_repaired,P019_1_S01_C04,cell_plsv2,10.0,25.1,cleaned_training_set_v2.csv,87.29019736152833,33.552121641676344,pseudo_rpt_from_time_series_plus_eis,pseudo_label_not_measurement,supports_cross_dataset_transfer_head,development_cross_dataset,0.5,"Usable only as a down-weighted development pseudo-label, never as a measurement.",development confidence: cross-dataset masked folds beat baseline; still not a measurement
radar4kit_repaired_relaxation::110,RADAR4KIT corrected EIS plus PULSE,radar4kit_repaired,P019_2_S02_C04,cell_plsv2,30.0,25.15,cleaned_training_set_v2.csv,89.02148762162818,33.552121641676344,pseudo_rpt_from_time_series_plus_eis,pseudo_label_not_measurement,supports_cross_dataset_transfer_head,development_cross_dataset,0.5,"Usable only as a down-weighted development pseudo-label, never as a measurement.",development confidence: cross-dataset masked folds beat baseline; still not a measurement
radar4kit_repaired_relaxation::111,RADAR4KIT corrected EIS plus PULSE,radar4kit_repaired,P019_2_S02_C04,cell_plsv2,10.0,25.22,cleaned_training_set_v2.csv,90.03771570235357,33.552121641676344,pseudo_rpt_from_time_series_plus_eis,pseudo_label_not_measurement,supports_cross_dataset_transfer_head,development_cross_dataset,0.5,"Usable only as a down-weighted development pseudo-label, never as a measurement.",development confidence: cross-dataset masked folds beat baseline; still not a measurement
radar4kit_repaired_relaxation::113,RADAR4KIT corrected EIS plus PULSE,radar4kit_repaired,P019_3_S05_C02,cell_plsv2,10.0,25.03,cleaned_training_set_v2.csv,83.5048843316704,33.552121641676344,pseudo_rpt_from_time_series_plus_eis,pseudo_label_not_measurement,supports_cross_dataset_transfer_head,development_cross_dataset,0.5,"Usable only as a down-weighted development pseudo-label, never as a measurement.",development confidence: cross-dataset masked folds beat baseline; still not a measurement
radar4kit_repaired_relaxation::115,RADAR4KIT corrected EIS plus PULSE,radar4kit_repaired,P020_1_S01_C00,cell_plsv2,10.0,25.07,cleaned_training_set_v2.csv,91.19504000361154,33.552121641676344,pseudo_rpt_from_time_series_plus_eis,pseudo_label_not_measurement,supports_cross_dataset_transfer_head,development_cross_dataset,0.5,"Usable only as a down-weighted development pseudo-label, never as a measurement.",development confidence: cross-dataset masked folds beat baseline; still not a measurement
radar4kit_repaired_relaxation::116,RADAR4KIT corrected EIS plus PULSE,radar4kit_repaired,P020_2_S02_C00,cell_plsv2,30.0,24.99,cleaned_training_set_v2.csv,82.08682449862992,33.552121641676344,pseudo_rpt_from_time_series_plus_eis,pseudo_label_not_measurement,supports_cross_dataset_transfer_head,development_cross_dataset,0.5,"Usable only as a down-weighted development pseudo-label, never as a measurement.",development confidence: cross-dataset masked folds beat baseline; still not a measurement
radar4kit_repaired_relaxation::117,RADAR4KIT corrected EIS plus PULSE,radar4kit_repaired,P020_2_S02_C00,cell_plsv2,10.0,24.99,cleaned_training_set_v2.csv,82.7515073775997,33.552121641676344,pseudo_rpt_from_time_series_plus_eis,pseudo_label_not_measurement,supports_cross_dataset_transfer_head,development_cross_dataset,0.5,"Usable only as a down-weighted development pseudo-label, never as a measurement.",development confidence: cross-dataset masked folds beat baseline; still not a measurement
radar4kit_repaired_relaxation::119,RADAR4KIT corrected EIS plus PULSE,radar4kit_repaired,P020_3_S03_C00,cell_plsv2,10.0,25.08,cleaned_training_set_v2.csv,83.22684360145837,33.552121641676344,pseudo_rpt_from_time_series_plus_eis,pseudo_label_not_measurement,supports_cross_dataset_transfer_head,development_cross_dataset,0.5,"Usable only as a down-weighted development pseudo-label, never as a measurement.",development confidence: cross-dataset masked folds beat baseline; still not a measurement
radar4kit_repaired_relaxation::124,RADAR4KIT corrected EIS plus PULSE,radar4kit_repaired,P021_3_S04_C08,cell_plsv2,30.0,1.48,cleaned_training_set_v2.csv,77.7319815091703,33.552121641676344,pseudo_rpt_from_time_series_plus_eis,pseudo_label_not_measurement,supports_cross_dataset_transfer_head,development_cross_dataset,0.5,"Usable only as a down-weighted development pseudo-label, never as a measurement.",development confidence: cross-dataset masked folds beat baseline; still not a measurement
radar4kit_repaired_relaxation::129,RADAR4KIT corrected EIS plus PULSE,radar4kit_repaired,P022_2_S04_C06,cell_plsv2,10.0,25.07,cleaned_training_set_v2.csv,84.67020252618738,33.552121641676344,pseudo_rpt_from_time_series_plus_eis,pseudo_label_not_measurement,supports_cross_dataset_transfer_head,development_cross_dataset,0.5,"Usable only as a down-weighted development pseudo-label, never as a measurement.",development confidence: cross-dataset masked folds beat baseline; still not a measurement
radar4kit_repaired_relaxation::133,RADAR4KIT corrected EIS plus PULSE,radar4kit_repaired,P023_1_S03_C04,cell_plsv2,10.0,25.28,cleaned_training_set_v2.csv,85.49630015018512,33.552121641676344,pseudo_rpt_from_time_series_plus_eis,pseudo_label_not_measurement,supports_cross_dataset_transfer_head,development_cross_dataset,0.5,"Usable only as a down-weighted development pseudo-label, never as a measurement.",development confidence: cross-dataset masked folds beat baseline; still not a measurement
radar4kit_repaired_relaxation::135,RADAR4KIT corrected EIS plus PULSE,radar4kit_repaired,P023_2_S04_C04,cell_plsv2,10.0,25.16,cleaned_training_set_v2.csv,89.55877710861698,33.552121641676344,pseudo_rpt_from_time_series_plus_eis,pseudo_label_not_measurement,supports_cross_dataset_transfer_head,development_cross_dataset,0.5,"Usable only as a down-weighted development pseudo-label, never as a measurement.",development confidence: cross-dataset masked folds beat baseline; still not a measurement
radar4kit_repaired_relaxation::136,RADAR4KIT corrected EIS plus PULSE,radar4kit_repaired,P023_3_S05_C03,cell_plsv2,30.0,25.29,cleaned_training_set_v2.csv,87.11202850955029,33.552121641676344,pseudo_rpt_from_time_series_plus_eis,pseudo_label_not_measurement,supports_cross_dataset_transfer_head,development_cross_dataset,0.5,"Usable only as a down-weighted development pseudo-label, never as a measurement.",development confidence: cross-dataset masked folds beat baseline; still not a measurement
radar4kit_repaired_relaxation::137,RADAR4KIT corrected EIS plus PULSE,radar4kit_repaired,P023_3_S05_C03,cell_plsv2,10.0,25.13,cleaned_training_set_v2.csv,88.8001094923405,33.552121641676344,pseudo_rpt_from_time_series_plus_eis,pseudo_label_not_measurement,supports_cross_dataset_transfer_head,development_cross_dataset,0.5,"Usable only as a down-weighted development pseudo-label, never as a measurement.",development confidence: cross-dataset masked folds beat baseline; still not a measurement
radar4kit_repaired_relaxation::139,RADAR4KIT corrected EIS plus PULSE,radar4kit_repaired,P024_1_S01_C01,cell_plsv2,10.0,25.11,cleaned_training_set_v2.csv,84.14479836832551,33.552121641676344,pseudo_rpt_from_time_series_plus_eis,pseudo_label_not_measurement,supports_cross_dataset_transfer_head,development_cross_dataset,0.5,"Usable only as a down-weighted development pseudo-label, never as a measurement.",development confidence: cross-dataset masked folds beat baseline; still not a measurement
radar4kit_repaired_relaxation::141,RADAR4KIT corrected EIS plus PULSE,radar4kit_repaired,P024_2_S04_C00,cell_plsv2,10.0,25.06,cleaned_training_set_v2.csv,89.12155715834844,33.552121641676344,pseudo_rpt_from_time_series_plus_eis,pseudo_label_not_measurement,supports_cross_dataset_transfer_head,development_cross_dataset,0.5,"Usable only as a down-weighted development pseudo-label, never as a measurement.",development confidence: cross-dataset masked folds beat baseline; still not a measurement
radar4kit_repaired_relaxation::142,RADAR4KIT corrected EIS plus PULSE,radar4kit_repaired,P024_3_S05_C00,cell_plsv2,30.0,25.08,cleaned_training_set_v2.csv,84.93278427668058,33.552121641676344,pseudo_rpt_from_time_series_plus_eis,pseudo_label_not_measurement,supports_cross_dataset_transfer_head,development_cross_dataset,0.5,"Usable only as a down-weighted development pseudo-label, never as a measurement.",development confidence: cross-dataset masked folds beat baseline; still not a measurement
radar4kit_repaired_relaxation::143,RADAR4KIT corrected EIS plus PULSE,radar4kit_repaired,P024_3_S05_C00,cell_plsv2,10.0,25.18,cleaned_training_set_v2.csv,84.09468443108567,33.552121641676344,pseudo_rpt_from_time_series_plus_eis,pseudo_label_not_measurement,supports_cross_dataset_transfer_head,development_cross_dataset,0.5,"Usable only as a down-weighted development pseudo-label, never as a measurement.",development confidence: cross-dataset masked folds beat baseline; still not a measurement
radar4kit_repaired_relaxation::146,RADAR4KIT corrected EIS plus PULSE,radar4kit_repaired,P025_2_S02_C09,cell_plsv2,30.0,25.01,cleaned_training_set_v2.csv,79.72428876672485,33.552121641676344,pseudo_rpt_from_time_series_plus_eis,pseudo_label_not_measurement,supports_cross_dataset_transfer_head,development_cross_dataset,0.5,"Usable only as a down-weighted development pseudo-label, never as a measurement.",development confidence: cross-dataset masked folds beat baseline; still not a measurement
radar4kit_repaired_relaxation::147,RADAR4KIT corrected EIS plus PULSE,radar4kit_repaired,P025_2_S02_C09,cell_plsv2,10.0,24.92,cleaned_training_set_v2.csv,86.71515818829654,33.552121641676344,pseudo_rpt_from_time_series_plus_eis,pseudo_label_not_measurement,supports_cross_dataset_transfer_head,development_cross_dataset,0.5,"Usable only as a down-weighted development pseudo-label, never as a measurement.",development confidence: cross-dataset masked folds beat baseline; still not a measurement
radar4kit_repaired_relaxation::156,RADAR4KIT corrected EIS plus PULSE,radar4kit_repaired,P027_1_S01_C05,cell_plsv2,30.0,2.58,cleaned_training_set_v2.csv,89.0419643783568,33.552121641676344,pseudo_rpt_from_time_series_plus_eis,pseudo_label_not_measurement,supports_cross_dataset_transfer_head,development_cross_dataset,0.5,"Usable only as a down-weighted development pseudo-label, never as a measurement.",development confidence: cross-dataset masked folds beat baseline; still not a measurement
radar4kit_repaired_relaxation::162,RADAR4KIT corrected EIS plus PULSE,radar4kit_repaired,P028_1_S02_C01,cell_plsv2,30.0,25.17,cleaned_training_set_v2.csv,90.2007222218849,33.552121641676344,pseudo_rpt_from_time_series_plus_eis,pseudo_label_not_measurement,supports_cross_dataset_transfer_head,development_cross_dataset,0.5,"Usable only as a down-weighted development pseudo-label, never as a measurement.",development confidence: cross-dataset masked folds beat baseline; still not a measurement
radar4kit_repaired_relaxation::163,RADAR4KIT corrected EIS plus PULSE,radar4kit_repaired,P028_1_S02_C01,cell_plsv2,10.0,25.18,cleaned_training_set_v2.csv,86.53424519969349,33.552121641676344,pseudo_rpt_from_time_series_plus_eis,pseudo_label_not_measurement,supports_cross_dataset_transfer_head,development_cross_dataset,0.5,"Usable only as a down-weighted development pseudo-label, never as a measurement.",development confidence: cross-dataset masked folds beat baseline; still not a measurement
radar4kit_repaired_relaxation::165,RADAR4KIT corrected EIS plus PULSE,radar4kit_repaired,P028_2_S03_C01,cell_plsv2,10.0,25.215000000000003,cleaned_training_set_v2.csv,83.38237758205487,33.552121641676344,pseudo_rpt_from_time_series_plus_eis,pseudo_label_not_measurement,supports_cross_dataset_transfer_head,development_cross_dataset,0.5,"Usable only as a down-weighted development pseudo-label, never as a measurement.",development confidence: cross-dataset masked folds beat baseline; still not a measurement
radar4kit_repaired_relaxation::167,RADAR4KIT corrected EIS plus PULSE,radar4kit_repaired,P028_3_S04_C01,cell_plsv2,10.0,25.08,cleaned_training_set_v2.csv,75.53043510309548,33.552121641676344,pseudo_rpt_from_time_series_plus_eis,pseudo_label_not_measurement,supports_cross_dataset_transfer_head,development_cross_dataset,0.5,"Usable only as a down-weighted development pseudo-label, never as a measurement.",development confidence: cross-dataset masked folds beat baseline; still not a measurement
radar4kit_repaired_relaxation::168,RADAR4KIT corrected EIS plus PULSE,radar4kit_repaired,P029_1_S06_C08,cell_plsv2,30.0,24.61,cleaned_training_set_v2.csv,82.0665060270896,33.552121641676344,pseudo_rpt_from_time_series_plus_eis,pseudo_label_not_measurement,supports_cross_dataset_transfer_head,development_cross_dataset,0.5,"Usable only as a down-weighted development pseudo-label, never as a measurement.",development confidence: cross-dataset masked folds beat baseline; still not a measurement
radar4kit_repaired_relaxation::169,RADAR4KIT corrected EIS plus PULSE,radar4kit_repaired,P029_1_S06_C08,cell_plsv2,10.0,24.74,cleaned_training_set_v2.csv,78.80815707620506,33.552121641676344,pseudo_rpt_from_time_series_plus_eis,pseudo_label_not_measurement,supports_cross_dataset_transfer_head,development_cross_dataset,0.5,"Usable only as a down-weighted development pseudo-label, never as a measurement.",development confidence: cross-dataset masked folds beat baseline; still not a measurement
radar4kit_repaired_relaxation::172,RADAR4KIT corrected EIS plus PULSE,radar4kit_repaired,P029_3_S09_C07,cell_plsv2,30.0,10.83,cleaned_training_set_v2.csv,93.41712330380572,33.552121641676344,pseudo_rpt_from_time_series_plus_eis,pseudo_label_not_measurement,supports_cross_dataset_transfer_head,development_cross_dataset,0.5,"Usable only as a down-weighted development pseudo-label, never as a measurement.",development confidence: cross-dataset masked folds beat baseline; still not a measurement
radar4kit_repaired_relaxation::174,RADAR4KIT corrected EIS plus PULSE,radar4kit_repaired,P030_1_S06_C06,cell_plsv2,30.0,18.115,cleaned_training_set_v2.csv,78.68765457988073,33.552121641676344,pseudo_rpt_from_time_series_plus_eis,pseudo_label_not_measurement,supports_cross_dataset_transfer_head,development_cross_dataset,0.5,"Usable only as a down-weighted development pseudo-label, never as a measurement.",development confidence: cross-dataset masked folds beat baseline; still not a measurement
radar4kit_repaired_relaxation::175,RADAR4KIT corrected EIS plus PULSE,radar4kit_repaired,P030_1_S06_C06,cell_plsv2,10.0,18.515,cleaned_training_set_v2.csv,85.8751934800412,33.552121641676344,pseudo_rpt_from_time_series_plus_eis,pseudo_label_not_measurement,supports_cross_dataset_transfer_head,development_cross_dataset,0.5,"Usable only as a down-weighted development pseudo-label, never as a measurement.",development confidence: cross-dataset masked folds beat baseline; still not a measurement
radar4kit_repaired_relaxation::177,RADAR4KIT corrected EIS plus PULSE,radar4kit_repaired,P030_2_S08_C05,cell_plsv2,10.0,19.09,cleaned_training_set_v2.csv,92.9682470185942,33.552121641676344,pseudo_rpt_from_time_series_plus_eis,pseudo_label_not_measurement,supports_cross_dataset_transfer_head,development_cross_dataset,0.5,"Usable only as a down-weighted development pseudo-label, never as a measurement.",development confidence: cross-dataset masked folds beat baseline; still not a measurement
radar4kit_repaired_relaxation::179,RADAR4KIT corrected EIS plus PULSE,radar4kit_repaired,P030_3_S09_C05,cell_plsv2,10.0,18.595,cleaned_training_set_v2.csv,88.09984704814157,33.552121641676344,pseudo_rpt_from_time_series_plus_eis,pseudo_label_not_measurement,supports_cross_dataset_transfer_head,development_cross_dataset,0.5,"Usable only as a down-weighted development pseudo-label, never as a measurement.",development confidence: cross-dataset masked folds beat baseline; still not a measurement
radar4kit_repaired_relaxation::180,RADAR4KIT corrected EIS plus PULSE,radar4kit_repaired,P031_1_S06_C04,cell_plsv2,30.0,25.03,cleaned_training_set_v2.csv,94.61313092480647,33.552121641676344,pseudo_rpt_from_time_series_plus_eis,pseudo_label_not_measurement,supports_cross_dataset_transfer_head,development_cross_dataset,0.5,"Usable only as a down-weighted development pseudo-label, never as a measurement.",development confidence: cross-dataset masked folds beat baseline; still not a measurement
radar4kit_repaired_relaxation::181,RADAR4KIT corrected EIS plus PULSE,radar4kit_repaired,P031_1_S06_C04,cell_plsv2,10.0,25.0,cleaned_training_set_v2.csv,92.84576857186734,33.552121641676344,pseudo_rpt_from_time_series_plus_eis,pseudo_label_not_measurement,supports_cross_dataset_transfer_head,development_cross_dataset,0.5,"Usable only as a down-weighted development pseudo-label, never as a measurement.",development confidence: cross-dataset masked folds beat baseline; still not a measurement
radar4kit_repaired_relaxation::182,RADAR4KIT corrected EIS plus PULSE,radar4kit_repaired,P031_2_S07_C04,cell_plsv2,30.0,18.215,cleaned_training_set_v2.csv,92.77507788798822,33.552121641676344,pseudo_rpt_from_time_series_plus_eis,pseudo_label_not_measurement,supports_cross_dataset_transfer_head,development_cross_dataset,0.5,"Usable only as a down-weighted development pseudo-label, never as a measurement.",development confidence: cross-dataset masked folds beat baseline; still not a measurement
radar4kit_repaired_relaxation::183,RADAR4KIT corrected EIS plus PULSE,radar4kit_repaired,P031_2_S07_C04,cell_plsv2,10.0,24.99,cleaned_training_set_v2.csv,91.24965153782614,33.552121641676344,pseudo_rpt_from_time_series_plus_eis,pseudo_label_not_measurement,supports_cross_dataset_transfer_head,development_cross_dataset,0.5,"Usable only as a down-weighted development pseudo-label, never as a measurement.",development confidence: cross-dataset masked folds beat baseline; still not a measurement
radar4kit_repaired_relaxation::184,RADAR4KIT corrected EIS plus PULSE,radar4kit_repaired,P031_3_S09_C03,cell_plsv2,30.0,18.0,cleaned_training_set_v2.csv,92.84336583938627,33.552121641676344,pseudo_rpt_from_time_series_plus_eis,pseudo_label_not_measurement,supports_cross_dataset_transfer_head,development_cross_dataset,0.5,"Usable only as a down-weighted development pseudo-label, never as a measurement.",development confidence: cross-dataset masked folds beat baseline; still not a measurement
radar4kit_repaired_relaxation::185,RADAR4KIT corrected EIS plus PULSE,radar4kit_repaired,P031_3_S09_C03,cell_plsv2,10.0,25.08,cleaned_training_set_v2.csv,92.89140872989385,33.552121641676344,pseudo_rpt_from_time_series_plus_eis,pseudo_label_not_measurement,supports_cross_dataset_transfer_head,development_cross_dataset,0.5,"Usable only as a down-weighted development pseudo-label, never as a measurement.",development confidence: cross-dataset masked folds beat baseline; still not a measurement
radar4kit_repaired_relaxation::186,RADAR4KIT corrected EIS plus PULSE,radar4kit_repaired,P032_1_S06_C00,cell_plsv2,30.0,24.97,cleaned_training_set_v2.csv,89.56059285240386,33.552121641676344,pseudo_rpt_from_time_series_plus_eis,pseudo_label_not_measurement,supports_cross_dataset_transfer_head,development_cross_dataset,0.5,"Usable only as a down-weighted development pseudo-label, never as a measurement.",development confidence: cross-dataset masked folds beat baseline; still not a measurement
radar4kit_repaired_relaxation::187,RADAR4KIT corrected EIS plus PULSE,radar4kit_repaired,P032_1_S06_C00,cell_plsv2,10.0,24.9,cleaned_training_set_v2.csv,86.11597312371539,33.552121641676344,pseudo_rpt_from_time_series_plus_eis,pseudo_label_not_measurement,supports_cross_dataset_transfer_head,development_cross_dataset,0.5,"Usable only as a down-weighted development pseudo-label, never as a measurement.",development confidence: cross-dataset masked folds beat baseline; still not a measurement
radar4kit_repaired_relaxation::188,RADAR4KIT corrected EIS plus PULSE,radar4kit_repaired,P032_2_S07_C00,cell_plsv2,30.0,18.24,cleaned_training_set_v2.csv,88.01700017942882,33.552121641676344,pseudo_rpt_from_time_series_plus_eis,pseudo_label_not_measurement,supports_cross_dataset_transfer_head,development_cross_dataset,0.5,"Usable only as a down-weighted development pseudo-label, never as a measurement.",development confidence: cross-dataset masked folds beat baseline; still not a measurement
radar4kit_repaired_relaxation::189,RADAR4KIT corrected EIS plus PULSE,radar4kit_repaired,P032_2_S07_C00,cell_plsv2,10.0,25.05,cleaned_training_set_v2.csv,86.37090709937344,33.552121641676344,pseudo_rpt_from_time_series_plus_eis,pseudo_label_not_measurement,supports_cross_dataset_transfer_head,development_cross_dataset,0.5,"Usable only as a down-weighted development pseudo-label, never as a measurement.",development confidence: cross-dataset masked folds beat baseline; still not a measurement
radar4kit_repaired_relaxation::190,RADAR4KIT corrected EIS plus PULSE,radar4kit_repaired,P032_3_S08_C00,cell_plsv2,30.0,18.185,cleaned_training_set_v2.csv,93.68623793251602,33.552121641676344,pseudo_rpt_from_time_series_plus_eis,pseudo_label_not_measurement,supports_cross_dataset_transfer_head,development_cross_dataset,0.5,"Usable only as a down-weighted development pseudo-label, never as a measurement.",development confidence: cross-dataset masked folds beat baseline; still not a measurement
radar4kit_repaired_relaxation::191,RADAR4KIT corrected EIS plus PULSE,radar4kit_repaired,P032_3_S08_C00,cell_plsv2,10.0,25.0,cleaned_training_set_v2.csv,88.97929335205592,33.552121641676344,pseudo_rpt_from_time_series_plus_eis,pseudo_label_not_measurement,supports_cross_dataset_transfer_head,development_cross_dataset,0.5,"Usable only as a down-weighted development pseudo-label, never as a measurement.",development confidence: cross-dataset masked folds beat baseline; still not a measurement
radar4kit_repaired_relaxation::192,RADAR4KIT corrected EIS plus PULSE,radar4kit_repaired,P033_1_S07_C08,cell_plsv2,30.0,11.73,cleaned_training_set_v2.csv,87.01353606050635,33.552121641676344,pseudo_rpt_from_time_series_plus_eis,pseudo_label_not_measurement,supports_cross_dataset_transfer_head,development_cross_dataset,0.5,"Usable only as a down-weighted development pseudo-label, never as a measurement.",development confidence: cross-dataset masked folds beat baseline; still not a measurement
radar4kit_repaired_relaxation::194,RADAR4KIT corrected EIS plus PULSE,radar4kit_repaired,P033_2_S08_C08,cell_plsv2,30.0,18.24,cleaned_training_set_v2.csv,85.95997881024715,33.552121641676344,pseudo_rpt_from_time_series_plus_eis,pseudo_label_not_measurement,supports_cross_dataset_transfer_head,development_cross_dataset,0.5,"Usable only as a down-weighted development pseudo-label, never as a measurement.",development confidence: cross-dataset masked folds beat baseline; still not a measurement
radar4kit_repaired_relaxation::195,RADAR4KIT corrected EIS plus PULSE,radar4kit_repaired,P033_2_S08_C08,cell_plsv2,10.0,18.335,cleaned_training_set_v2.csv,92.49164005645676,33.552121641676344,pseudo_rpt_from_time_series_plus_eis,pseudo_label_not_measurement,supports_cross_dataset_transfer_head,development_cross_dataset,0.5,"Usable only as a down-weighted development pseudo-label, never as a measurement.",development confidence: cross-dataset masked folds beat baseline; still not a measurement
radar4kit_repaired_relaxation::199,RADAR4KIT corrected EIS plus PULSE,radar4kit_repaired,P034_1_S07_C06,cell_plsv2,10.0,18.155,cleaned_training_set_v2.csv,84.17870237616869,33.552121641676344,pseudo_rpt_from_time_series_plus_eis,pseudo_label_not_measurement,supports_cross_dataset_transfer_head,development_cross_dataset,0.5,"Usable only as a down-weighted development pseudo-label, never as a measurement.",development confidence: cross-dataset masked folds beat baseline; still not a measurement
radar4kit_repaired_relaxation::201,RADAR4KIT corrected EIS plus PULSE,radar4kit_repaired,P034_2_S08_C06,cell_plsv2,10.0,18.285,cleaned_training_set_v2.csv,88.51038813999223,33.552121641676344,pseudo_rpt_from_time_series_plus_eis,pseudo_label_not_measurement,supports_cross_dataset_transfer_head,development_cross_dataset,0.5,"Usable only as a down-weighted development pseudo-label, never as a measurement.",development confidence: cross-dataset masked folds beat baseline; still not a measurement
radar4kit_repaired_relaxation::202,RADAR4KIT corrected EIS plus PULSE,radar4kit_repaired,P034_3_S09_C06,cell_plsv2,30.0,17.924999999999997,cleaned_training_set_v2.csv,90.11288105114342,33.552121641676344,pseudo_rpt_from_time_series_plus_eis,pseudo_label_not_measurement,supports_cross_dataset_transfer_head,development_cross_dataset,0.5,"Usable only as a down-weighted development pseudo-label, never as a measurement.",development confidence: cross-dataset masked folds beat baseline; still not a measurement
radar4kit_repaired_relaxation::203,RADAR4KIT corrected EIS plus PULSE,radar4kit_repaired,P034_3_S09_C06,cell_plsv2,10.0,25.05,cleaned_training_set_v2.csv,93.49751067224499,33.552121641676344,pseudo_rpt_from_time_series_plus_eis,pseudo_label_not_measurement,supports_cross_dataset_transfer_head,development_cross_dataset,0.5,"Usable only as a down-weighted development pseudo-label, never as a measurement.",development confidence: cross-dataset masked folds beat baseline; still not a measurement
radar4kit_repaired_relaxation::205,RADAR4KIT corrected EIS plus PULSE,radar4kit_repaired,P035_1_S08_C04,cell_plsv2,10.0,18.195,cleaned_training_set_v2.csv,93.11559587546968,33.552121641676344,pseudo_rpt_from_time_series_plus_eis,pseudo_label_not_measurement,supports_cross_dataset_transfer_head,development_cross_dataset,0.5,"Usable only as a down-weighted development pseudo-label, never as a measurement.",development confidence: cross-dataset masked folds beat baseline; still not a measurement
radar4kit_repaired_relaxation::207,RADAR4KIT corrected EIS plus PULSE,radar4kit_repaired,P035_2_S09_C04,cell_plsv2,10.0,18.125,cleaned_training_set_v2.csv,92.25041086260858,33.552121641676344,pseudo_rpt_from_time_series_plus_eis,pseudo_label_not_measurement,supports_cross_dataset_transfer_head,development_cross_dataset,0.5,"Usable only as a down-weighted development pseudo-label, never as a measurement.",development confidence: cross-dataset masked folds beat baseline; still not a measurement
radar4kit_repaired_relaxation::209,RADAR4KIT corrected EIS plus PULSE,radar4kit_repaired,P035_3_S10_C02,cell_plsv2,10.0,18.035,cleaned_training_set_v2.csv,82.31787982260761,33.552121641676344,pseudo_rpt_from_time_series_plus_eis,pseudo_label_not_measurement,supports_cross_dataset_transfer_head,development_cross_dataset,0.5,"Usable only as a down-weighted development pseudo-label, never as a measurement.",development confidence: cross-dataset masked folds beat baseline; still not a measurement
radar4kit_repaired_relaxation::210,RADAR4KIT corrected EIS plus PULSE,radar4kit_repaired,P036_1_S05_C09,cell_plsv2,30.0,24.94,cleaned_training_set_v2.csv,90.63057133066472,33.552121641676344,pseudo_rpt_from_time_series_plus_eis,pseudo_label_not_measurement,supports_cross_dataset_transfer_head,development_cross_dataset,0.5,"Usable only as a down-weighted development pseudo-label, never as a measurement.",development confidence: cross-dataset masked folds beat baseline; still not a measurement
radar4kit_repaired_relaxation::211,RADAR4KIT corrected EIS plus PULSE,radar4kit_repaired,P036_1_S05_C09,cell_plsv2,10.0,25.02,cleaned_training_set_v2.csv,92.9429932985619,33.552121641676344,pseudo_rpt_from_time_series_plus_eis,pseudo_label_not_measurement,supports_cross_dataset_transfer_head,development_cross_dataset,0.5,"Usable only as a down-weighted development pseudo-label, never as a measurement.",development confidence: cross-dataset masked folds beat baseline; still not a measurement
radar4kit_repaired_relaxation::212,RADAR4KIT corrected EIS plus PULSE,radar4kit_repaired,P036_2_S09_C00,cell_plsv2,30.0,18.135,cleaned_training_set_v2.csv,94.51221736660851,33.552121641676344,pseudo_rpt_from_time_series_plus_eis,pseudo_label_not_measurement,supports_cross_dataset_transfer_head,development_cross_dataset,0.5,"Usable only as a down-weighted development pseudo-label, never as a measurement.",development confidence: cross-dataset masked folds beat baseline; still not a measurement
radar4kit_repaired_relaxation::213,RADAR4KIT corrected EIS plus PULSE,radar4kit_repaired,P036_2_S09_C00,cell_plsv2,10.0,25.12,cleaned_training_set_v2.csv,93.59808187673842,33.552121641676344,pseudo_rpt_from_time_series_plus_eis,pseudo_label_not_measurement,supports_cross_dataset_transfer_head,development_cross_dataset,0.5,"Usable only as a down-weighted development pseudo-label, never as a measurement.",development confidence: cross-dataset masked folds beat baseline; still not a measurement
radar4kit_repaired_relaxation::214,RADAR4KIT corrected EIS plus PULSE,radar4kit_repaired,P036_3_S10_C00,cell_plsv2,30.0,18.07,cleaned_training_set_v2.csv,87.84706709255339,33.552121641676344,pseudo_rpt_from_time_series_plus_eis,pseudo_label_not_measurement,supports_cross_dataset_transfer_head,development_cross_dataset,0.5,"Usable only as a down-weighted development pseudo-label, never as a measurement.",development confidence: cross-dataset masked folds beat baseline; still not a measurement
radar4kit_repaired_relaxation::215,RADAR4KIT corrected EIS plus PULSE,radar4kit_repaired,P036_3_S10_C00,cell_plsv2,10.0,25.13,cleaned_training_set_v2.csv,88.24684641082864,33.552121641676344,pseudo_rpt_from_time_series_plus_eis,pseudo_label_not_measurement,supports_cross_dataset_transfer_head,development_cross_dataset,0.5,"Usable only as a down-weighted development pseudo-label, never as a measurement.",development confidence: cross-dataset masked folds beat baseline; still not a measurement
radar4kit_repaired_relaxation::216,RADAR4KIT corrected EIS plus PULSE,radar4kit_repaired,P037_1_S05_C11,cell_plsv2,30.0,24.71,cleaned_training_set_v2.csv,92.50610120776916,33.552121641676344,pseudo_rpt_from_time_series_plus_eis,pseudo_label_not_measurement,supports_cross_dataset_transfer_head,development_cross_dataset,0.5,"Usable only as a down-weighted development pseudo-label, never as a measurement.",development confidence: cross-dataset masked folds beat baseline; still not a measurement
radar4kit_repaired_relaxation::217,RADAR4KIT corrected EIS plus PULSE,radar4kit_repaired,P037_1_S05_C11,cell_plsv2,10.0,24.76,cleaned_training_set_v2.csv,88.92869199982957,33.552121641676344,pseudo_rpt_from_time_series_plus_eis,pseudo_label_not_measurement,supports_cross_dataset_transfer_head,development_cross_dataset,0.5,"Usable only as a down-weighted development pseudo-label, never as a measurement.",development confidence: cross-dataset masked folds beat baseline; still not a measurement
radar4kit_repaired_relaxation::218,RADAR4KIT corrected EIS plus PULSE,radar4kit_repaired,P037_2_S06_C09,cell_plsv2,30.0,24.975,cleaned_training_set_v2.csv,93.71412852110626,33.552121641676344,pseudo_rpt_from_time_series_plus_eis,pseudo_label_not_measurement,supports_cross_dataset_transfer_head,development_cross_dataset,0.5,"Usable only as a down-weighted development pseudo-label, never as a measurement.",development confidence: cross-dataset masked folds beat baseline; still not a measurement
radar4kit_repaired_relaxation::219,RADAR4KIT corrected EIS plus PULSE,radar4kit_repaired,P037_2_S06_C09,cell_plsv2,10.0,24.99,cleaned_training_set_v2.csv,92.47839154396235,33.552121641676344,pseudo_rpt_from_time_series_plus_eis,pseudo_label_not_measurement,supports_cross_dataset_transfer_head,development_cross_dataset,0.5,"Usable only as a down-weighted development pseudo-label, never as a measurement.",development confidence: cross-dataset masked folds beat baseline; still not a measurement
radar4kit_repaired_relaxation::220,RADAR4KIT corrected EIS plus PULSE,radar4kit_repaired,P037_3_S10_C04,cell_plsv2,30.0,18.04,cleaned_training_set_v2.csv,89.48622687479528,33.552121641676344,pseudo_rpt_from_time_series_plus_eis,pseudo_label_not_measurement,supports_cross_dataset_transfer_head,development_cross_dataset,0.5,"Usable only as a down-weighted development pseudo-label, never as a measurement.",development confidence: cross-dataset masked folds beat baseline; still not a measurement
radar4kit_repaired_relaxation::221,RADAR4KIT corrected EIS plus PULSE,radar4kit_repaired,P037_3_S10_C04,cell_plsv2,10.0,17.98,cleaned_training_set_v2.csv,93.33106497718386,33.552121641676344,pseudo_rpt_from_time_series_plus_eis,pseudo_label_not_measurement,supports_cross_dataset_transfer_head,development_cross_dataset,0.5,"Usable only as a down-weighted development pseudo-label, never as a measurement.",development confidence: cross-dataset masked folds beat baseline; still not a measurement
radar4kit_repaired_relaxation::222,RADAR4KIT corrected EIS plus PULSE,radar4kit_repaired,P038_1_S06_C07,cell_plsv2,30.0,24.86,cleaned_training_set_v2.csv,88.73501560555638,33.552121641676344,pseudo_rpt_from_time_series_plus_eis,pseudo_label_not_measurement,supports_cross_dataset_transfer_head,development_cross_dataset,0.5,"Usable only as a down-weighted development pseudo-label, never as a measurement.",development confidence: cross-dataset masked folds beat baseline; still not a measurement
radar4kit_repaired_relaxation::223,RADAR4KIT corrected EIS plus PULSE,radar4kit_repaired,P038_1_S06_C07,cell_plsv2,10.0,24.95,cleaned_training_set_v2.csv,87.84668963710061,33.552121641676344,pseudo_rpt_from_time_series_plus_eis,pseudo_label_not_measurement,supports_cross_dataset_transfer_head,development_cross_dataset,0.5,"Usable only as a down-weighted development pseudo-label, never as a measurement.",development confidence: cross-dataset masked folds beat baseline; still not a measurement
radar4kit_repaired_relaxation::224,RADAR4KIT corrected EIS plus PULSE,radar4kit_repaired,P038_2_S07_C07,cell_plsv2,30.0,18.195,cleaned_training_set_v2.csv,86.70981400612148,33.552121641676344,pseudo_rpt_from_time_series_plus_eis,pseudo_label_not_measurement,supports_cross_dataset_transfer_head,development_cross_dataset,0.5,"Usable only as a down-weighted development pseudo-label, never as a measurement.",development confidence: cross-dataset masked folds beat baseline; still not a measurement
radar4kit_repaired_relaxation::225,RADAR4KIT corrected EIS plus PULSE,radar4kit_repaired,P038_2_S07_C07,cell_plsv2,10.0,25.03,cleaned_training_set_v2.csv,82.90085483112384,33.552121641676344,pseudo_rpt_from_time_series_plus_eis,pseudo_label_not_measurement,supports_cross_dataset_transfer_head,development_cross_dataset,0.5,"Usable only as a down-weighted development pseudo-label, never as a measurement.",development confidence: cross-dataset masked folds beat baseline; still not a measurement
radar4kit_repaired_relaxation::227,RADAR4KIT corrected EIS plus PULSE,radar4kit_repaired,P038_3_S10_C03,cell_plsv2,10.0,17.865,cleaned_training_set_v2.csv,82.76084080269919,33.552121641676344,pseudo_rpt_from_time_series_plus_eis,pseudo_label_not_measurement,supports_cross_dataset_transfer_head,development_cross_dataset,0.5,"Usable only as a down-weighted development pseudo-label, never as a measurement.",development confidence: cross-dataset masked folds beat baseline; still not a measurement
radar4kit_repaired_relaxation::228,RADAR4KIT corrected EIS plus PULSE,radar4kit_repaired,P039_1_S05_C10,cell_plsv2,30.0,17.92,cleaned_training_set_v2.csv,86.4895928089778,33.552121641676344,pseudo_rpt_from_time_series_plus_eis,pseudo_label_not_measurement,supports_cross_dataset_transfer_head,development_cross_dataset,0.5,"Usable only as a down-weighted development pseudo-label, never as a measurement.",development confidence: cross-dataset masked folds beat baseline; still not a measurement
radar4kit_repaired_relaxation::229,RADAR4KIT corrected EIS plus PULSE,radar4kit_repaired,P039_1_S05_C10,cell_plsv2,10.0,18.2,cleaned_training_set_v2.csv,84.40264714425372,33.552121641676344,pseudo_rpt_from_time_series_plus_eis,pseudo_label_not_measurement,supports_cross_dataset_transfer_head,development_cross_dataset,0.5,"Usable only as a down-weighted development pseudo-label, never as a measurement.",development confidence: cross-dataset masked folds beat baseline; still not a measurement
radar4kit_repaired_relaxation::230,RADAR4KIT corrected EIS plus PULSE,radar4kit_repaired,P039_2_S06_C05,cell_plsv2,30.0,18.365,cleaned_training_set_v2.csv,88.72304073849082,33.552121641676344,pseudo_rpt_from_time_series_plus_eis,pseudo_label_not_measurement,supports_cross_dataset_transfer_head,development_cross_dataset,0.5,"Usable only as a down-weighted development pseudo-label, never as a measurement.",development confidence: cross-dataset masked folds beat baseline; still not a measurement
radar4kit_repaired_relaxation::231,RADAR4KIT corrected EIS plus PULSE,radar4kit_repaired,P039_2_S06_C05,cell_plsv2,10.0,19.13,cleaned_training_set_v2.csv,86.1878970487986,33.552121641676344,pseudo_rpt_from_time_series_plus_eis,pseudo_label_not_measurement,supports_cross_dataset_transfer_head,development_cross_dataset,0.5,"Usable only as a down-weighted development pseudo-label, never as a measurement.",development confidence: cross-dataset masked folds beat baseline; still not a measurement
radar4kit_repaired_relaxation::233,RADAR4KIT corrected EIS plus PULSE,radar4kit_repaired,P039_3_S07_C05,cell_plsv2,10.0,18.15,cleaned_training_set_v2.csv,91.27004459092652,33.552121641676344,pseudo_rpt_from_time_series_plus_eis,pseudo_label_not_measurement,supports_cross_dataset_transfer_head,development_cross_dataset,0.5,"Usable only as a down-weighted development pseudo-label, never as a measurement.",development confidence: cross-dataset masked folds beat baseline; still not a measurement
radar4kit_repaired_relaxation::234,RADAR4KIT corrected EIS plus PULSE,radar4kit_repaired,P040_1_S06_C01,cell_plsv2,30.0,17.965,cleaned_training_set_v2.csv,89.90069839330803,33.552121641676344,pseudo_rpt_from_time_series_plus_eis,pseudo_label_not_measurement,supports_cross_dataset_transfer_head,development_cross_dataset,0.5,"Usable only as a down-weighted development pseudo-label, never as a measurement.",development confidence: cross-dataset masked folds beat baseline; still not a measurement
radar4kit_repaired_relaxation::235,RADAR4KIT corrected EIS plus PULSE,radar4kit_repaired,P040_1_S06_C01,cell_plsv2,10.0,19.045,cleaned_training_set_v2.csv,90.97938310814807,33.552121641676344,pseudo_rpt_from_time_series_plus_eis,pseudo_label_not_measurement,supports_cross_dataset_transfer_head,development_cross_dataset,0.5,"Usable only as a down-weighted development pseudo-label, never as a measurement.",development confidence: cross-dataset masked folds beat baseline; still not a measurement
radar4kit_repaired_relaxation::237,RADAR4KIT corrected EIS plus PULSE,radar4kit_repaired,P040_2_S07_C01,cell_plsv2,10.0,18.43,cleaned_training_set_v2.csv,86.59171776157213,33.552121641676344,pseudo_rpt_from_time_series_plus_eis,pseudo_label_not_measurement,supports_cross_dataset_transfer_head,development_cross_dataset,0.5,"Usable only as a down-weighted development pseudo-label, never as a measurement.",development confidence: cross-dataset masked folds beat baseline; still not a measurement
radar4kit_repaired_relaxation::239,RADAR4KIT corrected EIS plus PULSE,radar4kit_repaired,P040_3_S08_C01,cell_plsv2,10.0,18.14,cleaned_training_set_v2.csv,87.67242043020588,33.552121641676344,pseudo_rpt_from_time_series_plus_eis,pseudo_label_not_measurement,supports_cross_dataset_transfer_head,development_cross_dataset,0.5,"Usable only as a down-weighted development pseudo-label, never as a measurement.",development confidence: cross-dataset masked folds beat baseline; still not a measurement
radar4kit_repaired_relaxation::240,RADAR4KIT corrected EIS plus PULSE,radar4kit_repaired,P041_1_S11_C08,cell_plsv2,30.0,24.8,cleaned_training_set_v2.csv,90.02395183866851,33.552121641676344,pseudo_rpt_from_time_series_plus_eis,pseudo_label_not_measurement,supports_cross_dataset_transfer_head,development_cross_dataset,0.5,"Usable only as a down-weighted development pseudo-label, never as a measurement.",development confidence: cross-dataset masked folds beat baseline; still not a measurement
radar4kit_repaired_relaxation::241,RADAR4KIT corrected EIS plus PULSE,radar4kit_repaired,P041_1_S11_C08,cell_plsv2,10.0,24.91,cleaned_training_set_v2.csv,90.59153636961364,33.552121641676344,pseudo_rpt_from_time_series_plus_eis,pseudo_label_not_measurement,supports_cross_dataset_transfer_head,development_cross_dataset,0.5,"Usable only as a down-weighted development pseudo-label, never as a measurement.",development confidence: cross-dataset masked folds beat baseline; still not a measurement
radar4kit_repaired_relaxation::242,RADAR4KIT corrected EIS plus PULSE,radar4kit_repaired,P041_2_S13_C07,cell_plsv2,30.0,25.02,cleaned_training_set_v2.csv,93.9467297180949,33.552121641676344,pseudo_rpt_from_time_series_plus_eis,pseudo_label_not_measurement,supports_cross_dataset_transfer_head,development_cross_dataset,0.5,"Usable only as a down-weighted development pseudo-label, never as a measurement.",development confidence: cross-dataset masked folds beat baseline; still not a measurement
radar4kit_repaired_relaxation::243,RADAR4KIT corrected EIS plus PULSE,radar4kit_repaired,P041_2_S13_C07,cell_plsv2,10.0,25.12,cleaned_training_set_v2.csv,92.92186460798462,33.552121641676344,pseudo_rpt_from_time_series_plus_eis,pseudo_label_not_measurement,supports_cross_dataset_transfer_head,development_cross_dataset,0.5,"Usable only as a down-weighted development pseudo-label, never as a measurement.",development confidence: cross-dataset masked folds beat baseline; still not a measurement
radar4kit_repaired_relaxation::244,RADAR4KIT corrected EIS plus PULSE,radar4kit_repaired,P041_3_S14_C07,cell_plsv2,30.0,25.395,cleaned_training_set_v2.csv,89.96253191259304,33.552121641676344,pseudo_rpt_from_time_series_plus_eis,pseudo_label_not_measurement,supports_cross_dataset_transfer_head,development_cross_dataset,0.5,"Usable only as a down-weighted development pseudo-label, never as a measurement.",development confidence: cross-dataset masked folds beat baseline; still not a measurement
radar4kit_repaired_relaxation::245,RADAR4KIT corrected EIS plus PULSE,radar4kit_repaired,P041_3_S14_C07,cell_plsv2,10.0,25.43,cleaned_training_set_v2.csv,89.46186353989573,33.552121641676344,pseudo_rpt_from_time_series_plus_eis,pseudo_label_not_measurement,supports_cross_dataset_transfer_head,development_cross_dataset,0.5,"Usable only as a down-weighted development pseudo-label, never as a measurement.",development confidence: cross-dataset masked folds beat baseline; still not a measurement
radar4kit_repaired_relaxation::246,RADAR4KIT corrected EIS plus PULSE,radar4kit_repaired,P042_1_S11_C06,cell_plsv2,30.0,25.04,cleaned_training_set_v2.csv,89.96560551833419,33.552121641676344,pseudo_rpt_from_time_series_plus_eis,pseudo_label_not_measurement,supports_cross_dataset_transfer_head,development_cross_dataset,0.5,"Usable only as a down-weighted development pseudo-label, never as a measurement.",development confidence: cross-dataset masked folds beat baseline; still not a measurement
radar4kit_repaired_relaxation::247,RADAR4KIT corrected EIS plus PULSE,radar4kit_repaired,P042_1_S11_C06,cell_plsv2,10.0,25.105,cleaned_training_set_v2.csv,88.95113000214279,33.552121641676344,pseudo_rpt_from_time_series_plus_eis,pseudo_label_not_measurement,supports_cross_dataset_transfer_head,development_cross_dataset,0.5,"Usable only as a down-weighted development pseudo-label, never as a measurement.",development confidence: cross-dataset masked folds beat baseline; still not a measurement
radar4kit_repaired_relaxation::248,RADAR4KIT corrected EIS plus PULSE,radar4kit_repaired,P042_2_S13_C05,cell_plsv2,30.0,25.16,cleaned_training_set_v2.csv,93.15201991582494,33.552121641676344,pseudo_rpt_from_time_series_plus_eis,pseudo_label_not_measurement,supports_cross_dataset_transfer_head,development_cross_dataset,0.5,"Usable only as a down-weighted development pseudo-label, never as a measurement.",development confidence: cross-dataset masked folds beat baseline; still not a measurement
radar4kit_repaired_relaxation::249,RADAR4KIT corrected EIS plus PULSE,radar4kit_repaired,P042_2_S13_C05,cell_plsv2,10.0,25.205,cleaned_training_set_v2.csv,94.34902240123809,33.552121641676344,pseudo_rpt_from_time_series_plus_eis,pseudo_label_not_measurement,supports_cross_dataset_transfer_head,development_cross_dataset,0.5,"Usable only as a down-weighted development pseudo-label, never as a measurement.",development confidence: cross-dataset masked folds beat baseline; still not a measurement
radar4kit_repaired_relaxation::250,RADAR4KIT corrected EIS plus PULSE,radar4kit_repaired,P042_3_S14_C05,cell_plsv2,30.0,25.73,cleaned_training_set_v2.csv,92.39744060982495,33.552121641676344,pseudo_rpt_from_time_series_plus_eis,pseudo_label_not_measurement,supports_cross_dataset_transfer_head,development_cross_dataset,0.5,"Usable only as a down-weighted development pseudo-label, never as a measurement.",development confidence: cross-dataset masked folds beat baseline; still not a measurement
radar4kit_repaired_relaxation::251,RADAR4KIT corrected EIS plus PULSE,radar4kit_repaired,P042_3_S14_C05,cell_plsv2,10.0,25.615,cleaned_training_set_v2.csv,94.06405344605476,33.552121641676344,pseudo_rpt_from_time_series_plus_eis,pseudo_label_not_measurement,supports_cross_dataset_transfer_head,development_cross_dataset,0.5,"Usable only as a down-weighted development pseudo-label, never as a measurement.",development confidence: cross-dataset masked folds beat baseline; still not a measurement
radar4kit_repaired_relaxation::252,RADAR4KIT corrected EIS plus PULSE,radar4kit_repaired,P043_1_S11_C04,cell_plsv2,30.0,25.275,cleaned_training_set_v2.csv,94.71289149831654,33.552121641676344,pseudo_rpt_from_time_series_plus_eis,pseudo_label_not_measurement,supports_cross_dataset_transfer_head,development_cross_dataset,0.5,"Usable only as a down-weighted development pseudo-label, never as a measurement.",development confidence: cross-dataset masked folds beat baseline; still not a measurement
radar4kit_repaired_relaxation::253,RADAR4KIT corrected EIS plus PULSE,radar4kit_repaired,P043_1_S11_C04,cell_plsv2,10.0,25.37,cleaned_training_set_v2.csv,94.27446179392268,33.552121641676344,pseudo_rpt_from_time_series_plus_eis,pseudo_label_not_measurement,supports_cross_dataset_transfer_head,development_cross_dataset,0.5,"Usable only as a down-weighted development pseudo-label, never as a measurement.",development confidence: cross-dataset masked folds beat baseline; still not a measurement
radar4kit_repaired_relaxation::254,RADAR4KIT corrected EIS plus PULSE,radar4kit_repaired,P043_2_S12_C04,cell_plsv2,30.0,25.57,cleaned_training_set_v2.csv,93.61298461491008,33.552121641676344,pseudo_rpt_from_time_series_plus_eis,pseudo_label_not_measurement,supports_cross_dataset_transfer_head,development_cross_dataset,0.5,"Usable only as a down-weighted development pseudo-label, never as a measurement.",development confidence: cross-dataset masked folds beat baseline; still not a measurement
radar4kit_repaired_relaxation::255,RADAR4KIT corrected EIS plus PULSE,radar4kit_repaired,P043_2_S12_C04,cell_plsv2,10.0,25.635,cleaned_training_set_v2.csv,91.77956188486138,33.552121641676344,pseudo_rpt_from_time_series_plus_eis,pseudo_label_not_measurement,supports_cross_dataset_transfer_head,development_cross_dataset,0.5,"Usable only as a down-weighted development pseudo-label, never as a measurement.",development confidence: cross-dataset masked folds beat baseline; still not a measurement
radar4kit_repaired_relaxation::256,RADAR4KIT corrected EIS plus PULSE,radar4kit_repaired,P043_3_S14_C03,cell_plsv2,30.0,25.825,cleaned_training_set_v2.csv,92.6118743737201,33.552121641676344,pseudo_rpt_from_time_series_plus_eis,pseudo_label_not_measurement,supports_cross_dataset_transfer_head,development_cross_dataset,0.5,"Usable only as a down-weighted development pseudo-label, never as a measurement.",development confidence: cross-dataset masked folds beat baseline; still not a measurement
radar4kit_repaired_relaxation::257,RADAR4KIT corrected EIS plus PULSE,radar4kit_repaired,P043_3_S14_C03,cell_plsv2,10.0,25.83,cleaned_training_set_v2.csv,93.16182298863684,33.552121641676344,pseudo_rpt_from_time_series_plus_eis,pseudo_label_not_measurement,supports_cross_dataset_transfer_head,development_cross_dataset,0.5,"Usable only as a down-weighted development pseudo-label, never as a measurement.",development confidence: cross-dataset masked folds beat baseline; still not a measurement
radar4kit_repaired_relaxation::258,RADAR4KIT corrected EIS plus PULSE,radar4kit_repaired,P044_1_S11_C00,cell_plsv2,30.0,25.23,cleaned_training_set_v2.csv,96.03929426012657,33.552121641676344,pseudo_rpt_from_time_series_plus_eis,pseudo_label_not_measurement,supports_cross_dataset_transfer_head,development_cross_dataset,0.5,"Usable only as a down-weighted development pseudo-label, never as a measurement.",development confidence: cross-dataset masked folds beat baseline; still not a measurement
radar4kit_repaired_relaxation::259,RADAR4KIT corrected EIS plus PULSE,radar4kit_repaired,P044_1_S11_C00,cell_plsv2,10.0,25.3,cleaned_training_set_v2.csv,93.6075388560345,33.552121641676344,pseudo_rpt_from_time_series_plus_eis,pseudo_label_not_measurement,supports_cross_dataset_transfer_head,development_cross_dataset,0.5,"Usable only as a down-weighted development pseudo-label, never as a measurement.",development confidence: cross-dataset masked folds beat baseline; still not a measurement
radar4kit_repaired_relaxation::260,RADAR4KIT corrected EIS plus PULSE,radar4kit_repaired,P044_2_S12_C00,cell_plsv2,30.0,25.275,cleaned_training_set_v2.csv,96.83412895382396,33.552121641676344,pseudo_rpt_from_time_series_plus_eis,pseudo_label_not_measurement,supports_cross_dataset_transfer_head,development_cross_dataset,0.5,"Usable only as a down-weighted development pseudo-label, never as a measurement.",development confidence: cross-dataset masked folds beat baseline; still not a measurement
radar4kit_repaired_relaxation::261,RADAR4KIT corrected EIS plus PULSE,radar4kit_repaired,P044_2_S12_C00,cell_plsv2,10.0,25.25,cleaned_training_set_v2.csv,94.30591904029949,33.552121641676344,pseudo_rpt_from_time_series_plus_eis,pseudo_label_not_measurement,supports_cross_dataset_transfer_head,development_cross_dataset,0.5,"Usable only as a down-weighted development pseudo-label, never as a measurement.",development confidence: cross-dataset masked folds beat baseline; still not a measurement
radar4kit_repaired_relaxation::262,RADAR4KIT corrected EIS plus PULSE,radar4kit_repaired,P044_3_S13_C00,cell_plsv2,30.0,25.44,cleaned_training_set_v2.csv,95.51602935545937,33.552121641676344,pseudo_rpt_from_time_series_plus_eis,pseudo_label_not_measurement,supports_cross_dataset_transfer_head,development_cross_dataset,0.5,"Usable only as a down-weighted development pseudo-label, never as a measurement.",development confidence: cross-dataset masked folds beat baseline; still not a measurement
radar4kit_repaired_relaxation::263,RADAR4KIT corrected EIS plus PULSE,radar4kit_repaired,P044_3_S13_C00,cell_plsv2,10.0,25.33,cleaned_training_set_v2.csv,93.2098255858303,33.552121641676344,pseudo_rpt_from_time_series_plus_eis,pseudo_label_not_measurement,supports_cross_dataset_transfer_head,development_cross_dataset,0.5,"Usable only as a down-weighted development pseudo-label, never as a measurement.",development confidence: cross-dataset masked folds beat baseline; still not a measurement
radar4kit_repaired_relaxation::264,RADAR4KIT corrected EIS plus PULSE,radar4kit_repaired,P045_1_S12_C08,cell_plsv2,30.0,25.03,cleaned_training_set_v2.csv,94.21323037396003,33.552121641676344,pseudo_rpt_from_time_series_plus_eis,pseudo_label_not_measurement,supports_cross_dataset_transfer_head,development_cross_dataset,0.5,"Usable only as a down-weighted development pseudo-label, never as a measurement.",development confidence: cross-dataset masked folds beat baseline; still not a measurement
radar4kit_repaired_relaxation::265,RADAR4KIT corrected EIS plus PULSE,radar4kit_repaired,P045_1_S12_C08,cell_plsv2,10.0,25.075,cleaned_training_set_v2.csv,92.86415178174389,33.552121641676344,pseudo_rpt_from_time_series_plus_eis,pseudo_label_not_measurement,supports_cross_dataset_transfer_head,development_cross_dataset,0.5,"Usable only as a down-weighted development pseudo-label, never as a measurement.",development confidence: cross-dataset masked folds beat baseline; still not a measurement
radar4kit_repaired_relaxation::266,RADAR4KIT corrected EIS plus PULSE,radar4kit_repaired,P045_2_S13_C08,cell_plsv2,30.0,25.435,cleaned_training_set_v2.csv,93.13053958808452,33.552121641676344,pseudo_rpt_from_time_series_plus_eis,pseudo_label_not_measurement,supports_cross_dataset_transfer_head,development_cross_dataset,0.5,"Usable only as a down-weighted development pseudo-label, never as a measurement.",development confidence: cross-dataset masked folds beat baseline; still not a measurement
radar4kit_repaired_relaxation::267,RADAR4KIT corrected EIS plus PULSE,radar4kit_repaired,P045_2_S13_C08,cell_plsv2,10.0,25.37,cleaned_training_set_v2.csv,93.10474259476433,33.552121641676344,pseudo_rpt_from_time_series_plus_eis,pseudo_label_not_measurement,supports_cross_dataset_transfer_head,development_cross_dataset,0.5,"Usable only as a down-weighted development pseudo-label, never as a measurement.",development confidence: cross-dataset masked folds beat baseline; still not a measurement
radar4kit_repaired_relaxation::268,RADAR4KIT corrected EIS plus PULSE,radar4kit_repaired,P045_3_S14_C08,cell_plsv2,30.0,25.29,cleaned_training_set_v2.csv,94.64919717809568,33.552121641676344,pseudo_rpt_from_time_series_plus_eis,pseudo_label_not_measurement,supports_cross_dataset_transfer_head,development_cross_dataset,0.5,"Usable only as a down-weighted development pseudo-label, never as a measurement.",development confidence: cross-dataset masked folds beat baseline; still not a measurement
radar4kit_repaired_relaxation::269,RADAR4KIT corrected EIS plus PULSE,radar4kit_repaired,P045_3_S14_C08,cell_plsv2,10.0,25.33,cleaned_training_set_v2.csv,92.54537142192909,33.552121641676344,pseudo_rpt_from_time_series_plus_eis,pseudo_label_not_measurement,supports_cross_dataset_transfer_head,development_cross_dataset,0.5,"Usable only as a down-weighted development pseudo-label, never as a measurement.",development confidence: cross-dataset masked folds beat baseline; still not a measurement
radar4kit_repaired_relaxation::270,RADAR4KIT corrected EIS plus PULSE,radar4kit_repaired,P046_1_S12_C06,cell_plsv2,30.0,25.415,cleaned_training_set_v2.csv,94.22238346284058,33.552121641676344,pseudo_rpt_from_time_series_plus_eis,pseudo_label_not_measurement,supports_cross_dataset_transfer_head,development_cross_dataset,0.5,"Usable only as a down-weighted development pseudo-label, never as a measurement.",development confidence: cross-dataset masked folds beat baseline; still not a measurement
radar4kit_repaired_relaxation::271,RADAR4KIT corrected EIS plus PULSE,radar4kit_repaired,P046_1_S12_C06,cell_plsv2,10.0,25.41,cleaned_training_set_v2.csv,92.8902178583735,33.552121641676344,pseudo_rpt_from_time_series_plus_eis,pseudo_label_not_measurement,supports_cross_dataset_transfer_head,development_cross_dataset,0.5,"Usable only as a down-weighted development pseudo-label, never as a measurement.",development confidence: cross-dataset masked folds beat baseline; still not a measurement
radar4kit_repaired_relaxation::272,RADAR4KIT corrected EIS plus PULSE,radar4kit_repaired,P046_2_S13_C06,cell_plsv2,30.0,25.59,cleaned_training_set_v2.csv,92.50981594461042,33.552121641676344,pseudo_rpt_from_time_series_plus_eis,pseudo_label_not_measurement,supports_cross_dataset_transfer_head,development_cross_dataset,0.5,"Usable only as a down-weighted development pseudo-label, never as a measurement.",development confidence: cross-dataset masked folds beat baseline; still not a measurement
radar4kit_repaired_relaxation::273,RADAR4KIT corrected EIS plus PULSE,radar4kit_repaired,P046_2_S13_C06,cell_plsv2,10.0,25.51,cleaned_training_set_v2.csv,92.16211150916715,33.552121641676344,pseudo_rpt_from_time_series_plus_eis,pseudo_label_not_measurement,supports_cross_dataset_transfer_head,development_cross_dataset,0.5,"Usable only as a down-weighted development pseudo-label, never as a measurement.",development confidence: cross-dataset masked folds beat baseline; still not a measurement
radar4kit_repaired_relaxation::274,RADAR4KIT corrected EIS plus PULSE,radar4kit_repaired,P046_3_S14_C06,cell_plsv2,30.0,25.53,cleaned_training_set_v2.csv,93.45952209299303,33.552121641676344,pseudo_rpt_from_time_series_plus_eis,pseudo_label_not_measurement,supports_cross_dataset_transfer_head,development_cross_dataset,0.5,"Usable only as a down-weighted development pseudo-label, never as a measurement.",development confidence: cross-dataset masked folds beat baseline; still not a measurement
radar4kit_repaired_relaxation::275,RADAR4KIT corrected EIS plus PULSE,radar4kit_repaired,P046_3_S14_C06,cell_plsv2,10.0,25.68,cleaned_training_set_v2.csv,92.88780978564108,33.552121641676344,pseudo_rpt_from_time_series_plus_eis,pseudo_label_not_measurement,supports_cross_dataset_transfer_head,development_cross_dataset,0.5,"Usable only as a down-weighted development pseudo-label, never as a measurement.",development confidence: cross-dataset masked folds beat baseline; still not a measurement
radar4kit_repaired_relaxation::276,RADAR4KIT corrected EIS plus PULSE,radar4kit_repaired,P047_1_S13_C04,cell_plsv2,30.0,25.32,cleaned_training_set_v2.csv,91.72298691549393,33.552121641676344,pseudo_rpt_from_time_series_plus_eis,pseudo_label_not_measurement,supports_cross_dataset_transfer_head,development_cross_dataset,0.5,"Usable only as a down-weighted development pseudo-label, never as a measurement.",development confidence: cross-dataset masked folds beat baseline; still not a measurement
radar4kit_repaired_relaxation::277,RADAR4KIT corrected EIS plus PULSE,radar4kit_repaired,P047_1_S13_C04,cell_plsv2,10.0,25.36,cleaned_training_set_v2.csv,92.38612854055765,33.552121641676344,pseudo_rpt_from_time_series_plus_eis,pseudo_label_not_measurement,supports_cross_dataset_transfer_head,development_cross_dataset,0.5,"Usable only as a down-weighted development pseudo-label, never as a measurement.",development confidence: cross-dataset masked folds beat baseline; still not a measurement
radar4kit_repaired_relaxation::278,RADAR4KIT corrected EIS plus PULSE,radar4kit_repaired,P047_2_S14_C04,cell_plsv2,30.0,25.645,cleaned_training_set_v2.csv,93.61385984036619,33.552121641676344,pseudo_rpt_from_time_series_plus_eis,pseudo_label_not_measurement,supports_cross_dataset_transfer_head,development_cross_dataset,0.5,"Usable only as a down-weighted development pseudo-label, never as a measurement.",development confidence: cross-dataset masked folds beat baseline; still not a measurement
radar4kit_repaired_relaxation::279,RADAR4KIT corrected EIS plus PULSE,radar4kit_repaired,P047_2_S14_C04,cell_plsv2,10.0,25.69,cleaned_training_set_v2.csv,91.90203299209648,33.552121641676344,pseudo_rpt_from_time_series_plus_eis,pseudo_label_not_measurement,supports_cross_dataset_transfer_head,development_cross_dataset,0.5,"Usable only as a down-weighted development pseudo-label, never as a measurement.",development confidence: cross-dataset masked folds beat baseline; still not a measurement
radar4kit_repaired_relaxation::280,RADAR4KIT corrected EIS plus PULSE,radar4kit_repaired,P047_3_S15_C01,cell_plsv2,30.0,25.49,cleaned_training_set_v2.csv,93.59926404701388,33.552121641676344,pseudo_rpt_from_time_series_plus_eis,pseudo_label_not_measurement,supports_cross_dataset_transfer_head,development_cross_dataset,0.5,"Usable only as a down-weighted development pseudo-label, never as a measurement.",development confidence: cross-dataset masked folds beat baseline; still not a measurement
radar4kit_repaired_relaxation::281,RADAR4KIT corrected EIS plus PULSE,radar4kit_repaired,P047_3_S15_C01,cell_plsv2,10.0,25.380000000000003,cleaned_training_set_v2.csv,92.97628874257788,33.552121641676344,pseudo_rpt_from_time_series_plus_eis,pseudo_label_not_measurement,supports_cross_dataset_transfer_head,development_cross_dataset,0.5,"Usable only as a down-weighted development pseudo-label, never as a measurement.",development confidence: cross-dataset masked folds beat baseline; still not a measurement
radar4kit_repaired_relaxation::282,RADAR4KIT corrected EIS plus PULSE,radar4kit_repaired,P048_1_S10_C06,cell_plsv2,30.0,25.3,cleaned_training_set_v2.csv,94.30461965268937,33.552121641676344,pseudo_rpt_from_time_series_plus_eis,pseudo_label_not_measurement,supports_cross_dataset_transfer_head,development_cross_dataset,0.5,"Usable only as a down-weighted development pseudo-label, never as a measurement.",development confidence: cross-dataset masked folds beat baseline; still not a measurement
radar4kit_repaired_relaxation::283,RADAR4KIT corrected EIS plus PULSE,radar4kit_repaired,P048_1_S10_C06,cell_plsv2,10.0,25.31,cleaned_training_set_v2.csv,94.0541121933622,33.552121641676344,pseudo_rpt_from_time_series_plus_eis,pseudo_label_not_measurement,supports_cross_dataset_transfer_head,development_cross_dataset,0.5,"Usable only as a down-weighted development pseudo-label, never as a measurement.",development confidence: cross-dataset masked folds beat baseline; still not a measurement
radar4kit_repaired_relaxation::284,RADAR4KIT corrected EIS plus PULSE,radar4kit_repaired,P048_2_S14_C00,cell_plsv2,30.0,25.495,cleaned_training_set_v2.csv,92.80850599870143,33.552121641676344,pseudo_rpt_from_time_series_plus_eis,pseudo_label_not_measurement,supports_cross_dataset_transfer_head,development_cross_dataset,0.5,"Usable only as a down-weighted development pseudo-label, never as a measurement.",development confidence: cross-dataset masked folds beat baseline; still not a measurement
radar4kit_repaired_relaxation::285,RADAR4KIT corrected EIS plus PULSE,radar4kit_repaired,P048_2_S14_C00,cell_plsv2,10.0,25.465,cleaned_training_set_v2.csv,93.31440056928483,33.552121641676344,pseudo_rpt_from_time_series_plus_eis,pseudo_label_not_measurement,supports_cross_dataset_transfer_head,development_cross_dataset,0.5,"Usable only as a down-weighted development pseudo-label, never as a measurement.",development confidence: cross-dataset masked folds beat baseline; still not a measurement
radar4kit_repaired_relaxation::286,RADAR4KIT corrected EIS plus PULSE,radar4kit_repaired,P048_3_S15_C00,cell_plsv2,30.0,25.38,cleaned_training_set_v2.csv,93.54065646900553,33.552121641676344,pseudo_rpt_from_time_series_plus_eis,pseudo_label_not_measurement,supports_cross_dataset_transfer_head,development_cross_dataset,0.5,"Usable only as a down-weighted development pseudo-label, never as a measurement.",development confidence: cross-dataset masked folds beat baseline; still not a measurement
radar4kit_repaired_relaxation::287,RADAR4KIT corrected EIS plus PULSE,radar4kit_repaired,P048_3_S15_C00,cell_plsv2,10.0,25.445,cleaned_training_set_v2.csv,93.06592979633797,33.552121641676344,pseudo_rpt_from_time_series_plus_eis,pseudo_label_not_measurement,supports_cross_dataset_transfer_head,development_cross_dataset,0.5,"Usable only as a down-weighted development pseudo-label, never as a measurement.",development confidence: cross-dataset masked folds beat baseline; still not a measurement
radar4kit_repaired_relaxation::288,RADAR4KIT corrected EIS plus PULSE,radar4kit_repaired,P049_1_S10_C10,cell_plsv2,30.0,24.785,cleaned_training_set_v2.csv,94.18641834405436,33.552121641676344,pseudo_rpt_from_time_series_plus_eis,pseudo_label_not_measurement,supports_cross_dataset_transfer_head,development_cross_dataset,0.5,"Usable only as a down-weighted development pseudo-label, never as a measurement.",development confidence: cross-dataset masked folds beat baseline; still not a measurement
radar4kit_repaired_relaxation::289,RADAR4KIT corrected EIS plus PULSE,radar4kit_repaired,P049_1_S10_C10,cell_plsv2,10.0,24.835,cleaned_training_set_v2.csv,94.39739562025737,33.552121641676344,pseudo_rpt_from_time_series_plus_eis,pseudo_label_not_measurement,supports_cross_dataset_transfer_head,development_cross_dataset,0.5,"Usable only as a down-weighted development pseudo-label, never as a measurement.",development confidence: cross-dataset masked folds beat baseline; still not a measurement
radar4kit_repaired_relaxation::290,RADAR4KIT corrected EIS plus PULSE,radar4kit_repaired,P049_2_S11_C09,cell_plsv2,30.0,25.22,cleaned_training_set_v2.csv,93.74499141743829,33.552121641676344,pseudo_rpt_from_time_series_plus_eis,pseudo_label_not_measurement,supports_cross_dataset_transfer_head,development_cross_dataset,0.5,"Usable only as a down-weighted development pseudo-label, never as a measurement.",development confidence: cross-dataset masked folds beat baseline; still not a measurement
radar4kit_repaired_relaxation::291,RADAR4KIT corrected EIS plus PULSE,radar4kit_repaired,P049_2_S11_C09,cell_plsv2,10.0,25.28,cleaned_training_set_v2.csv,94.35735204767859,33.552121641676344,pseudo_rpt_from_time_series_plus_eis,pseudo_label_not_measurement,supports_cross_dataset_transfer_head,development_cross_dataset,0.5,"Usable only as a down-weighted development pseudo-label, never as a measurement.",development confidence: cross-dataset masked folds beat baseline; still not a measurement
radar4kit_repaired_relaxation::292,RADAR4KIT corrected EIS plus PULSE,radar4kit_repaired,P049_3_S15_C02,cell_plsv2,30.0,25.38,cleaned_training_set_v2.csv,93.84301231326594,33.552121641676344,pseudo_rpt_from_time_series_plus_eis,pseudo_label_not_measurement,supports_cross_dataset_transfer_head,development_cross_dataset,0.5,"Usable only as a down-weighted development pseudo-label, never as a measurement.",development confidence: cross-dataset masked folds beat baseline; still not a measurement
radar4kit_repaired_relaxation::293,RADAR4KIT corrected EIS plus PULSE,radar4kit_repaired,P049_3_S15_C02,cell_plsv2,10.0,25.34,cleaned_training_set_v2.csv,93.08465492238838,33.552121641676344,pseudo_rpt_from_time_series_plus_eis,pseudo_label_not_measurement,supports_cross_dataset_transfer_head,development_cross_dataset,0.5,"Usable only as a down-weighted development pseudo-label, never as a measurement.",development confidence: cross-dataset masked folds beat baseline; still not a measurement
radar4kit_repaired_relaxation::294,RADAR4KIT corrected EIS plus PULSE,radar4kit_repaired,P050_1_S10_C09,cell_plsv2,30.0,24.795,cleaned_training_set_v2.csv,93.96505684248824,33.552121641676344,pseudo_rpt_from_time_series_plus_eis,pseudo_label_not_measurement,supports_cross_dataset_transfer_head,development_cross_dataset,0.5,"Usable only as a down-weighted development pseudo-label, never as a measurement.",development confidence: cross-dataset masked folds beat baseline; still not a measurement
radar4kit_repaired_relaxation::295,RADAR4KIT corrected EIS plus PULSE,radar4kit_repaired,P050_1_S10_C09,cell_plsv2,10.0,24.875,cleaned_training_set_v2.csv,93.0007201828114,33.552121641676344,pseudo_rpt_from_time_series_plus_eis,pseudo_label_not_measurement,supports_cross_dataset_transfer_head,development_cross_dataset,0.5,"Usable only as a down-weighted development pseudo-label, never as a measurement.",development confidence: cross-dataset masked folds beat baseline; still not a measurement
radar4kit_repaired_relaxation::296,RADAR4KIT corrected EIS plus PULSE,radar4kit_repaired,P050_2_S11_C07,cell_plsv2,30.0,24.86,cleaned_training_set_v2.csv,94.67935430715019,33.552121641676344,pseudo_rpt_from_time_series_plus_eis,pseudo_label_not_measurement,supports_cross_dataset_transfer_head,development_cross_dataset,0.5,"Usable only as a down-weighted development pseudo-label, never as a measurement.",development confidence: cross-dataset masked folds beat baseline; still not a measurement
radar4kit_repaired_relaxation::297,RADAR4KIT corrected EIS plus PULSE,radar4kit_repaired,P050_2_S11_C07,cell_plsv2,10.0,24.84,cleaned_training_set_v2.csv,94.39387314561446,33.552121641676344,pseudo_rpt_from_time_series_plus_eis,pseudo_label_not_measurement,supports_cross_dataset_transfer_head,development_cross_dataset,0.5,"Usable only as a down-weighted development pseudo-label, never as a measurement.",development confidence: cross-dataset masked folds beat baseline; still not a measurement
radar4kit_repaired_relaxation::298,RADAR4KIT corrected EIS plus PULSE,radar4kit_repaired,P050_3_S12_C07,cell_plsv2,30.0,25.355,cleaned_training_set_v2.csv,95.62811686077066,33.552121641676344,pseudo_rpt_from_time_series_plus_eis,pseudo_label_not_measurement,supports_cross_dataset_transfer_head,development_cross_dataset,0.5,"Usable only as a down-weighted development pseudo-label, never as a measurement.",development confidence: cross-dataset masked folds beat baseline; still not a measurement
radar4kit_repaired_relaxation::299,RADAR4KIT corrected EIS plus PULSE,radar4kit_repaired,P050_3_S12_C07,cell_plsv2,10.0,25.4,cleaned_training_set_v2.csv,94.3231486177269,33.552121641676344,pseudo_rpt_from_time_series_plus_eis,pseudo_label_not_measurement,supports_cross_dataset_transfer_head,development_cross_dataset,0.5,"Usable only as a down-weighted development pseudo-label, never as a measurement.",development confidence: cross-dataset masked folds beat baseline; still not a measurement
radar4kit_repaired_relaxation::300,RADAR4KIT corrected EIS plus PULSE,radar4kit_repaired,P051_1_S10_C08,cell_plsv2,30.0,24.94,cleaned_training_set_v2.csv,94.03073358867992,33.552121641676344,pseudo_rpt_from_time_series_plus_eis,pseudo_label_not_measurement,supports_cross_dataset_transfer_head,development_cross_dataset,0.5,"Usable only as a down-weighted development pseudo-label, never as a measurement.",development confidence: cross-dataset masked folds beat baseline; still not a measurement
radar4kit_repaired_relaxation::301,RADAR4KIT corrected EIS plus PULSE,radar4kit_repaired,P051_1_S10_C08,cell_plsv2,10.0,25.015,cleaned_training_set_v2.csv,92.83066186134316,33.552121641676344,pseudo_rpt_from_time_series_plus_eis,pseudo_label_not_measurement,supports_cross_dataset_transfer_head,development_cross_dataset,0.5,"Usable only as a down-weighted development pseudo-label, never as a measurement.",development confidence: cross-dataset masked folds beat baseline; still not a measurement
radar4kit_repaired_relaxation::302,RADAR4KIT corrected EIS plus PULSE,radar4kit_repaired,P051_2_S11_C05,cell_plsv2,30.0,24.74,cleaned_training_set_v2.csv,89.80818810812622,33.552121641676344,pseudo_rpt_from_time_series_plus_eis,pseudo_label_not_measurement,supports_cross_dataset_transfer_head,development_cross_dataset,0.5,"Usable only as a down-weighted development pseudo-label, never as a measurement.",development confidence: cross-dataset masked folds beat baseline; still not a measurement
radar4kit_repaired_relaxation::303,RADAR4KIT corrected EIS plus PULSE,radar4kit_repaired,P051_2_S11_C05,cell_plsv2,10.0,24.85,cleaned_training_set_v2.csv,91.76777455645485,33.552121641676344,pseudo_rpt_from_time_series_plus_eis,pseudo_label_not_measurement,supports_cross_dataset_transfer_head,development_cross_dataset,0.5,"Usable only as a down-weighted development pseudo-label, never as a measurement.",development confidence: cross-dataset masked folds beat baseline; still not a measurement
radar4kit_repaired_relaxation::304,RADAR4KIT corrected EIS plus PULSE,radar4kit_repaired,P051_3_S12_C05,cell_plsv2,30.0,25.78,cleaned_training_set_v2.csv,92.04217338120336,33.552121641676344,pseudo_rpt_from_time_series_plus_eis,pseudo_label_not_measurement,supports_cross_dataset_transfer_head,development_cross_dataset,0.5,"Usable only as a down-weighted development pseudo-label, never as a measurement.",development confidence: cross-dataset masked folds beat baseline; still not a measurement
radar4kit_repaired_relaxation::305,RADAR4KIT corrected EIS plus PULSE,radar4kit_repaired,P051_3_S12_C05,cell_plsv2,10.0,25.79,cleaned_training_set_v2.csv,92.84024125647302,33.552121641676344,pseudo_rpt_from_time_series_plus_eis,pseudo_label_not_measurement,supports_cross_dataset_transfer_head,development_cross_dataset,0.5,"Usable only as a down-weighted development pseudo-label, never as a measurement.",development confidence: cross-dataset masked folds beat baseline; still not a measurement
radar4kit_repaired_relaxation::306,RADAR4KIT corrected EIS plus PULSE,radar4kit_repaired,P052_1_S11_C01,cell_plsv2,30.0,25.51,cleaned_training_set_v2.csv,92.05061278633048,33.552121641676344,pseudo_rpt_from_time_series_plus_eis,pseudo_label_not_measurement,supports_cross_dataset_transfer_head,development_cross_dataset,0.5,"Usable only as a down-weighted development pseudo-label, never as a measurement.",development confidence: cross-dataset masked folds beat baseline; still not a measurement
radar4kit_repaired_relaxation::307,RADAR4KIT corrected EIS plus PULSE,radar4kit_repaired,P052_1_S11_C01,cell_plsv2,10.0,25.465,cleaned_training_set_v2.csv,93.16115366107228,33.552121641676344,pseudo_rpt_from_time_series_plus_eis,pseudo_label_not_measurement,supports_cross_dataset_transfer_head,development_cross_dataset,0.5,"Usable only as a down-weighted development pseudo-label, never as a measurement.",development confidence: cross-dataset masked folds beat baseline; still not a measurement
radar4kit_repaired_relaxation::308,RADAR4KIT corrected EIS plus PULSE,radar4kit_repaired,P052_2_S12_C01,cell_plsv2,30.0,25.6,cleaned_training_set_v2.csv,91.53236144014923,33.552121641676344,pseudo_rpt_from_time_series_plus_eis,pseudo_label_not_measurement,supports_cross_dataset_transfer_head,development_cross_dataset,0.5,"Usable only as a down-weighted development pseudo-label, never as a measurement.",development confidence: cross-dataset masked folds beat baseline; still not a measurement
radar4kit_repaired_relaxation::309,RADAR4KIT corrected EIS plus PULSE,radar4kit_repaired,P052_2_S12_C01,cell_plsv2,10.0,25.615,cleaned_training_set_v2.csv,93.03969535405109,33.552121641676344,pseudo_rpt_from_time_series_plus_eis,pseudo_label_not_measurement,supports_cross_dataset_transfer_head,development_cross_dataset,0.5,"Usable only as a down-weighted development pseudo-label, never as a measurement.",development confidence: cross-dataset masked folds beat baseline; still not a measurement
radar4kit_repaired_relaxation::310,RADAR4KIT corrected EIS plus PULSE,radar4kit_repaired,P052_3_S13_C01,cell_plsv2,30.0,25.56,cleaned_training_set_v2.csv,93.56255679235225,33.552121641676344,pseudo_rpt_from_time_series_plus_eis,pseudo_label_not_measurement,supports_cross_dataset_transfer_head,development_cross_dataset,0.5,"Usable only as a down-weighted development pseudo-label, never as a measurement.",development confidence: cross-dataset masked folds beat baseline; still not a measurement
radar4kit_repaired_relaxation::311,RADAR4KIT corrected EIS plus PULSE,radar4kit_repaired,P052_3_S13_C01,cell_plsv2,10.0,25.57,cleaned_training_set_v2.csv,94.19322806217133,33.552121641676344,pseudo_rpt_from_time_series_plus_eis,pseudo_label_not_measurement,supports_cross_dataset_transfer_head,development_cross_dataset,0.5,"Usable only as a down-weighted development pseudo-label, never as a measurement.",development confidence: cross-dataset masked folds beat baseline; still not a measurement
radar4kit_repaired_relaxation::312,RADAR4KIT corrected EIS plus PULSE,radar4kit_repaired,P053_1_S15_C08,cell_plsv2,30.0,32.285,cleaned_training_set_v2.csv,95.39570410369683,33.552121641676344,pseudo_rpt_from_time_series_plus_eis,pseudo_label_not_measurement,supports_cross_dataset_transfer_head,development_cross_dataset,0.5,"Usable only as a down-weighted development pseudo-label, never as a measurement.",development confidence: cross-dataset masked folds beat baseline; still not a measurement
radar4kit_repaired_relaxation::313,RADAR4KIT corrected EIS plus PULSE,radar4kit_repaired,P053_1_S15_C08,cell_plsv2,10.0,32.254999999999995,cleaned_training_set_v2.csv,93.66579509961097,33.552121641676344,pseudo_rpt_from_time_series_plus_eis,pseudo_label_not_measurement,supports_cross_dataset_transfer_head,development_cross_dataset,0.5,"Usable only as a down-weighted development pseudo-label, never as a measurement.",development confidence: cross-dataset masked folds beat baseline; still not a measurement
radar4kit_repaired_relaxation::314,RADAR4KIT corrected EIS plus PULSE,radar4kit_repaired,P053_2_S16_C08,cell_plsv2,30.0,32.36,cleaned_training_set_v2.csv,96.15765942394965,33.552121641676344,pseudo_rpt_from_time_series_plus_eis,pseudo_label_not_measurement,supports_cross_dataset_transfer_head,development_cross_dataset,0.5,"Usable only as a down-weighted development pseudo-label, never as a measurement.",development confidence: cross-dataset masked folds beat baseline; still not a measurement
radar4kit_repaired_relaxation::315,RADAR4KIT corrected EIS plus PULSE,radar4kit_repaired,P053_2_S16_C08,cell_plsv2,10.0,32.379999999999995,cleaned_training_set_v2.csv,93.61232722652593,33.552121641676344,pseudo_rpt_from_time_series_plus_eis,pseudo_label_not_measurement,supports_cross_dataset_transfer_head,development_cross_dataset,0.5,"Usable only as a down-weighted development pseudo-label, never as a measurement.",development confidence: cross-dataset masked folds beat baseline; still not a measurement
radar4kit_repaired_relaxation::316,RADAR4KIT corrected EIS plus PULSE,radar4kit_repaired,P053_3_S19_C07,cell_plsv2,30.0,32.715,cleaned_training_set_v2.csv,97.61445786749483,33.552121641676344,pseudo_rpt_from_time_series_plus_eis,pseudo_label_not_measurement,supports_cross_dataset_transfer_head,development_cross_dataset,0.5,"Usable only as a down-weighted development pseudo-label, never as a measurement.",development confidence: cross-dataset masked folds beat baseline; still not a measurement
radar4kit_repaired_relaxation::317,RADAR4KIT corrected EIS plus PULSE,radar4kit_repaired,P053_3_S19_C07,cell_plsv2,10.0,32.655,cleaned_training_set_v2.csv,92.81030507699268,33.552121641676344,pseudo_rpt_from_time_series_plus_eis,pseudo_label_not_measurement,supports_cross_dataset_transfer_head,development_cross_dataset,0.5,"Usable only as a down-weighted development pseudo-label, never as a measurement.",development confidence: cross-dataset masked folds beat baseline; still not a measurement
radar4kit_repaired_relaxation::318,RADAR4KIT corrected EIS plus PULSE,radar4kit_repaired,P054_1_S16_C06,cell_plsv2,30.0,32.620000000000005,cleaned_training_set_v2.csv,91.42202841168975,33.552121641676344,pseudo_rpt_from_time_series_plus_eis,pseudo_label_not_measurement,supports_cross_dataset_transfer_head,development_cross_dataset,0.5,"Usable only as a down-weighted development pseudo-label, never as a measurement.",development confidence: cross-dataset masked folds beat baseline; still not a measurement
radar4kit_repaired_relaxation::319,RADAR4KIT corrected EIS plus PULSE,radar4kit_repaired,P054_1_S16_C06,cell_plsv2,10.0,32.66,cleaned_training_set_v2.csv,89.3120473615308,33.552121641676344,pseudo_rpt_from_time_series_plus_eis,pseudo_label_not_measurement,supports_cross_dataset_transfer_head,development_cross_dataset,0.5,"Usable only as a down-weighted development pseudo-label, never as a measurement.",development confidence: cross-dataset masked folds beat baseline; still not a measurement
radar4kit_repaired_relaxation::321,RADAR4KIT corrected EIS plus PULSE,radar4kit_repaired,P054_2_S17_C06,cell_plsv2,10.0,32.34,cleaned_training_set_v2.csv,93.11054447426207,33.552121641676344,pseudo_rpt_from_time_series_plus_eis,pseudo_label_not_measurement,supports_cross_dataset_transfer_head,development_cross_dataset,0.5,"Usable only as a down-weighted development pseudo-label, never as a measurement.",development confidence: cross-dataset masked folds beat baseline; still not a measurement
radar4kit_repaired_relaxation::322,RADAR4KIT corrected EIS plus PULSE,radar4kit_repaired,P054_3_S19_C05,cell_plsv2,30.0,32.655,cleaned_training_set_v2.csv,94.61072956709958,33.552121641676344,pseudo_rpt_from_time_series_plus_eis,pseudo_label_not_measurement,supports_cross_dataset_transfer_head,development_cross_dataset,0.5,"Usable only as a down-weighted development pseudo-label, never as a measurement.",development confidence: cross-dataset masked folds beat baseline; still not a measurement
radar4kit_repaired_relaxation::323,RADAR4KIT corrected EIS plus PULSE,radar4kit_repaired,P054_3_S19_C05,cell_plsv2,10.0,32.745,cleaned_training_set_v2.csv,93.05414822542852,33.552121641676344,pseudo_rpt_from_time_series_plus_eis,pseudo_label_not_measurement,supports_cross_dataset_transfer_head,development_cross_dataset,0.5,"Usable only as a down-weighted development pseudo-label, never as a measurement.",development confidence: cross-dataset masked folds beat baseline; still not a measurement
radar4kit_repaired_relaxation::324,RADAR4KIT corrected EIS plus PULSE,radar4kit_repaired,P055_1_S15_C05,cell_plsv2,30.0,32.705,cleaned_training_set_v2.csv,94.84577163001917,33.552121641676344,pseudo_rpt_from_time_series_plus_eis,pseudo_label_not_measurement,supports_cross_dataset_transfer_head,development_cross_dataset,0.5,"Usable only as a down-weighted development pseudo-label, never as a measurement.",development confidence: cross-dataset masked folds beat baseline; still not a measurement
radar4kit_repaired_relaxation::325,RADAR4KIT corrected EIS plus PULSE,radar4kit_repaired,P055_1_S15_C05,cell_plsv2,10.0,32.73,cleaned_training_set_v2.csv,93.96924494398377,33.552121641676344,pseudo_rpt_from_time_series_plus_eis,pseudo_label_not_measurement,supports_cross_dataset_transfer_head,development_cross_dataset,0.5,"Usable only as a down-weighted development pseudo-label, never as a measurement.",development confidence: cross-dataset masked folds beat baseline; still not a measurement
radar4kit_repaired_relaxation::326,RADAR4KIT corrected EIS plus PULSE,radar4kit_repaired,P055_2_S16_C04,cell_plsv2,30.0,32.77,cleaned_training_set_v2.csv,93.20352255248936,33.552121641676344,pseudo_rpt_from_time_series_plus_eis,pseudo_label_not_measurement,supports_cross_dataset_transfer_head,development_cross_dataset,0.5,"Usable only as a down-weighted development pseudo-label, never as a measurement.",development confidence: cross-dataset masked folds beat baseline; still not a measurement
radar4kit_repaired_relaxation::327,RADAR4KIT corrected EIS plus PULSE,radar4kit_repaired,P055_2_S16_C04,cell_plsv2,10.0,25.41,cleaned_training_set_v2.csv,94.21054115649248,33.552121641676344,pseudo_rpt_from_time_series_plus_eis,pseudo_label_not_measurement,supports_cross_dataset_transfer_head,development_cross_dataset,0.5,"Usable only as a down-weighted development pseudo-label, never as a measurement.",development confidence: cross-dataset masked folds beat baseline; still not a measurement
radar4kit_repaired_relaxation::329,RADAR4KIT corrected EIS plus PULSE,radar4kit_repaired,P055_3_S17_C04,cell_plsv2,10.0,32.77,cleaned_training_set_v2.csv,90.45308335337717,33.552121641676344,pseudo_rpt_from_time_series_plus_eis,pseudo_label_not_measurement,supports_cross_dataset_transfer_head,development_cross_dataset,0.5,"Usable only as a down-weighted development pseudo-label, never as a measurement.",development confidence: cross-dataset masked folds beat baseline; still not a measurement
radar4kit_repaired_relaxation::330,RADAR4KIT corrected EIS plus PULSE,radar4kit_repaired,P056_1_S16_C00,cell_plsv2,30.0,32.78,cleaned_training_set_v2.csv,94.02176098265569,33.552121641676344,pseudo_rpt_from_time_series_plus_eis,pseudo_label_not_measurement,supports_cross_dataset_transfer_head,development_cross_dataset,0.5,"Usable only as a down-weighted development pseudo-label, never as a measurement.",development confidence: cross-dataset masked folds beat baseline; still not a measurement
radar4kit_repaired_relaxation::331,RADAR4KIT corrected EIS plus PULSE,radar4kit_repaired,P056_1_S16_C00,cell_plsv2,10.0,32.91,cleaned_training_set_v2.csv,93.65770695888416,33.552121641676344,pseudo_rpt_from_time_series_plus_eis,pseudo_label_not_measurement,supports_cross_dataset_transfer_head,development_cross_dataset,0.5,"Usable only as a down-weighted development pseudo-label, never as a measurement.",development confidence: cross-dataset masked folds beat baseline; still not a measurement
radar4kit_repaired_relaxation::333,RADAR4KIT corrected EIS plus PULSE,radar4kit_repaired,P056_2_S17_C00,cell_plsv2,10.0,25.25,cleaned_training_set_v2.csv,93.28979013015115,33.552121641676344,pseudo_rpt_from_time_series_plus_eis,pseudo_label_not_measurement,supports_cross_dataset_transfer_head,development_cross_dataset,0.5,"Usable only as a down-weighted development pseudo-label, never as a measurement.",development confidence: cross-dataset masked folds beat baseline; still not a measurement
radar4kit_repaired_relaxation::340,RADAR4KIT corrected EIS plus PULSE,radar4kit_repaired,P057_3_S19_C08,cell_plsv2,30.0,32.575,cleaned_training_set_v2.csv,94.07623149808893,33.552121641676344,pseudo_rpt_from_time_series_plus_eis,pseudo_label_not_measurement,supports_cross_dataset_transfer_head,development_cross_dataset,0.5,"Usable only as a down-weighted development pseudo-label, never as a measurement.",development confidence: cross-dataset masked folds beat baseline; still not a measurement
radar4kit_repaired_relaxation::341,RADAR4KIT corrected EIS plus PULSE,radar4kit_repaired,P057_3_S19_C08,cell_plsv2,10.0,25.19,cleaned_training_set_v2.csv,93.85701731842232,33.552121641676344,pseudo_rpt_from_time_series_plus_eis,pseudo_label_not_measurement,supports_cross_dataset_transfer_head,development_cross_dataset,0.5,"Usable only as a down-weighted development pseudo-label, never as a measurement.",development confidence: cross-dataset masked folds beat baseline; still not a measurement
radar4kit_repaired_relaxation::342,RADAR4KIT corrected EIS plus PULSE,radar4kit_repaired,P058_1_S15_C07,cell_plsv2,30.0,32.465,cleaned_training_set_v2.csv,90.78933267139304,33.552121641676344,pseudo_rpt_from_time_series_plus_eis,pseudo_label_not_measurement,supports_cross_dataset_transfer_head,development_cross_dataset,0.5,"Usable only as a down-weighted development pseudo-label, never as a measurement.",development confidence: cross-dataset masked folds beat baseline; still not a measurement
radar4kit_repaired_relaxation::343,RADAR4KIT corrected EIS plus PULSE,radar4kit_repaired,P058_1_S15_C07,cell_plsv2,10.0,32.51,cleaned_training_set_v2.csv,91.05873883123037,33.552121641676344,pseudo_rpt_from_time_series_plus_eis,pseudo_label_not_measurement,supports_cross_dataset_transfer_head,development_cross_dataset,0.5,"Usable only as a down-weighted development pseudo-label, never as a measurement.",development confidence: cross-dataset masked folds beat baseline; still not a measurement
radar4kit_repaired_relaxation::345,RADAR4KIT corrected EIS plus PULSE,radar4kit_repaired,P058_2_S18_C06,cell_plsv2,10.0,32.65,cleaned_training_set_v2.csv,94.50157202166596,33.552121641676344,pseudo_rpt_from_time_series_plus_eis,pseudo_label_not_measurement,supports_cross_dataset_transfer_head,development_cross_dataset,0.5,"Usable only as a down-weighted development pseudo-label, never as a measurement.",development confidence: cross-dataset masked folds beat baseline; still not a measurement
radar4kit_repaired_relaxation::346,RADAR4KIT corrected EIS plus PULSE,radar4kit_repaired,P058_3_S19_C06,cell_plsv2,30.0,32.745,cleaned_training_set_v2.csv,94.61305134978409,33.552121641676344,pseudo_rpt_from_time_series_plus_eis,pseudo_label_not_measurement,supports_cross_dataset_transfer_head,development_cross_dataset,0.5,"Usable only as a down-weighted development pseudo-label, never as a measurement.",development confidence: cross-dataset masked folds beat baseline; still not a measurement
radar4kit_repaired_relaxation::347,RADAR4KIT corrected EIS plus PULSE,radar4kit_repaired,P058_3_S19_C06,cell_plsv2,10.0,25.41,cleaned_training_set_v2.csv,91.47321588493634,33.552121641676344,pseudo_rpt_from_time_series_plus_eis,pseudo_label_not_measurement,supports_cross_dataset_transfer_head,development_cross_dataset,0.5,"Usable only as a down-weighted development pseudo-label, never as a measurement.",development confidence: cross-dataset masked folds beat baseline; still not a measurement
radar4kit_repaired_relaxation::348,RADAR4KIT corrected EIS plus PULSE,radar4kit_repaired,P059_1_S15_C06,cell_plsv2,30.0,32.675,cleaned_training_set_v2.csv,97.2190731794132,33.552121641676344,pseudo_rpt_from_time_series_plus_eis,pseudo_label_not_measurement,supports_cross_dataset_transfer_head,development_cross_dataset,0.5,"Usable only as a down-weighted development pseudo-label, never as a measurement.",development confidence: cross-dataset masked folds beat baseline; still not a measurement
radar4kit_repaired_relaxation::349,RADAR4KIT corrected EIS plus PULSE,radar4kit_repaired,P059_1_S15_C06,cell_plsv2,10.0,32.59,cleaned_training_set_v2.csv,93.05103043067187,33.552121641676344,pseudo_rpt_from_time_series_plus_eis,pseudo_label_not_measurement,supports_cross_dataset_transfer_head,development_cross_dataset,0.5,"Usable only as a down-weighted development pseudo-label, never as a measurement.",development confidence: cross-dataset masked folds beat baseline; still not a measurement
radar4kit_repaired_relaxation::351,RADAR4KIT corrected EIS plus PULSE,radar4kit_repaired,P059_2_S18_C04,cell_plsv2,10.0,32.58,cleaned_training_set_v2.csv,94.86706377459902,33.552121641676344,pseudo_rpt_from_time_series_plus_eis,pseudo_label_not_measurement,supports_cross_dataset_transfer_head,development_cross_dataset,0.5,"Usable only as a down-weighted development pseudo-label, never as a measurement.",development confidence: cross-dataset masked folds beat baseline; still not a measurement
radar4kit_repaired_relaxation::352,RADAR4KIT corrected EIS plus PULSE,radar4kit_repaired,P059_3_S19_C04,cell_plsv2,30.0,32.94,cleaned_training_set_v2.csv,94.14597369868459,33.552121641676344,pseudo_rpt_from_time_series_plus_eis,pseudo_label_not_measurement,supports_cross_dataset_transfer_head,development_cross_dataset,0.5,"Usable only as a down-weighted development pseudo-label, never as a measurement.",development confidence: cross-dataset masked folds beat baseline; still not a measurement
radar4kit_repaired_relaxation::353,RADAR4KIT corrected EIS plus PULSE,radar4kit_repaired,P059_3_S19_C04,cell_plsv2,10.0,32.72,cleaned_training_set_v2.csv,93.94491109458981,33.552121641676344,pseudo_rpt_from_time_series_plus_eis,pseudo_label_not_measurement,supports_cross_dataset_transfer_head,development_cross_dataset,0.5,"Usable only as a down-weighted development pseudo-label, never as a measurement.",development confidence: cross-dataset masked folds beat baseline; still not a measurement
radar4kit_repaired_relaxation::354,RADAR4KIT corrected EIS plus PULSE,radar4kit_repaired,P060_1_S15_C03,cell_plsv2,30.0,32.775,cleaned_training_set_v2.csv,97.24311995642702,33.552121641676344,pseudo_rpt_from_time_series_plus_eis,pseudo_label_not_measurement,supports_cross_dataset_transfer_head,development_cross_dataset,0.5,"Usable only as a down-weighted development pseudo-label, never as a measurement.",development confidence: cross-dataset masked folds beat baseline; still not a measurement
radar4kit_repaired_relaxation::355,RADAR4KIT corrected EIS plus PULSE,radar4kit_repaired,P060_1_S15_C03,cell_plsv2,10.0,32.85,cleaned_training_set_v2.csv,93.75750470857648,33.552121641676344,pseudo_rpt_from_time_series_plus_eis,pseudo_label_not_measurement,supports_cross_dataset_transfer_head,development_cross_dataset,0.5,"Usable only as a down-weighted development pseudo-label, never as a measurement.",development confidence: cross-dataset masked folds beat baseline; still not a measurement
radar4kit_repaired_relaxation::356,RADAR4KIT corrected EIS plus PULSE,radar4kit_repaired,P060_2_S16_C01,cell_plsv2,30.0,32.815,cleaned_training_set_v2.csv,96.20813463257399,33.552121641676344,pseudo_rpt_from_time_series_plus_eis,pseudo_label_not_measurement,supports_cross_dataset_transfer_head,development_cross_dataset,0.5,"Usable only as a down-weighted development pseudo-label, never as a measurement.",development confidence: cross-dataset masked folds beat baseline; still not a measurement
radar4kit_repaired_relaxation::357,RADAR4KIT corrected EIS plus PULSE,radar4kit_repaired,P060_2_S16_C01,cell_plsv2,10.0,25.1,cleaned_training_set_v2.csv,95.3485992467833,33.552121641676344,pseudo_rpt_from_time_series_plus_eis,pseudo_label_not_measurement,supports_cross_dataset_transfer_head,development_cross_dataset,0.5,"Usable only as a down-weighted development pseudo-label, never as a measurement.",development confidence: cross-dataset masked folds beat baseline; still not a measurement
radar4kit_repaired_relaxation::358,RADAR4KIT corrected EIS plus PULSE,radar4kit_repaired,P060_3_S19_C00,cell_plsv2,30.0,33.004999999999995,cleaned_training_set_v2.csv,99.35982190821255,33.552121641676344,pseudo_rpt_from_time_series_plus_eis,pseudo_label_not_measurement,supports_cross_dataset_transfer_head,development_cross_dataset,0.5,"Usable only as a down-weighted development pseudo-label, never as a measurement.",development confidence: cross-dataset masked folds beat baseline; still not a measurement
radar4kit_repaired_relaxation::359,RADAR4KIT corrected EIS plus PULSE,radar4kit_repaired,P060_3_S19_C00,cell_plsv2,10.0,32.825,cleaned_training_set_v2.csv,93.4281353956917,33.552121641676344,pseudo_rpt_from_time_series_plus_eis,pseudo_label_not_measurement,supports_cross_dataset_transfer_head,development_cross_dataset,0.5,"Usable only as a down-weighted development pseudo-label, never as a measurement.",development confidence: cross-dataset masked folds beat baseline; still not a measurement
radar4kit_repaired_relaxation::360,RADAR4KIT corrected EIS plus PULSE,radar4kit_repaired,P061_1_S16_C09,cell_plsv2,30.0,25.38,cleaned_training_set_v2.csv,96.07448382499949,33.552121641676344,pseudo_rpt_from_time_series_plus_eis,pseudo_label_not_measurement,supports_cross_dataset_transfer_head,development_cross_dataset,0.5,"Usable only as a down-weighted development pseudo-label, never as a measurement.",development confidence: cross-dataset masked folds beat baseline; still not a measurement
radar4kit_repaired_relaxation::361,RADAR4KIT corrected EIS plus PULSE,radar4kit_repaired,P061_1_S16_C09,cell_plsv2,10.0,25.23,cleaned_training_set_v2.csv,93.79476668639683,33.552121641676344,pseudo_rpt_from_time_series_plus_eis,pseudo_label_not_measurement,supports_cross_dataset_transfer_head,development_cross_dataset,0.5,"Usable only as a down-weighted development pseudo-label, never as a measurement.",development confidence: cross-dataset masked folds beat baseline; still not a measurement
radar4kit_repaired_relaxation::362,RADAR4KIT corrected EIS plus PULSE,radar4kit_repaired,P061_2_S17_C09,cell_plsv2,30.0,32.495000000000005,cleaned_training_set_v2.csv,97.27483021279045,33.552121641676344,pseudo_rpt_from_time_series_plus_eis,pseudo_label_not_measurement,supports_cross_dataset_transfer_head,development_cross_dataset,0.5,"Usable only as a down-weighted development pseudo-label, never as a measurement.",development confidence: cross-dataset masked folds beat baseline; still not a measurement
radar4kit_repaired_relaxation::363,RADAR4KIT corrected EIS plus PULSE,radar4kit_repaired,P061_2_S17_C09,cell_plsv2,10.0,32.405,cleaned_training_set_v2.csv,94.59679849406676,33.552121641676344,pseudo_rpt_from_time_series_plus_eis,pseudo_label_not_measurement,supports_cross_dataset_transfer_head,development_cross_dataset,0.5,"Usable only as a down-weighted development pseudo-label, never as a measurement.",development confidence: cross-dataset masked folds beat baseline; still not a measurement
radar4kit_repaired_relaxation::364,RADAR4KIT corrected EIS plus PULSE,radar4kit_repaired,P061_3_S18_C09,cell_plsv2,30.0,32.69,cleaned_training_set_v2.csv,96.18613097331863,33.552121641676344,pseudo_rpt_from_time_series_plus_eis,pseudo_label_not_measurement,supports_cross_dataset_transfer_head,development_cross_dataset,0.5,"Usable only as a down-weighted development pseudo-label, never as a measurement.",development confidence: cross-dataset masked folds beat baseline; still not a measurement
radar4kit_repaired_relaxation::365,RADAR4KIT corrected EIS plus PULSE,radar4kit_repaired,P061_3_S18_C09,cell_plsv2,10.0,32.625,cleaned_training_set_v2.csv,94.10934055619948,33.552121641676344,pseudo_rpt_from_time_series_plus_eis,pseudo_label_not_measurement,supports_cross_dataset_transfer_head,development_cross_dataset,0.5,"Usable only as a down-weighted development pseudo-label, never as a measurement.",development confidence: cross-dataset masked folds beat baseline; still not a measurement
radar4kit_repaired_relaxation::366,RADAR4KIT corrected EIS plus PULSE,radar4kit_repaired,P062_1_S16_C07,cell_plsv2,30.0,25.41,cleaned_training_set_v2.csv,96.34448116809729,33.552121641676344,pseudo_rpt_from_time_series_plus_eis,pseudo_label_not_measurement,supports_cross_dataset_transfer_head,development_cross_dataset,0.5,"Usable only as a down-weighted development pseudo-label, never as a measurement.",development confidence: cross-dataset masked folds beat baseline; still not a measurement
radar4kit_repaired_relaxation::367,RADAR4KIT corrected EIS plus PULSE,radar4kit_repaired,P062_1_S16_C07,cell_plsv2,10.0,25.37,cleaned_training_set_v2.csv,93.67257512570404,33.552121641676344,pseudo_rpt_from_time_series_plus_eis,pseudo_label_not_measurement,supports_cross_dataset_transfer_head,development_cross_dataset,0.5,"Usable only as a down-weighted development pseudo-label, never as a measurement.",development confidence: cross-dataset masked folds beat baseline; still not a measurement
radar4kit_repaired_relaxation::368,RADAR4KIT corrected EIS plus PULSE,radar4kit_repaired,P062_2_S17_C07,cell_plsv2,30.0,32.57,cleaned_training_set_v2.csv,95.26120081634149,33.552121641676344,pseudo_rpt_from_time_series_plus_eis,pseudo_label_not_measurement,supports_cross_dataset_transfer_head,development_cross_dataset,0.5,"Usable only as a down-weighted development pseudo-label, never as a measurement.",development confidence: cross-dataset masked folds beat baseline; still not a measurement
radar4kit_repaired_relaxation::369,RADAR4KIT corrected EIS plus PULSE,radar4kit_repaired,P062_2_S17_C07,cell_plsv2,10.0,25.31,cleaned_training_set_v2.csv,94.20670616705358,33.552121641676344,pseudo_rpt_from_time_series_plus_eis,pseudo_label_not_measurement,supports_cross_dataset_transfer_head,development_cross_dataset,0.5,"Usable only as a down-weighted development pseudo-label, never as a measurement.",development confidence: cross-dataset masked folds beat baseline; still not a measurement
radar4kit_repaired_relaxation::370,RADAR4KIT corrected EIS plus PULSE,radar4kit_repaired,P062_3_S18_C07,cell_plsv2,30.0,32.805,cleaned_training_set_v2.csv,97.37357014987286,33.552121641676344,pseudo_rpt_from_time_series_plus_eis,pseudo_label_not_measurement,supports_cross_dataset_transfer_head,development_cross_dataset,0.5,"Usable only as a down-weighted development pseudo-label, never as a measurement.",development confidence: cross-dataset masked folds beat baseline; still not a measurement
radar4kit_repaired_relaxation::371,RADAR4KIT corrected EIS plus PULSE,radar4kit_repaired,P062_3_S18_C07,cell_plsv2,10.0,25.31,cleaned_training_set_v2.csv,93.51933423610113,33.552121641676344,pseudo_rpt_from_time_series_plus_eis,pseudo_label_not_measurement,supports_cross_dataset_transfer_head,development_cross_dataset,0.5,"Usable only as a down-weighted development pseudo-label, never as a measurement.",development confidence: cross-dataset masked folds beat baseline; still not a measurement
radar4kit_repaired_relaxation::372,RADAR4KIT corrected EIS plus PULSE,radar4kit_repaired,P063_1_S16_C05,cell_plsv2,30.0,25.16,cleaned_training_set_v2.csv,95.21377441749735,33.552121641676344,pseudo_rpt_from_time_series_plus_eis,pseudo_label_not_measurement,supports_cross_dataset_transfer_head,development_cross_dataset,0.5,"Usable only as a down-weighted development pseudo-label, never as a measurement.",development confidence: cross-dataset masked folds beat baseline; still not a measurement
radar4kit_repaired_relaxation::373,RADAR4KIT corrected EIS plus PULSE,radar4kit_repaired,P063_1_S16_C05,cell_plsv2,10.0,25.16,cleaned_training_set_v2.csv,92.96723668828454,33.552121641676344,pseudo_rpt_from_time_series_plus_eis,pseudo_label_not_measurement,supports_cross_dataset_transfer_head,development_cross_dataset,0.5,"Usable only as a down-weighted development pseudo-label, never as a measurement.",development confidence: cross-dataset masked folds beat baseline; still not a measurement
radar4kit_repaired_relaxation::374,RADAR4KIT corrected EIS plus PULSE,radar4kit_repaired,P063_2_S17_C05,cell_plsv2,30.0,32.85,cleaned_training_set_v2.csv,92.9164813354756,33.552121641676344,pseudo_rpt_from_time_series_plus_eis,pseudo_label_not_measurement,supports_cross_dataset_transfer_head,development_cross_dataset,0.5,"Usable only as a down-weighted development pseudo-label, never as a measurement.",development confidence: cross-dataset masked folds beat baseline; still not a measurement
radar4kit_repaired_relaxation::375,RADAR4KIT corrected EIS plus PULSE,radar4kit_repaired,P063_2_S17_C05,cell_plsv2,10.0,25.24,cleaned_training_set_v2.csv,93.06337210627579,33.552121641676344,pseudo_rpt_from_time_series_plus_eis,pseudo_label_not_measurement,supports_cross_dataset_transfer_head,development_cross_dataset,0.5,"Usable only as a down-weighted development pseudo-label, never as a measurement.",development confidence: cross-dataset masked folds beat baseline; still not a measurement
radar4kit_repaired_relaxation::376,RADAR4KIT corrected EIS plus PULSE,radar4kit_repaired,P063_3_S18_C05,cell_plsv2,30.0,32.705,cleaned_training_set_v2.csv,95.2496991228734,33.552121641676344,pseudo_rpt_from_time_series_plus_eis,pseudo_label_not_measurement,supports_cross_dataset_transfer_head,development_cross_dataset,0.5,"Usable only as a down-weighted development pseudo-label, never as a measurement.",development confidence: cross-dataset masked folds beat baseline; still not a measurement
radar4kit_repaired_relaxation::377,RADAR4KIT corrected EIS plus PULSE,radar4kit_repaired,P063_3_S18_C05,cell_plsv2,10.0,25.32,cleaned_training_set_v2.csv,95.01720662003055,33.552121641676344,pseudo_rpt_from_time_series_plus_eis,pseudo_label_not_measurement,supports_cross_dataset_transfer_head,development_cross_dataset,0.5,"Usable only as a down-weighted development pseudo-label, never as a measurement.",development confidence: cross-dataset masked folds beat baseline; still not a measurement
radar4kit_repaired_relaxation::378,RADAR4KIT corrected EIS plus PULSE,radar4kit_repaired,P064_1_S17_C01,cell_plsv2,30.0,40.05,cleaned_training_set_v2.csv,92.15376341528425,33.552121641676344,pseudo_rpt_from_time_series_plus_eis,pseudo_label_not_measurement,supports_cross_dataset_transfer_head,development_cross_dataset,0.5,"Usable only as a down-weighted development pseudo-label, never as a measurement.",development confidence: cross-dataset masked folds beat baseline; still not a measurement
radar4kit_repaired_relaxation::379,RADAR4KIT corrected EIS plus PULSE,radar4kit_repaired,P064_1_S17_C01,cell_plsv2,10.0,32.63,cleaned_training_set_v2.csv,94.62265689319847,33.552121641676344,pseudo_rpt_from_time_series_plus_eis,pseudo_label_not_measurement,supports_cross_dataset_transfer_head,development_cross_dataset,0.5,"Usable only as a down-weighted development pseudo-label, never as a measurement.",development confidence: cross-dataset masked folds beat baseline; still not a measurement
radar4kit_repaired_relaxation::381,RADAR4KIT corrected EIS plus PULSE,radar4kit_repaired,P064_2_S18_C01,cell_plsv2,10.0,32.75,cleaned_training_set_v2.csv,93.40748095124727,33.552121641676344,pseudo_rpt_from_time_series_plus_eis,pseudo_label_not_measurement,supports_cross_dataset_transfer_head,development_cross_dataset,0.5,"Usable only as a down-weighted development pseudo-label, never as a measurement.",development confidence: cross-dataset masked folds beat baseline; still not a measurement
radar4kit_repaired_relaxation::382,RADAR4KIT corrected EIS plus PULSE,radar4kit_repaired,P064_3_S19_C01,cell_plsv2,30.0,32.93,cleaned_training_set_v2.csv,94.97844065635654,33.552121641676344,pseudo_rpt_from_time_series_plus_eis,pseudo_label_not_measurement,supports_cross_dataset_transfer_head,development_cross_dataset,0.5,"Usable only as a down-weighted development pseudo-label, never as a measurement.",development confidence: cross-dataset masked folds beat baseline; still not a measurement
radar4kit_repaired_relaxation::383,RADAR4KIT corrected EIS plus PULSE,radar4kit_repaired,P064_3_S19_C01,cell_plsv2,10.0,32.86,cleaned_training_set_v2.csv,94.55223562721358,33.552121641676344,pseudo_rpt_from_time_series_plus_eis,pseudo_label_not_measurement,supports_cross_dataset_transfer_head,development_cross_dataset,0.5,"Usable only as a down-weighted development pseudo-label, never as a measurement.",development confidence: cross-dataset masked folds beat baseline; still not a measurement
radar4kit_repaired_relaxation::384,RADAR4KIT corrected EIS plus PULSE,radar4kit_repaired,P065_1_S01_C03,cell_plsv2,30.0,2.67,cleaned_training_set_v2.csv,82.7618979689457,33.552121641676344,pseudo_rpt_from_time_series_plus_eis,pseudo_label_not_measurement,supports_cross_dataset_transfer_head,development_cross_dataset,0.5,"Usable only as a down-weighted development pseudo-label, never as a measurement.",development confidence: cross-dataset masked folds beat baseline; still not a measurement
radar4kit_repaired_relaxation::385,RADAR4KIT corrected EIS plus PULSE,radar4kit_repaired,P065_1_S01_C03,cell_plsv2,10.0,2.74,cleaned_training_set_v2.csv,79.91667529724376,33.552121641676344,pseudo_rpt_from_time_series_plus_eis,pseudo_label_not_measurement,supports_cross_dataset_transfer_head,development_cross_dataset,0.5,"Usable only as a down-weighted development pseudo-label, never as a measurement.",development confidence: cross-dataset masked folds beat baseline; still not a measurement
radar4kit_repaired_relaxation::386,RADAR4KIT corrected EIS plus PULSE,radar4kit_repaired,P065_2_S03_C02,cell_plsv2,30.0,2.06,cleaned_training_set_v2.csv,82.66058526758056,33.552121641676344,pseudo_rpt_from_time_series_plus_eis,pseudo_label_not_measurement,supports_cross_dataset_transfer_head,development_cross_dataset,0.5,"Usable only as a down-weighted development pseudo-label, never as a measurement.",development confidence: cross-dataset masked folds beat baseline; still not a measurement
radar4kit_repaired_relaxation::389,RADAR4KIT corrected EIS plus PULSE,radar4kit_repaired,P065_3_S04_C02,cell_plsv2,10.0,2.28,cleaned_training_set_v2.csv,76.53227412030046,33.552121641676344,pseudo_rpt_from_time_series_plus_eis,pseudo_label_not_measurement,supports_cross_dataset_transfer_head,development_cross_dataset,0.5,"Usable only as a down-weighted development pseudo-label, never as a measurement.",development confidence: cross-dataset masked folds beat baseline; still not a measurement
radar4kit_repaired_relaxation::390,RADAR4KIT corrected EIS plus PULSE,radar4kit_repaired,P066_1_S02_C03,cell_plsv2,30.0,25.06,cleaned_training_set_v2.csv,92.64467784872292,33.552121641676344,pseudo_rpt_from_time_series_plus_eis,pseudo_label_not_measurement,supports_cross_dataset_transfer_head,development_cross_dataset,0.5,"Usable only as a down-weighted development pseudo-label, never as a measurement.",development confidence: cross-dataset masked folds beat baseline; still not a measurement
radar4kit_repaired_relaxation::391,RADAR4KIT corrected EIS plus PULSE,radar4kit_repaired,P066_1_S02_C03,cell_plsv2,10.0,25.01,cleaned_training_set_v2.csv,85.34903087372588,33.552121641676344,pseudo_rpt_from_time_series_plus_eis,pseudo_label_not_measurement,supports_cross_dataset_transfer_head,development_cross_dataset,0.5,"Usable only as a down-weighted development pseudo-label, never as a measurement.",development confidence: cross-dataset masked folds beat baseline; still not a measurement
radar4kit_repaired_relaxation::393,RADAR4KIT corrected EIS plus PULSE,radar4kit_repaired,P066_2_S03_C03,cell_plsv2,10.0,25.16,cleaned_training_set_v2.csv,81.01428417633375,33.552121641676344,pseudo_rpt_from_time_series_plus_eis,pseudo_label_not_measurement,supports_cross_dataset_transfer_head,development_cross_dataset,0.5,"Usable only as a down-weighted development pseudo-label, never as a measurement.",development confidence: cross-dataset masked folds beat baseline; still not a measurement
radar4kit_repaired_relaxation::395,RADAR4KIT corrected EIS plus PULSE,radar4kit_repaired,P066_3_S04_C03,cell_plsv2,10.0,24.85,cleaned_training_set_v2.csv,89.22825447230817,33.552121641676344,pseudo_rpt_from_time_series_plus_eis,pseudo_label_not_measurement,supports_cross_dataset_transfer_head,development_cross_dataset,0.5,"Usable only as a down-weighted development pseudo-label, never as a measurement.",development confidence: cross-dataset masked folds beat baseline; still not a measurement
radar4kit_repaired_relaxation::402,RADAR4KIT corrected EIS plus PULSE,radar4kit_repaired,P068_1_S06_C03,cell_plsv2,30.0,24.525,cleaned_training_set_v2.csv,90.77343117267293,33.552121641676344,pseudo_rpt_from_time_series_plus_eis,pseudo_label_not_measurement,supports_cross_dataset_transfer_head,development_cross_dataset,0.5,"Usable only as a down-weighted development pseudo-label, never as a measurement.",development confidence: cross-dataset masked folds beat baseline; still not a measurement
radar4kit_repaired_relaxation::403,RADAR4KIT corrected EIS plus PULSE,radar4kit_repaired,P068_1_S06_C03,cell_plsv2,10.0,24.58,cleaned_training_set_v2.csv,92.32128103001355,33.552121641676344,pseudo_rpt_from_time_series_plus_eis,pseudo_label_not_measurement,supports_cross_dataset_transfer_head,development_cross_dataset,0.5,"Usable only as a down-weighted development pseudo-label, never as a measurement.",development confidence: cross-dataset masked folds beat baseline; still not a measurement
radar4kit_repaired_relaxation::404,RADAR4KIT corrected EIS plus PULSE,radar4kit_repaired,P068_2_S07_C03,cell_plsv2,30.0,18.075,cleaned_training_set_v2.csv,92.93388694303282,33.552121641676344,pseudo_rpt_from_time_series_plus_eis,pseudo_label_not_measurement,supports_cross_dataset_transfer_head,development_cross_dataset,0.5,"Usable only as a down-weighted development pseudo-label, never as a measurement.",development confidence: cross-dataset masked folds beat baseline; still not a measurement
radar4kit_repaired_relaxation::405,RADAR4KIT corrected EIS plus PULSE,radar4kit_repaired,P068_2_S07_C03,cell_plsv2,10.0,18.16,cleaned_training_set_v2.csv,86.50556666779086,33.552121641676344,pseudo_rpt_from_time_series_plus_eis,pseudo_label_not_measurement,supports_cross_dataset_transfer_head,development_cross_dataset,0.5,"Usable only as a down-weighted development pseudo-label, never as a measurement.",development confidence: cross-dataset masked folds beat baseline; still not a measurement
radar4kit_repaired_relaxation::406,RADAR4KIT corrected EIS plus PULSE,radar4kit_repaired,P068_3_S08_C03,cell_plsv2,30.0,18.125,cleaned_training_set_v2.csv,91.92013291939,33.552121641676344,pseudo_rpt_from_time_series_plus_eis,pseudo_label_not_measurement,supports_cross_dataset_transfer_head,development_cross_dataset,0.5,"Usable only as a down-weighted development pseudo-label, never as a measurement.",development confidence: cross-dataset masked folds beat baseline; still not a measurement
radar4kit_repaired_relaxation::407,RADAR4KIT corrected EIS plus PULSE,radar4kit_repaired,P068_3_S08_C03,cell_plsv2,10.0,18.295,cleaned_training_set_v2.csv,91.0336480655496,33.552121641676344,pseudo_rpt_from_time_series_plus_eis,pseudo_label_not_measurement,supports_cross_dataset_transfer_head,development_cross_dataset,0.5,"Usable only as a down-weighted development pseudo-label, never as a measurement.",development confidence: cross-dataset masked folds beat baseline; still not a measurement
radar4kit_repaired_relaxation::408,RADAR4KIT corrected EIS plus PULSE,radar4kit_repaired,P069_1_S08_C02,cell_plsv2,30.0,18.23,cleaned_training_set_v2.csv,91.20299583000434,33.552121641676344,pseudo_rpt_from_time_series_plus_eis,pseudo_label_not_measurement,supports_cross_dataset_transfer_head,development_cross_dataset,0.5,"Usable only as a down-weighted development pseudo-label, never as a measurement.",development confidence: cross-dataset masked folds beat baseline; still not a measurement
radar4kit_repaired_relaxation::409,RADAR4KIT corrected EIS plus PULSE,radar4kit_repaired,P069_1_S08_C02,cell_plsv2,10.0,19.035,cleaned_training_set_v2.csv,93.42047693555291,33.552121641676344,pseudo_rpt_from_time_series_plus_eis,pseudo_label_not_measurement,supports_cross_dataset_transfer_head,development_cross_dataset,0.5,"Usable only as a down-weighted development pseudo-label, never as a measurement.",development confidence: cross-dataset masked folds beat baseline; still not a measurement
radar4kit_repaired_relaxation::410,RADAR4KIT corrected EIS plus PULSE,radar4kit_repaired,P069_2_S09_C02,cell_plsv2,30.0,18.165,cleaned_training_set_v2.csv,94.05679422261221,33.552121641676344,pseudo_rpt_from_time_series_plus_eis,pseudo_label_not_measurement,supports_cross_dataset_transfer_head,development_cross_dataset,0.5,"Usable only as a down-weighted development pseudo-label, never as a measurement.",development confidence: cross-dataset masked folds beat baseline; still not a measurement
radar4kit_repaired_relaxation::411,RADAR4KIT corrected EIS plus PULSE,radar4kit_repaired,P069_2_S09_C02,cell_plsv2,10.0,18.235,cleaned_training_set_v2.csv,91.66538480276569,33.552121641676344,pseudo_rpt_from_time_series_plus_eis,pseudo_label_not_measurement,supports_cross_dataset_transfer_head,development_cross_dataset,0.5,"Usable only as a down-weighted development pseudo-label, never as a measurement.",development confidence: cross-dataset masked folds beat baseline; still not a measurement
radar4kit_repaired_relaxation::412,RADAR4KIT corrected EIS plus PULSE,radar4kit_repaired,P069_3_S10_C01,cell_plsv2,30.0,17.775,cleaned_training_set_v2.csv,91.47603190688073,33.552121641676344,pseudo_rpt_from_time_series_plus_eis,pseudo_label_not_measurement,supports_cross_dataset_transfer_head,development_cross_dataset,0.5,"Usable only as a down-weighted development pseudo-label, never as a measurement.",development confidence: cross-dataset masked folds beat baseline; still not a measurement
radar4kit_repaired_relaxation::413,RADAR4KIT corrected EIS plus PULSE,radar4kit_repaired,P069_3_S10_C01,cell_plsv2,10.0,17.869999999999997,cleaned_training_set_v2.csv,93.66651315187768,33.552121641676344,pseudo_rpt_from_time_series_plus_eis,pseudo_label_not_measurement,supports_cross_dataset_transfer_head,development_cross_dataset,0.5,"Usable only as a down-weighted development pseudo-label, never as a measurement.",development confidence: cross-dataset masked folds beat baseline; still not a measurement
radar4kit_repaired_relaxation::414,RADAR4KIT corrected EIS plus PULSE,radar4kit_repaired,P070_1_S06_C02,cell_plsv2,30.0,17.855,cleaned_training_set_v2.csv,92.47137268180774,33.552121641676344,pseudo_rpt_from_time_series_plus_eis,pseudo_label_not_measurement,supports_cross_dataset_transfer_head,development_cross_dataset,0.5,"Usable only as a down-weighted development pseudo-label, never as a measurement.",development confidence: cross-dataset masked folds beat baseline; still not a measurement
radar4kit_repaired_relaxation::415,RADAR4KIT corrected EIS plus PULSE,radar4kit_repaired,P070_1_S06_C02,cell_plsv2,10.0,18.415,cleaned_training_set_v2.csv,90.74403210070284,33.552121641676344,pseudo_rpt_from_time_series_plus_eis,pseudo_label_not_measurement,supports_cross_dataset_transfer_head,development_cross_dataset,0.5,"Usable only as a down-weighted development pseudo-label, never as a measurement.",development confidence: cross-dataset masked folds beat baseline; still not a measurement
radar4kit_repaired_relaxation::417,RADAR4KIT corrected EIS plus PULSE,radar4kit_repaired,P070_2_S07_C02,cell_plsv2,10.0,18.075,cleaned_training_set_v2.csv,87.4956901575648,33.552121641676344,pseudo_rpt_from_time_series_plus_eis,pseudo_label_not_measurement,supports_cross_dataset_transfer_head,development_cross_dataset,0.5,"Usable only as a down-weighted development pseudo-label, never as a measurement.",development confidence: cross-dataset masked folds beat baseline; still not a measurement
radar4kit_repaired_relaxation::419,RADAR4KIT corrected EIS plus PULSE,radar4kit_repaired,P070_3_S09_C01,cell_plsv2,10.0,17.785,cleaned_training_set_v2.csv,86.57868097978378,33.552121641676344,pseudo_rpt_from_time_series_plus_eis,pseudo_label_not_measurement,supports_cross_dataset_transfer_head,development_cross_dataset,0.5,"Usable only as a down-weighted development pseudo-label, never as a measurement.",development confidence: cross-dataset masked folds beat baseline; still not a measurement
radar4kit_repaired_relaxation::420,RADAR4KIT corrected EIS plus PULSE,radar4kit_repaired,P071_1_S11_C03,cell_plsv2,30.0,25.05,cleaned_training_set_v2.csv,94.17727231152102,33.552121641676344,pseudo_rpt_from_time_series_plus_eis,pseudo_label_not_measurement,supports_cross_dataset_transfer_head,development_cross_dataset,0.5,"Usable only as a down-weighted development pseudo-label, never as a measurement.",development confidence: cross-dataset masked folds beat baseline; still not a measurement
radar4kit_repaired_relaxation::421,RADAR4KIT corrected EIS plus PULSE,radar4kit_repaired,P071_1_S11_C03,cell_plsv2,10.0,25.16,cleaned_training_set_v2.csv,92.95733387333989,33.552121641676344,pseudo_rpt_from_time_series_plus_eis,pseudo_label_not_measurement,supports_cross_dataset_transfer_head,development_cross_dataset,0.5,"Usable only as a down-weighted development pseudo-label, never as a measurement.",development confidence: cross-dataset masked folds beat baseline; still not a measurement
radar4kit_repaired_relaxation::422,RADAR4KIT corrected EIS plus PULSE,radar4kit_repaired,P071_2_S12_C03,cell_plsv2,30.0,25.53,cleaned_training_set_v2.csv,95.02385570466572,33.552121641676344,pseudo_rpt_from_time_series_plus_eis,pseudo_label_not_measurement,supports_cross_dataset_transfer_head,development_cross_dataset,0.5,"Usable only as a down-weighted development pseudo-label, never as a measurement.",development confidence: cross-dataset masked folds beat baseline; still not a measurement
radar4kit_repaired_relaxation::423,RADAR4KIT corrected EIS plus PULSE,radar4kit_repaired,P071_2_S12_C03,cell_plsv2,10.0,25.5,cleaned_training_set_v2.csv,93.67890220327178,33.552121641676344,pseudo_rpt_from_time_series_plus_eis,pseudo_label_not_measurement,supports_cross_dataset_transfer_head,development_cross_dataset,0.5,"Usable only as a down-weighted development pseudo-label, never as a measurement.",development confidence: cross-dataset masked folds beat baseline; still not a measurement
radar4kit_repaired_relaxation::424,RADAR4KIT corrected EIS plus PULSE,radar4kit_repaired,P071_3_S13_C03,cell_plsv2,30.0,25.56,cleaned_training_set_v2.csv,95.13488011798046,33.552121641676344,pseudo_rpt_from_time_series_plus_eis,pseudo_label_not_measurement,supports_cross_dataset_transfer_head,development_cross_dataset,0.5,"Usable only as a down-weighted development pseudo-label, never as a measurement.",development confidence: cross-dataset masked folds beat baseline; still not a measurement
radar4kit_repaired_relaxation::425,RADAR4KIT corrected EIS plus PULSE,radar4kit_repaired,P071_3_S13_C03,cell_plsv2,10.0,25.49,cleaned_training_set_v2.csv,93.62926642520121,33.552121641676344,pseudo_rpt_from_time_series_plus_eis,pseudo_label_not_measurement,supports_cross_dataset_transfer_head,development_cross_dataset,0.5,"Usable only as a down-weighted development pseudo-label, never as a measurement.",development confidence: cross-dataset masked folds beat baseline; still not a measurement
radar4kit_repaired_relaxation::426,RADAR4KIT corrected EIS plus PULSE,radar4kit_repaired,P072_1_S10_C07,cell_plsv2,30.0,24.87,cleaned_training_set_v2.csv,93.75364546160671,33.552121641676344,pseudo_rpt_from_time_series_plus_eis,pseudo_label_not_measurement,supports_cross_dataset_transfer_head,development_cross_dataset,0.5,"Usable only as a down-weighted development pseudo-label, never as a measurement.",development confidence: cross-dataset masked folds beat baseline; still not a measurement
radar4kit_repaired_relaxation::427,RADAR4KIT corrected EIS plus PULSE,radar4kit_repaired,P072_1_S10_C07,cell_plsv2,10.0,24.95,cleaned_training_set_v2.csv,94.4513453823954,33.552121641676344,pseudo_rpt_from_time_series_plus_eis,pseudo_label_not_measurement,supports_cross_dataset_transfer_head,development_cross_dataset,0.5,"Usable only as a down-weighted development pseudo-label, never as a measurement.",development confidence: cross-dataset masked folds beat baseline; still not a measurement
radar4kit_repaired_relaxation::428,RADAR4KIT corrected EIS plus PULSE,radar4kit_repaired,P072_2_S13_C02,cell_plsv2,30.0,25.34,cleaned_training_set_v2.csv,93.1924234246004,33.552121641676344,pseudo_rpt_from_time_series_plus_eis,pseudo_label_not_measurement,supports_cross_dataset_transfer_head,development_cross_dataset,0.5,"Usable only as a down-weighted development pseudo-label, never as a measurement.",development confidence: cross-dataset masked folds beat baseline; still not a measurement
radar4kit_repaired_relaxation::429,RADAR4KIT corrected EIS plus PULSE,radar4kit_repaired,P072_2_S13_C02,cell_plsv2,10.0,25.385,cleaned_training_set_v2.csv,93.06352111215675,33.552121641676344,pseudo_rpt_from_time_series_plus_eis,pseudo_label_not_measurement,supports_cross_dataset_transfer_head,development_cross_dataset,0.5,"Usable only as a down-weighted development pseudo-label, never as a measurement.",development confidence: cross-dataset masked folds beat baseline; still not a measurement
radar4kit_repaired_relaxation::430,RADAR4KIT corrected EIS plus PULSE,radar4kit_repaired,P072_3_S14_C02,cell_plsv2,30.0,25.71,cleaned_training_set_v2.csv,94.09554193830894,33.552121641676344,pseudo_rpt_from_time_series_plus_eis,pseudo_label_not_measurement,supports_cross_dataset_transfer_head,development_cross_dataset,0.5,"Usable only as a down-weighted development pseudo-label, never as a measurement.",development confidence: cross-dataset masked folds beat baseline; still not a measurement
radar4kit_repaired_relaxation::431,RADAR4KIT corrected EIS plus PULSE,radar4kit_repaired,P072_3_S14_C02,cell_plsv2,10.0,25.62,cleaned_training_set_v2.csv,93.97731528439357,33.552121641676344,pseudo_rpt_from_time_series_plus_eis,pseudo_label_not_measurement,supports_cross_dataset_transfer_head,development_cross_dataset,0.5,"Usable only as a down-weighted development pseudo-label, never as a measurement.",development confidence: cross-dataset masked folds beat baseline; still not a measurement
radar4kit_repaired_relaxation::432,RADAR4KIT corrected EIS plus PULSE,radar4kit_repaired,P073_1_S11_C02,cell_plsv2,30.0,25.35,cleaned_training_set_v2.csv,95.03712934965905,33.552121641676344,pseudo_rpt_from_time_series_plus_eis,pseudo_label_not_measurement,supports_cross_dataset_transfer_head,development_cross_dataset,0.5,"Usable only as a down-weighted development pseudo-label, never as a measurement.",development confidence: cross-dataset masked folds beat baseline; still not a measurement
radar4kit_repaired_relaxation::433,RADAR4KIT corrected EIS plus PULSE,radar4kit_repaired,P073_1_S11_C02,cell_plsv2,10.0,25.42,cleaned_training_set_v2.csv,91.8451129609201,33.552121641676344,pseudo_rpt_from_time_series_plus_eis,pseudo_label_not_measurement,supports_cross_dataset_transfer_head,development_cross_dataset,0.5,"Usable only as a down-weighted development pseudo-label, never as a measurement.",development confidence: cross-dataset masked folds beat baseline; still not a measurement
radar4kit_repaired_relaxation::434,RADAR4KIT corrected EIS plus PULSE,radar4kit_repaired,P073_2_S12_C02,cell_plsv2,30.0,25.53,cleaned_training_set_v2.csv,90.3731490469606,33.552121641676344,pseudo_rpt_from_time_series_plus_eis,pseudo_label_not_measurement,supports_cross_dataset_transfer_head,development_cross_dataset,0.5,"Usable only as a down-weighted development pseudo-label, never as a measurement.",development confidence: cross-dataset masked folds beat baseline; still not a measurement
radar4kit_repaired_relaxation::435,RADAR4KIT corrected EIS plus PULSE,radar4kit_repaired,P073_2_S12_C02,cell_plsv2,10.0,25.615,cleaned_training_set_v2.csv,93.97713276626756,33.552121641676344,pseudo_rpt_from_time_series_plus_eis,pseudo_label_not_measurement,supports_cross_dataset_transfer_head,development_cross_dataset,0.5,"Usable only as a down-weighted development pseudo-label, never as a measurement.",development confidence: cross-dataset masked folds beat baseline; still not a measurement
radar4kit_repaired_relaxation::436,RADAR4KIT corrected EIS plus PULSE,radar4kit_repaired,P073_3_S14_C01,cell_plsv2,30.0,25.43,cleaned_training_set_v2.csv,94.43755042710013,33.552121641676344,pseudo_rpt_from_time_series_plus_eis,pseudo_label_not_measurement,supports_cross_dataset_transfer_head,development_cross_dataset,0.5,"Usable only as a down-weighted development pseudo-label, never as a measurement.",development confidence: cross-dataset masked folds beat baseline; still not a measurement
radar4kit_repaired_relaxation::437,RADAR4KIT corrected EIS plus PULSE,radar4kit_repaired,P073_3_S14_C01,cell_plsv2,10.0,25.375,cleaned_training_set_v2.csv,87.1884136527438,33.552121641676344,pseudo_rpt_from_time_series_plus_eis,pseudo_label_not_measurement,supports_cross_dataset_transfer_head,development_cross_dataset,0.5,"Usable only as a down-weighted development pseudo-label, never as a measurement.",development confidence: cross-dataset masked folds beat baseline; still not a measurement
radar4kit_repaired_relaxation::441,RADAR4KIT corrected EIS plus PULSE,radar4kit_repaired,P074_2_S18_C03,cell_plsv2,10.0,32.5,cleaned_training_set_v2.csv,92.34222505836398,33.552121641676344,pseudo_rpt_from_time_series_plus_eis,pseudo_label_not_measurement,supports_cross_dataset_transfer_head,development_cross_dataset,0.5,"Usable only as a down-weighted development pseudo-label, never as a measurement.",development confidence: cross-dataset masked folds beat baseline; still not a measurement
radar4kit_repaired_relaxation::442,RADAR4KIT corrected EIS plus PULSE,radar4kit_repaired,P074_3_S19_C03,cell_plsv2,30.0,32.655,cleaned_training_set_v2.csv,97.35316535495006,33.552121641676344,pseudo_rpt_from_time_series_plus_eis,pseudo_label_not_measurement,supports_cross_dataset_transfer_head,development_cross_dataset,0.5,"Usable only as a down-weighted development pseudo-label, never as a measurement.",development confidence: cross-dataset masked folds beat baseline; still not a measurement
radar4kit_repaired_relaxation::443,RADAR4KIT corrected EIS plus PULSE,radar4kit_repaired,P074_3_S19_C03,cell_plsv2,10.0,25.2,cleaned_training_set_v2.csv,92.4161257187579,33.552121641676344,pseudo_rpt_from_time_series_plus_eis,pseudo_label_not_measurement,supports_cross_dataset_transfer_head,development_cross_dataset,0.5,"Usable only as a down-weighted development pseudo-label, never as a measurement.",development confidence: cross-dataset masked folds beat baseline; still not a measurement
radar4kit_repaired_relaxation::444,RADAR4KIT corrected EIS plus PULSE,radar4kit_repaired,P075_1_S16_C03,cell_plsv2,30.0,25.42,cleaned_training_set_v2.csv,97.64053792399086,33.552121641676344,pseudo_rpt_from_time_series_plus_eis,pseudo_label_not_measurement,supports_cross_dataset_transfer_head,development_cross_dataset,0.5,"Usable only as a down-weighted development pseudo-label, never as a measurement.",development confidence: cross-dataset masked folds beat baseline; still not a measurement
radar4kit_repaired_relaxation::445,RADAR4KIT corrected EIS plus PULSE,radar4kit_repaired,P075_1_S16_C03,cell_plsv2,10.0,25.16,cleaned_training_set_v2.csv,94.7488817456135,33.552121641676344,pseudo_rpt_from_time_series_plus_eis,pseudo_label_not_measurement,supports_cross_dataset_transfer_head,development_cross_dataset,0.5,"Usable only as a down-weighted development pseudo-label, never as a measurement.",development confidence: cross-dataset masked folds beat baseline; still not a measurement
radar4kit_repaired_relaxation::446,RADAR4KIT corrected EIS plus PULSE,radar4kit_repaired,P075_2_S18_C02,cell_plsv2,30.0,32.52,cleaned_training_set_v2.csv,93.8760009826557,33.552121641676344,pseudo_rpt_from_time_series_plus_eis,pseudo_label_not_measurement,supports_cross_dataset_transfer_head,development_cross_dataset,0.5,"Usable only as a down-weighted development pseudo-label, never as a measurement.",development confidence: cross-dataset masked folds beat baseline; still not a measurement
radar4kit_repaired_relaxation::447,RADAR4KIT corrected EIS plus PULSE,radar4kit_repaired,P075_2_S18_C02,cell_plsv2,10.0,25.38,cleaned_training_set_v2.csv,93.29130179634419,33.552121641676344,pseudo_rpt_from_time_series_plus_eis,pseudo_label_not_measurement,supports_cross_dataset_transfer_head,development_cross_dataset,0.5,"Usable only as a down-weighted development pseudo-label, never as a measurement.",development confidence: cross-dataset masked folds beat baseline; still not a measurement
radar4kit_repaired_relaxation::448,RADAR4KIT corrected EIS plus PULSE,radar4kit_repaired,P075_3_S19_C02,cell_plsv2,30.0,25.32,cleaned_training_set_v2.csv,93.70095641379503,33.552121641676344,pseudo_rpt_from_time_series_plus_eis,pseudo_label_not_measurement,supports_cross_dataset_transfer_head,development_cross_dataset,0.5,"Usable only as a down-weighted development pseudo-label, never as a measurement.",development confidence: cross-dataset masked folds beat baseline; still not a measurement
radar4kit_repaired_relaxation::449,RADAR4KIT corrected EIS plus PULSE,radar4kit_repaired,P075_3_S19_C02,cell_plsv2,10.0,25.195,cleaned_training_set_v2.csv,94.51997616577464,33.552121641676344,pseudo_rpt_from_time_series_plus_eis,pseudo_label_not_measurement,supports_cross_dataset_transfer_head,development_cross_dataset,0.5,"Usable only as a down-weighted development pseudo-label, never as a measurement.",development confidence: cross-dataset masked folds beat baseline; still not a measurement
radar4kit_repaired_relaxation::450,RADAR4KIT corrected EIS plus PULSE,radar4kit_repaired,P076_1_S15_C04,cell_plsv2,30.0,25.41,cleaned_training_set_v2.csv,93.32541998009991,33.552121641676344,pseudo_rpt_from_time_series_plus_eis,pseudo_label_not_measurement,supports_cross_dataset_transfer_head,development_cross_dataset,0.5,"Usable only as a down-weighted development pseudo-label, never as a measurement.",development confidence: cross-dataset masked folds beat baseline; still not a measurement
radar4kit_repaired_relaxation::451,RADAR4KIT corrected EIS plus PULSE,radar4kit_repaired,P076_1_S15_C04,cell_plsv2,10.0,25.41,cleaned_training_set_v2.csv,93.08353346724883,33.552121641676344,pseudo_rpt_from_time_series_plus_eis,pseudo_label_not_measurement,supports_cross_dataset_transfer_head,development_cross_dataset,0.5,"Usable only as a down-weighted development pseudo-label, never as a measurement.",development confidence: cross-dataset masked folds beat baseline; still not a measurement
radar4kit_repaired_relaxation::452,RADAR4KIT corrected EIS plus PULSE,radar4kit_repaired,P076_2_S16_C02,cell_plsv2,30.0,25.34,cleaned_training_set_v2.csv,94.17309300716141,33.552121641676344,pseudo_rpt_from_time_series_plus_eis,pseudo_label_not_measurement,supports_cross_dataset_transfer_head,development_cross_dataset,0.5,"Usable only as a down-weighted development pseudo-label, never as a measurement.",development confidence: cross-dataset masked folds beat baseline; still not a measurement
radar4kit_repaired_relaxation::453,RADAR4KIT corrected EIS plus PULSE,radar4kit_repaired,P076_2_S16_C02,cell_plsv2,10.0,25.22,cleaned_training_set_v2.csv,93.19158902280438,33.552121641676344,pseudo_rpt_from_time_series_plus_eis,pseudo_label_not_measurement,supports_cross_dataset_transfer_head,development_cross_dataset,0.5,"Usable only as a down-weighted development pseudo-label, never as a measurement.",development confidence: cross-dataset masked folds beat baseline; still not a measurement
radar4kit_repaired_relaxation::454,RADAR4KIT corrected EIS plus PULSE,radar4kit_repaired,P076_3_S17_C02,cell_plsv2,30.0,32.735,cleaned_training_set_v2.csv,94.288362496005,33.552121641676344,pseudo_rpt_from_time_series_plus_eis,pseudo_label_not_measurement,supports_cross_dataset_transfer_head,development_cross_dataset,0.5,"Usable only as a down-weighted development pseudo-label, never as a measurement.",development confidence: cross-dataset masked folds beat baseline; still not a measurement
radar4kit_repaired_relaxation::455,RADAR4KIT corrected EIS plus PULSE,radar4kit_repaired,P076_3_S17_C02,cell_plsv2,10.0,25.3,cleaned_training_set_v2.csv,93.07133454741717,33.552121641676344,pseudo_rpt_from_time_series_plus_eis,pseudo_label_not_measurement,supports_cross_dataset_transfer_head,development_cross_dataset,0.5,"Usable only as a down-weighted development pseudo-label, never as a measurement.",development confidence: cross-dataset masked folds beat baseline; still not a measurement
molicell_p42a::A11::5degC::SOC20::1,Molicell P42A local high-power characterization,molicell_p42a_local_high_power_characterization,A11,phase_2_hcgt_to_eis,20.0,5.0,molicell_p42a_holdout_matrix.csv,91.54700783848102,33.552121641676344,pseudo_rpt_from_time_series_plus_eis,pseudo_label_not_measurement,supports_cross_dataset_transfer_head,development_cross_dataset,0.5,"Usable only as a down-weighted development pseudo-label, never as a measurement.",development confidence: cross-dataset masked folds beat baseline; still not a measurement
molicell_p42a::A11::5degC::SOC50::2,Molicell P42A local high-power characterization,molicell_p42a_local_high_power_characterization,A11,phase_2_hcgt_to_eis,50.0,5.0,molicell_p42a_holdout_matrix.csv,92.47965508140719,33.552121641676344,pseudo_rpt_from_time_series_plus_eis,pseudo_label_not_measurement,supports_cross_dataset_transfer_head,development_cross_dataset,0.5,"Usable only as a down-weighted development pseudo-label, never as a measurement.",development confidence: cross-dataset masked folds beat baseline; still not a measurement
molicell_p42a::A11::5degC::SOC80::3,Molicell P42A local high-power characterization,molicell_p42a_local_high_power_characterization,A11,phase_2_hcgt_to_eis,80.0,5.0,molicell_p42a_holdout_matrix.csv,92.77196147871358,33.552121641676344,pseudo_rpt_from_time_series_plus_eis,pseudo_label_not_measurement,supports_cross_dataset_transfer_head,development_cross_dataset,0.5,"Usable only as a down-weighted development pseudo-label, never as a measurement.",development confidence: cross-dataset masked folds beat baseline; still not a measurement
molicell_p42a::A12::5degC::SOC20::4,Molicell P42A local high-power characterization,molicell_p42a_local_high_power_characterization,A12,phase_2_hcgt_to_eis,20.0,5.0,molicell_p42a_holdout_matrix.csv,90.6641608105973,33.552121641676344,pseudo_rpt_from_time_series_plus_eis,pseudo_label_not_measurement,supports_cross_dataset_transfer_head,development_cross_dataset,0.5,"Usable only as a down-weighted development pseudo-label, never as a measurement.",development confidence: cross-dataset masked folds beat baseline; still not a measurement
molicell_p42a::A12::5degC::SOC50::5,Molicell P42A local high-power characterization,molicell_p42a_local_high_power_characterization,A12,phase_2_hcgt_to_eis,50.0,5.0,molicell_p42a_holdout_matrix.csv,92.48881988633748,33.552121641676344,pseudo_rpt_from_time_series_plus_eis,pseudo_label_not_measurement,supports_cross_dataset_transfer_head,development_cross_dataset,0.5,"Usable only as a down-weighted development pseudo-label, never as a measurement.",development confidence: cross-dataset masked folds beat baseline; still not a measurement
molicell_p42a::A12::5degC::SOC80::6,Molicell P42A local high-power characterization,molicell_p42a_local_high_power_characterization,A12,phase_2_hcgt_to_eis,80.0,5.0,molicell_p42a_holdout_matrix.csv,92.48056488288681,33.552121641676344,pseudo_rpt_from_time_series_plus_eis,pseudo_label_not_measurement,supports_cross_dataset_transfer_head,development_cross_dataset,0.5,"Usable only as a down-weighted development pseudo-label, never as a measurement.",development confidence: cross-dataset masked folds beat baseline; still not a measurement
molicell_p42a::A13::5degC::SOC20::7,Molicell P42A local high-power characterization,molicell_p42a_local_high_power_characterization,A13,phase_2_hcgt_to_eis,20.0,5.0,molicell_p42a_holdout_matrix.csv,92.86565709201749,33.552121641676344,pseudo_rpt_from_time_series_plus_eis,pseudo_label_not_measurement,supports_cross_dataset_transfer_head,development_cross_dataset,0.5,"Usable only as a down-weighted development pseudo-label, never as a measurement.",development confidence: cross-dataset masked folds beat baseline; still not a measurement
molicell_p42a::A13::5degC::SOC50::8,Molicell P42A local high-power characterization,molicell_p42a_local_high_power_characterization,A13,phase_2_hcgt_to_eis,50.0,5.0,molicell_p42a_holdout_matrix.csv,93.86054152884958,33.552121641676344,pseudo_rpt_from_time_series_plus_eis,pseudo_label_not_measurement,supports_cross_dataset_transfer_head,development_cross_dataset,0.5,"Usable only as a down-weighted development pseudo-label, never as a measurement.",development confidence: cross-dataset masked folds beat baseline; still not a measurement
molicell_p42a::A13::5degC::SOC80::9,Molicell P42A local high-power characterization,molicell_p42a_local_high_power_characterization,A13,phase_2_hcgt_to_eis,80.0,5.0,molicell_p42a_holdout_matrix.csv,93.71928457002741,33.552121641676344,pseudo_rpt_from_time_series_plus_eis,pseudo_label_not_measurement,supports_cross_dataset_transfer_head,development_cross_dataset,0.5,"Usable only as a down-weighted development pseudo-label, never as a measurement.",development confidence: cross-dataset masked folds beat baseline; still not a measurement
molicell_p42a::A15::5degC::SOC20::10,Molicell P42A local high-power characterization,molicell_p42a_local_high_power_characterization,A15,phase_2_hcgt_to_eis,20.0,5.0,molicell_p42a_holdout_matrix.csv,90.61579495341923,33.552121641676344,pseudo_rpt_from_time_series_plus_eis,pseudo_label_not_measurement,supports_cross_dataset_transfer_head,development_cross_dataset,0.5,"Usable only as a down-weighted development pseudo-label, never as a measurement.",development confidence: cross-dataset masked folds beat baseline; still not a measurement
molicell_p42a::A15::5degC::SOC50::11,Molicell P42A local high-power characterization,molicell_p42a_local_high_power_characterization,A15,phase_2_hcgt_to_eis,50.0,5.0,molicell_p42a_holdout_matrix.csv,91.67555918402759,33.552121641676344,pseudo_rpt_from_time_series_plus_eis,pseudo_label_not_measurement,supports_cross_dataset_transfer_head,development_cross_dataset,0.5,"Usable only as a down-weighted development pseudo-label, never as a measurement.",development confidence: cross-dataset masked folds beat baseline; still not a measurement
molicell_p42a::A15::5degC::SOC80::12,Molicell P42A local high-power characterization,molicell_p42a_local_high_power_characterization,A15,phase_2_hcgt_to_eis,80.0,5.0,molicell_p42a_holdout_matrix.csv,91.61579428869749,33.552121641676344,pseudo_rpt_from_time_series_plus_eis,pseudo_label_not_measurement,supports_cross_dataset_transfer_head,development_cross_dataset,0.5,"Usable only as a down-weighted development pseudo-label, never as a measurement.",development confidence: cross-dataset masked folds beat baseline; still not a measurement
molicell_p42a::A19::5degC::SOC20::13,Molicell P42A local high-power characterization,molicell_p42a_local_high_power_characterization,A19,phase_2_hcgt_to_eis,20.0,5.0,molicell_p42a_holdout_matrix.csv,92.28697758155049,33.552121641676344,pseudo_rpt_from_time_series_plus_eis,pseudo_label_not_measurement,supports_cross_dataset_transfer_head,development_cross_dataset,0.5,"Usable only as a down-weighted development pseudo-label, never as a measurement.",development confidence: cross-dataset masked folds beat baseline; still not a measurement
molicell_p42a::A19::5degC::SOC50::14,Molicell P42A local high-power characterization,molicell_p42a_local_high_power_characterization,A19,phase_2_hcgt_to_eis,50.0,5.0,molicell_p42a_holdout_matrix.csv,93.98880598134556,33.552121641676344,pseudo_rpt_from_time_series_plus_eis,pseudo_label_not_measurement,supports_cross_dataset_transfer_head,development_cross_dataset,0.5,"Usable only as a down-weighted development pseudo-label, never as a measurement.",development confidence: cross-dataset masked folds beat baseline; still not a measurement
molicell_p42a::A19::5degC::SOC80::15,Molicell P42A local high-power characterization,molicell_p42a_local_high_power_characterization,A19,phase_2_hcgt_to_eis,80.0,5.0,molicell_p42a_holdout_matrix.csv,93.82532680030118,33.552121641676344,pseudo_rpt_from_time_series_plus_eis,pseudo_label_not_measurement,supports_cross_dataset_transfer_head,development_cross_dataset,0.5,"Usable only as a down-weighted development pseudo-label, never as a measurement.",development confidence: cross-dataset masked folds beat baseline; still not a measurement
molicell_p42a::A2::5degC::SOC20::16,Molicell P42A local high-power characterization,molicell_p42a_local_high_power_characterization,A2,phase_2_hcgt_to_eis,20.0,5.0,molicell_p42a_holdout_matrix.csv,89.43990497140446,33.552121641676344,pseudo_rpt_from_time_series_plus_eis,pseudo_label_not_measurement,supports_cross_dataset_transfer_head,development_cross_dataset,0.5,"Usable only as a down-weighted development pseudo-label, never as a measurement.",development confidence: cross-dataset masked folds beat baseline; still not a measurement
molicell_p42a::A2::5degC::SOC50::17,Molicell P42A local high-power characterization,molicell_p42a_local_high_power_characterization,A2,phase_2_hcgt_to_eis,50.0,5.0,molicell_p42a_holdout_matrix.csv,90.68659717919668,33.552121641676344,pseudo_rpt_from_time_series_plus_eis,pseudo_label_not_measurement,supports_cross_dataset_transfer_head,development_cross_dataset,0.5,"Usable only as a down-weighted development pseudo-label, never as a measurement.",development confidence: cross-dataset masked folds beat baseline; still not a measurement
molicell_p42a::A2::5degC::SOC80::18,Molicell P42A local high-power characterization,molicell_p42a_local_high_power_characterization,A2,phase_2_hcgt_to_eis,80.0,5.0,molicell_p42a_holdout_matrix.csv,90.62732607268643,33.552121641676344,pseudo_rpt_from_time_series_plus_eis,pseudo_label_not_measurement,supports_cross_dataset_transfer_head,development_cross_dataset,0.5,"Usable only as a down-weighted development pseudo-label, never as a measurement.",development confidence: cross-dataset masked folds beat baseline; still not a measurement
molicell_p42a::A21::5degC::SOC20::19,Molicell P42A local high-power characterization,molicell_p42a_local_high_power_characterization,A21,phase_2_hcgt_to_eis,20.0,5.0,molicell_p42a_holdout_matrix.csv,89.85956491431176,33.552121641676344,pseudo_rpt_from_time_series_plus_eis,pseudo_label_not_measurement,supports_cross_dataset_transfer_head,development_cross_dataset,0.5,"Usable only as a down-weighted development pseudo-label, never as a measurement.",development confidence: cross-dataset masked folds beat baseline; still not a measurement
molicell_p42a::A21::5degC::SOC50::20,Molicell P42A local high-power characterization,molicell_p42a_local_high_power_characterization,A21,phase_2_hcgt_to_eis,50.0,5.0,molicell_p42a_holdout_matrix.csv,91.6139251778164,33.552121641676344,pseudo_rpt_from_time_series_plus_eis,pseudo_label_not_measurement,supports_cross_dataset_transfer_head,development_cross_dataset,0.5,"Usable only as a down-weighted development pseudo-label, never as a measurement.",development confidence: cross-dataset masked folds beat baseline; still not a measurement
molicell_p42a::A21::5degC::SOC80::21,Molicell P42A local high-power characterization,molicell_p42a_local_high_power_characterization,A21,phase_2_hcgt_to_eis,80.0,5.0,molicell_p42a_holdout_matrix.csv,91.28561015387092,33.552121641676344,pseudo_rpt_from_time_series_plus_eis,pseudo_label_not_measurement,supports_cross_dataset_transfer_head,development_cross_dataset,0.5,"Usable only as a down-weighted development pseudo-label, never as a measurement.",development confidence: cross-dataset masked folds beat baseline; still not a measurement
molicell_p42a::A37::5degC::SOC20::22,Molicell P42A local high-power characterization,molicell_p42a_local_high_power_characterization,A37,phase_2_hcgt_to_eis,20.0,5.0,molicell_p42a_holdout_matrix.csv,92.9344696821214,33.552121641676344,pseudo_rpt_from_time_series_plus_eis,pseudo_label_not_measurement,supports_cross_dataset_transfer_head,development_cross_dataset,0.5,"Usable only as a down-weighted development pseudo-label, never as a measurement.",development confidence: cross-dataset masked folds beat baseline; still not a measurement
molicell_p42a::A37::5degC::SOC50::23,Molicell P42A local high-power characterization,molicell_p42a_local_high_power_characterization,A37,phase_2_hcgt_to_eis,50.0,5.0,molicell_p42a_holdout_matrix.csv,92.78120337777358,33.552121641676344,pseudo_rpt_from_time_series_plus_eis,pseudo_label_not_measurement,supports_cross_dataset_transfer_head,development_cross_dataset,0.5,"Usable only as a down-weighted development pseudo-label, never as a measurement.",development confidence: cross-dataset masked folds beat baseline; still not a measurement
molicell_p42a::A37::5degC::SOC80::24,Molicell P42A local high-power characterization,molicell_p42a_local_high_power_characterization,A37,phase_2_hcgt_to_eis,80.0,5.0,molicell_p42a_holdout_matrix.csv,92.78120337777358,33.552121641676344,pseudo_rpt_from_time_series_plus_eis,pseudo_label_not_measurement,supports_cross_dataset_transfer_head,development_cross_dataset,0.5,"Usable only as a down-weighted development pseudo-label, never as a measurement.",development confidence: cross-dataset masked folds beat baseline; still not a measurement
molicell_p42a::A4::5degC::SOC20::25,Molicell P42A local high-power characterization,molicell_p42a_local_high_power_characterization,A4,phase_2_hcgt_to_eis,20.0,5.0,molicell_p42a_holdout_matrix.csv,60.30175325073917,33.552121641676344,pseudo_rpt_from_time_series_plus_eis,pseudo_label_not_measurement,supports_cross_dataset_transfer_head,development_cross_dataset,0.5,"Usable only as a down-weighted development pseudo-label, never as a measurement.",development confidence: cross-dataset masked folds beat baseline; still not a measurement
molicell_p42a::A4::5degC::SOC50::26,Molicell P42A local high-power characterization,molicell_p42a_local_high_power_characterization,A4,phase_2_hcgt_to_eis,50.0,5.0,molicell_p42a_holdout_matrix.csv,60.2096151568797,33.552121641676344,pseudo_rpt_from_time_series_plus_eis,pseudo_label_not_measurement,supports_cross_dataset_transfer_head,development_cross_dataset,0.5,"Usable only as a down-weighted development pseudo-label, never as a measurement.",development confidence: cross-dataset masked folds beat baseline; still not a measurement
molicell_p42a::A4::5degC::SOC80::27,Molicell P42A local high-power characterization,molicell_p42a_local_high_power_characterization,A4,phase_2_hcgt_to_eis,80.0,5.0,molicell_p42a_holdout_matrix.csv,93.95404820011714,33.552121641676344,pseudo_rpt_from_time_series_plus_eis,pseudo_label_not_measurement,supports_cross_dataset_transfer_head,development_cross_dataset,0.5,"Usable only as a down-weighted development pseudo-label, never as a measurement.",development confidence: cross-dataset masked folds beat baseline; still not a measurement
molicell_p42a::A6::5degC::SOC20::28,Molicell P42A local high-power characterization,molicell_p42a_local_high_power_characterization,A6,phase_2_hcgt_to_eis,20.0,5.0,molicell_p42a_holdout_matrix.csv,91.68532041957144,33.552121641676344,pseudo_rpt_from_time_series_plus_eis,pseudo_label_not_measurement,supports_cross_dataset_transfer_head,development_cross_dataset,0.5,"Usable only as a down-weighted development pseudo-label, never as a measurement.",development confidence: cross-dataset masked folds beat baseline; still not a measurement
molicell_p42a::A6::5degC::SOC50::29,Molicell P42A local high-power characterization,molicell_p42a_local_high_power_characterization,A6,phase_2_hcgt_to_eis,50.0,5.0,molicell_p42a_holdout_matrix.csv,91.08208128913665,33.552121641676344,pseudo_rpt_from_time_series_plus_eis,pseudo_label_not_measurement,supports_cross_dataset_transfer_head,development_cross_dataset,0.5,"Usable only as a down-weighted development pseudo-label, never as a measurement.",development confidence: cross-dataset masked folds beat baseline; still not a measurement
molicell_p42a::A6::5degC::SOC80::30,Molicell P42A local high-power characterization,molicell_p42a_local_high_power_characterization,A6,phase_2_hcgt_to_eis,80.0,5.0,molicell_p42a_holdout_matrix.csv,91.78425242074256,33.552121641676344,pseudo_rpt_from_time_series_plus_eis,pseudo_label_not_measurement,supports_cross_dataset_transfer_head,development_cross_dataset,0.5,"Usable only as a down-weighted development pseudo-label, never as a measurement.",development confidence: cross-dataset masked folds beat baseline; still not a measurement
molicell_p42a::A8::5degC::SOC20::31,Molicell P42A local high-power characterization,molicell_p42a_local_high_power_characterization,A8,phase_2_hcgt_to_eis,20.0,5.0,molicell_p42a_holdout_matrix.csv,91.82844804784908,33.552121641676344,pseudo_rpt_from_time_series_plus_eis,pseudo_label_not_measurement,supports_cross_dataset_transfer_head,development_cross_dataset,0.5,"Usable only as a down-weighted development pseudo-label, never as a measurement.",development confidence: cross-dataset masked folds beat baseline; still not a measurement
molicell_p42a::A8::5degC::SOC50::32,Molicell P42A local high-power characterization,molicell_p42a_local_high_power_characterization,A8,phase_2_hcgt_to_eis,50.0,5.0,molicell_p42a_holdout_matrix.csv,92.64487990775247,33.552121641676344,pseudo_rpt_from_time_series_plus_eis,pseudo_label_not_measurement,supports_cross_dataset_transfer_head,development_cross_dataset,0.5,"Usable only as a down-weighted development pseudo-label, never as a measurement.",development confidence: cross-dataset masked folds beat baseline; still not a measurement
molicell_p42a::A8::5degC::SOC80::33,Molicell P42A local high-power characterization,molicell_p42a_local_high_power_characterization,A8,phase_2_hcgt_to_eis,80.0,5.0,molicell_p42a_holdout_matrix.csv,92.77875158175964,33.552121641676344,pseudo_rpt_from_time_series_plus_eis,pseudo_label_not_measurement,supports_cross_dataset_transfer_head,development_cross_dataset,0.5,"Usable only as a down-weighted development pseudo-label, never as a measurement.",development confidence: cross-dataset masked folds beat baseline; still not a measurement
molicell_p42a::A11::25degC::SOC20::37,Molicell P42A local high-power characterization,molicell_p42a_local_high_power_characterization,A11,phase_2_hcgt_to_eis,20.0,25.0,molicell_p42a_holdout_matrix.csv,92.02105035656578,33.552121641676344,pseudo_rpt_from_time_series_plus_eis,pseudo_label_not_measurement,supports_cross_dataset_transfer_head,development_cross_dataset,0.5,"Usable only as a down-weighted development pseudo-label, never as a measurement.",development confidence: cross-dataset masked folds beat baseline; still not a measurement
molicell_p42a::A11::25degC::SOC50::38,Molicell P42A local high-power characterization,molicell_p42a_local_high_power_characterization,A11,phase_2_hcgt_to_eis,50.0,25.0,molicell_p42a_holdout_matrix.csv,95.5700962418896,33.552121641676344,pseudo_rpt_from_time_series_plus_eis,pseudo_label_not_measurement,supports_cross_dataset_transfer_head,development_cross_dataset,0.5,"Usable only as a down-weighted development pseudo-label, never as a measurement.",development confidence: cross-dataset masked folds beat baseline; still not a measurement
molicell_p42a::A11::25degC::SOC80::39,Molicell P42A local high-power characterization,molicell_p42a_local_high_power_characterization,A11,phase_2_hcgt_to_eis,80.0,25.0,molicell_p42a_holdout_matrix.csv,91.95548813434354,33.552121641676344,pseudo_rpt_from_time_series_plus_eis,pseudo_label_not_measurement,supports_cross_dataset_transfer_head,development_cross_dataset,0.5,"Usable only as a down-weighted development pseudo-label, never as a measurement.",development confidence: cross-dataset masked folds beat baseline; still not a measurement
molicell_p42a::A12::25degC::SOC20::40,Molicell P42A local high-power characterization,molicell_p42a_local_high_power_characterization,A12,phase_2_hcgt_to_eis,20.0,25.0,molicell_p42a_holdout_matrix.csv,93.18445099838776,33.552121641676344,pseudo_rpt_from_time_series_plus_eis,pseudo_label_not_measurement,supports_cross_dataset_transfer_head,development_cross_dataset,0.5,"Usable only as a down-weighted development pseudo-label, never as a measurement.",development confidence: cross-dataset masked folds beat baseline; still not a measurement
molicell_p42a::A12::25degC::SOC50::41,Molicell P42A local high-power characterization,molicell_p42a_local_high_power_characterization,A12,phase_2_hcgt_to_eis,50.0,25.0,molicell_p42a_holdout_matrix.csv,95.7649240775801,33.552121641676344,pseudo_rpt_from_time_series_plus_eis,pseudo_label_not_measurement,supports_cross_dataset_transfer_head,development_cross_dataset,0.5,"Usable only as a down-weighted development pseudo-label, never as a measurement.",development confidence: cross-dataset masked folds beat baseline; still not a measurement
molicell_p42a::A12::25degC::SOC80::42,Molicell P42A local high-power characterization,molicell_p42a_local_high_power_characterization,A12,phase_2_hcgt_to_eis,80.0,25.0,molicell_p42a_holdout_matrix.csv,94.02931210949889,33.552121641676344,pseudo_rpt_from_time_series_plus_eis,pseudo_label_not_measurement,supports_cross_dataset_transfer_head,development_cross_dataset,0.5,"Usable only as a down-weighted development pseudo-label, never as a measurement.",development confidence: cross-dataset masked folds beat baseline; still not a measurement
molicell_p42a::A13::25degC::SOC50::43,Molicell P42A local high-power characterization,molicell_p42a_local_high_power_characterization,A13,phase_2_hcgt_to_eis,50.0,25.0,molicell_p42a_holdout_matrix.csv,94.97281010553712,33.552121641676344,pseudo_rpt_from_time_series_plus_eis,pseudo_label_not_measurement,supports_cross_dataset_transfer_head,development_cross_dataset,0.5,"Usable only as a down-weighted development pseudo-label, never as a measurement.",development confidence: cross-dataset masked folds beat baseline; still not a measurement
molicell_p42a::A13::25degC::SOC80::44,Molicell P42A local high-power characterization,molicell_p42a_local_high_power_characterization,A13,phase_2_hcgt_to_eis,80.0,25.0,molicell_p42a_holdout_matrix.csv,93.62375343887047,33.552121641676344,pseudo_rpt_from_time_series_plus_eis,pseudo_label_not_measurement,supports_cross_dataset_transfer_head,development_cross_dataset,0.5,"Usable only as a down-weighted development pseudo-label, never as a measurement.",development confidence: cross-dataset masked folds beat baseline; still not a measurement
molicell_p42a::A15::25degC::SOC20::45,Molicell P42A local high-power characterization,molicell_p42a_local_high_power_characterization,A15,phase_2_hcgt_to_eis,20.0,25.0,molicell_p42a_holdout_matrix.csv,96.45638007664638,33.552121641676344,pseudo_rpt_from_time_series_plus_eis,pseudo_label_not_measurement,supports_cross_dataset_transfer_head,development_cross_dataset,0.5,"Usable only as a down-weighted development pseudo-label, never as a measurement.",development confidence: cross-dataset masked folds beat baseline; still not a measurement
molicell_p42a::A15::25degC::SOC50::46,Molicell P42A local high-power characterization,molicell_p42a_local_high_power_characterization,A15,phase_2_hcgt_to_eis,50.0,25.0,molicell_p42a_holdout_matrix.csv,97.36857832127758,33.552121641676344,pseudo_rpt_from_time_series_plus_eis,pseudo_label_not_measurement,supports_cross_dataset_transfer_head,development_cross_dataset,0.5,"Usable only as a down-weighted development pseudo-label, never as a measurement.",development confidence: cross-dataset masked folds beat baseline; still not a measurement
molicell_p42a::A15::25degC::SOC80::47,Molicell P42A local high-power characterization,molicell_p42a_local_high_power_characterization,A15,phase_2_hcgt_to_eis,80.0,25.0,molicell_p42a_holdout_matrix.csv,94.5315985251369,33.552121641676344,pseudo_rpt_from_time_series_plus_eis,pseudo_label_not_measurement,supports_cross_dataset_transfer_head,development_cross_dataset,0.5,"Usable only as a down-weighted development pseudo-label, never as a measurement.",development confidence: cross-dataset masked folds beat baseline; still not a measurement
molicell_p42a::A19::25degC::SOC20::48,Molicell P42A local high-power characterization,molicell_p42a_local_high_power_characterization,A19,phase_2_hcgt_to_eis,20.0,25.0,molicell_p42a_holdout_matrix.csv,92.52344422318419,33.552121641676344,pseudo_rpt_from_time_series_plus_eis,pseudo_label_not_measurement,supports_cross_dataset_transfer_head,development_cross_dataset,0.5,"Usable only as a down-weighted development pseudo-label, never as a measurement.",development confidence: cross-dataset masked folds beat baseline; still not a measurement
molicell_p42a::A19::25degC::SOC50::49,Molicell P42A local high-power characterization,molicell_p42a_local_high_power_characterization,A19,phase_2_hcgt_to_eis,50.0,25.0,molicell_p42a_holdout_matrix.csv,95.4597551728772,33.552121641676344,pseudo_rpt_from_time_series_plus_eis,pseudo_label_not_measurement,supports_cross_dataset_transfer_head,development_cross_dataset,0.5,"Usable only as a down-weighted development pseudo-label, never as a measurement.",development confidence: cross-dataset masked folds beat baseline; still not a measurement
molicell_p42a::A19::25degC::SOC80::50,Molicell P42A local high-power characterization,molicell_p42a_local_high_power_characterization,A19,phase_2_hcgt_to_eis,80.0,25.0,molicell_p42a_holdout_matrix.csv,93.50849566109268,33.552121641676344,pseudo_rpt_from_time_series_plus_eis,pseudo_label_not_measurement,supports_cross_dataset_transfer_head,development_cross_dataset,0.5,"Usable only as a down-weighted development pseudo-label, never as a measurement.",development confidence: cross-dataset masked folds beat baseline; still not a measurement
molicell_p42a::A2::25degC::SOC20::51,Molicell P42A local high-power characterization,molicell_p42a_local_high_power_characterization,A2,phase_2_hcgt_to_eis,20.0,25.0,molicell_p42a_holdout_matrix.csv,91.39798710047545,33.552121641676344,pseudo_rpt_from_time_series_plus_eis,pseudo_label_not_measurement,supports_cross_dataset_transfer_head,development_cross_dataset,0.5,"Usable only as a down-weighted development pseudo-label, never as a measurement.",development confidence: cross-dataset masked folds beat baseline; still not a measurement
molicell_p42a::A2::25degC::SOC50::52,Molicell P42A local high-power characterization,molicell_p42a_local_high_power_characterization,A2,phase_2_hcgt_to_eis,50.0,25.0,molicell_p42a_holdout_matrix.csv,91.86028257878799,33.552121641676344,pseudo_rpt_from_time_series_plus_eis,pseudo_label_not_measurement,supports_cross_dataset_transfer_head,development_cross_dataset,0.5,"Usable only as a down-weighted development pseudo-label, never as a measurement.",development confidence: cross-dataset masked folds beat baseline; still not a measurement
molicell_p42a::A2::25degC::SOC80::53,Molicell P42A local high-power characterization,molicell_p42a_local_high_power_characterization,A2,phase_2_hcgt_to_eis,80.0,25.0,molicell_p42a_holdout_matrix.csv,91.11966487825323,33.552121641676344,pseudo_rpt_from_time_series_plus_eis,pseudo_label_not_measurement,supports_cross_dataset_transfer_head,development_cross_dataset,0.5,"Usable only as a down-weighted development pseudo-label, never as a measurement.",development confidence: cross-dataset masked folds beat baseline; still not a measurement
molicell_p42a::A21::25degC::SOC20::54,Molicell P42A local high-power characterization,molicell_p42a_local_high_power_characterization,A21,phase_2_hcgt_to_eis,20.0,25.0,molicell_p42a_holdout_matrix.csv,92.67142705906764,33.552121641676344,pseudo_rpt_from_time_series_plus_eis,pseudo_label_not_measurement,supports_cross_dataset_transfer_head,development_cross_dataset,0.5,"Usable only as a down-weighted development pseudo-label, never as a measurement.",development confidence: cross-dataset masked folds beat baseline; still not a measurement
molicell_p42a::A21::25degC::SOC50::55,Molicell P42A local high-power characterization,molicell_p42a_local_high_power_characterization,A21,phase_2_hcgt_to_eis,50.0,25.0,molicell_p42a_holdout_matrix.csv,96.1749079119351,33.552121641676344,pseudo_rpt_from_time_series_plus_eis,pseudo_label_not_measurement,supports_cross_dataset_transfer_head,development_cross_dataset,0.5,"Usable only as a down-weighted development pseudo-label, never as a measurement.",development confidence: cross-dataset masked folds beat baseline; still not a measurement
molicell_p42a::A21::25degC::SOC80::56,Molicell P42A local high-power characterization,molicell_p42a_local_high_power_characterization,A21,phase_2_hcgt_to_eis,80.0,25.0,molicell_p42a_holdout_matrix.csv,92.68095086859144,33.552121641676344,pseudo_rpt_from_time_series_plus_eis,pseudo_label_not_measurement,supports_cross_dataset_transfer_head,development_cross_dataset,0.5,"Usable only as a down-weighted development pseudo-label, never as a measurement.",development confidence: cross-dataset masked folds beat baseline; still not a measurement
molicell_p42a::A37::25degC::SOC20::57,Molicell P42A local high-power characterization,molicell_p42a_local_high_power_characterization,A37,phase_2_hcgt_to_eis,20.0,25.0,molicell_p42a_holdout_matrix.csv,99.45296376811594,33.552121641676344,pseudo_rpt_from_time_series_plus_eis,pseudo_label_not_measurement,supports_cross_dataset_transfer_head,development_cross_dataset,0.5,"Usable only as a down-weighted development pseudo-label, never as a measurement.",development confidence: cross-dataset masked folds beat baseline; still not a measurement
molicell_p42a::A37::25degC::SOC50::58,Molicell P42A local high-power characterization,molicell_p42a_local_high_power_characterization,A37,phase_2_hcgt_to_eis,50.0,25.0,molicell_p42a_holdout_matrix.csv,99.45296376811594,33.552121641676344,pseudo_rpt_from_time_series_plus_eis,pseudo_label_not_measurement,supports_cross_dataset_transfer_head,development_cross_dataset,0.5,"Usable only as a down-weighted development pseudo-label, never as a measurement.",development confidence: cross-dataset masked folds beat baseline; still not a measurement
molicell_p42a::A37::25degC::SOC80::59,Molicell P42A local high-power characterization,molicell_p42a_local_high_power_characterization,A37,phase_2_hcgt_to_eis,80.0,25.0,molicell_p42a_holdout_matrix.csv,99.50296376811593,33.552121641676344,pseudo_rpt_from_time_series_plus_eis,pseudo_label_not_measurement,supports_cross_dataset_transfer_head,development_cross_dataset,0.5,"Usable only as a down-weighted development pseudo-label, never as a measurement.",development confidence: cross-dataset masked folds beat baseline; still not a measurement
molicell_p42a::A4::25degC::SOC20::60,Molicell P42A local high-power characterization,molicell_p42a_local_high_power_characterization,A4,phase_2_hcgt_to_eis,20.0,25.0,molicell_p42a_holdout_matrix.csv,92.61957311207307,33.552121641676344,pseudo_rpt_from_time_series_plus_eis,pseudo_label_not_measurement,supports_cross_dataset_transfer_head,development_cross_dataset,0.5,"Usable only as a down-weighted development pseudo-label, never as a measurement.",development confidence: cross-dataset masked folds beat baseline; still not a measurement
molicell_p42a::A4::25degC::SOC50::61,Molicell P42A local high-power characterization,molicell_p42a_local_high_power_characterization,A4,phase_2_hcgt_to_eis,50.0,25.0,molicell_p42a_holdout_matrix.csv,93.50153121664823,33.552121641676344,pseudo_rpt_from_time_series_plus_eis,pseudo_label_not_measurement,supports_cross_dataset_transfer_head,development_cross_dataset,0.5,"Usable only as a down-weighted development pseudo-label, never as a measurement.",development confidence: cross-dataset masked folds beat baseline; still not a measurement
molicell_p42a::A4::25degC::SOC80::62,Molicell P42A local high-power characterization,molicell_p42a_local_high_power_characterization,A4,phase_2_hcgt_to_eis,80.0,25.0,molicell_p42a_holdout_matrix.csv,92.58986200096197,33.552121641676344,pseudo_rpt_from_time_series_plus_eis,pseudo_label_not_measurement,supports_cross_dataset_transfer_head,development_cross_dataset,0.5,"Usable only as a down-weighted development pseudo-label, never as a measurement.",development confidence: cross-dataset masked folds beat baseline; still not a measurement
molicell_p42a::A6::25degC::SOC20::63,Molicell P42A local high-power characterization,molicell_p42a_local_high_power_characterization,A6,phase_2_hcgt_to_eis,20.0,25.0,molicell_p42a_holdout_matrix.csv,92.81187454998158,33.552121641676344,pseudo_rpt_from_time_series_plus_eis,pseudo_label_not_measurement,supports_cross_dataset_transfer_head,development_cross_dataset,0.5,"Usable only as a down-weighted development pseudo-label, never as a measurement.",development confidence: cross-dataset masked folds beat baseline; still not a measurement
molicell_p42a::A6::25degC::SOC50::64,Molicell P42A local high-power characterization,molicell_p42a_local_high_power_characterization,A6,phase_2_hcgt_to_eis,50.0,25.0,molicell_p42a_holdout_matrix.csv,95.59644498769201,33.552121641676344,pseudo_rpt_from_time_series_plus_eis,pseudo_label_not_measurement,supports_cross_dataset_transfer_head,development_cross_dataset,0.5,"Usable only as a down-weighted development pseudo-label, never as a measurement.",development confidence: cross-dataset masked folds beat baseline; still not a measurement
molicell_p42a::A6::25degC::SOC80::65,Molicell P42A local high-power characterization,molicell_p42a_local_high_power_characterization,A6,phase_2_hcgt_to_eis,80.0,25.0,molicell_p42a_holdout_matrix.csv,93.08104510553713,33.552121641676344,pseudo_rpt_from_time_series_plus_eis,pseudo_label_not_measurement,supports_cross_dataset_transfer_head,development_cross_dataset,0.5,"Usable only as a down-weighted development pseudo-label, never as a measurement.",development confidence: cross-dataset masked folds beat baseline; still not a measurement
molicell_p42a::A8::25degC::SOC20::66,Molicell P42A local high-power characterization,molicell_p42a_local_high_power_characterization,A8,phase_2_hcgt_to_eis,20.0,25.0,molicell_p42a_holdout_matrix.csv,91.73547175656012,33.552121641676344,pseudo_rpt_from_time_series_plus_eis,pseudo_label_not_measurement,supports_cross_dataset_transfer_head,development_cross_dataset,0.5,"Usable only as a down-weighted development pseudo-label, never as a measurement.",development confidence: cross-dataset masked folds beat baseline; still not a measurement
molicell_p42a::A8::25degC::SOC50::67,Molicell P42A local high-power characterization,molicell_p42a_local_high_power_characterization,A8,phase_2_hcgt_to_eis,50.0,25.0,molicell_p42a_holdout_matrix.csv,94.06852237436279,33.552121641676344,pseudo_rpt_from_time_series_plus_eis,pseudo_label_not_measurement,supports_cross_dataset_transfer_head,development_cross_dataset,0.5,"Usable only as a down-weighted development pseudo-label, never as a measurement.",development confidence: cross-dataset masked folds beat baseline; still not a measurement
molicell_p42a::A8::25degC::SOC80::68,Molicell P42A local high-power characterization,molicell_p42a_local_high_power_characterization,A8,phase_2_hcgt_to_eis,80.0,25.0,molicell_p42a_holdout_matrix.csv,91.70491620100456,33.552121641676344,pseudo_rpt_from_time_series_plus_eis,pseudo_label_not_measurement,supports_cross_dataset_transfer_head,development_cross_dataset,0.5,"Usable only as a down-weighted development pseudo-label, never as a measurement.",development confidence: cross-dataset masked folds beat baseline; still not a measurement
molicell_p42a::A9::25degC::SOC20::69,Molicell P42A local high-power characterization,molicell_p42a_local_high_power_characterization,A9,phase_2_hcgt_to_eis,20.0,25.0,molicell_p42a_holdout_matrix.csv,94.06621618478044,33.552121641676344,pseudo_rpt_from_time_series_plus_eis,pseudo_label_not_measurement,supports_cross_dataset_transfer_head,development_cross_dataset,0.5,"Usable only as a down-weighted development pseudo-label, never as a measurement.",development confidence: cross-dataset masked folds beat baseline; still not a measurement
molicell_p42a::A9::25degC::SOC50::70,Molicell P42A local high-power characterization,molicell_p42a_local_high_power_characterization,A9,phase_2_hcgt_to_eis,50.0,25.0,molicell_p42a_holdout_matrix.csv,97.49203936758892,33.552121641676344,pseudo_rpt_from_time_series_plus_eis,pseudo_label_not_measurement,supports_cross_dataset_transfer_head,development_cross_dataset,0.5,"Usable only as a down-weighted development pseudo-label, never as a measurement.",development confidence: cross-dataset masked folds beat baseline; still not a measurement
molicell_p42a::A9::25degC::SOC80::71,Molicell P42A local high-power characterization,molicell_p42a_local_high_power_characterization,A9,phase_2_hcgt_to_eis,80.0,25.0,molicell_p42a_holdout_matrix.csv,93.65858396255823,33.552121641676344,pseudo_rpt_from_time_series_plus_eis,pseudo_label_not_measurement,supports_cross_dataset_transfer_head,development_cross_dataset,0.5,"Usable only as a down-weighted development pseudo-label, never as a measurement.",development confidence: cross-dataset masked folds beat baseline; still not a measurement
molicell_p42a::A11::40degC::SOC20::72,Molicell P42A local high-power characterization,molicell_p42a_local_high_power_characterization,A11,phase_2_hcgt_to_eis,20.0,40.0,molicell_p42a_holdout_matrix.csv,99.26129710144929,33.552121641676344,pseudo_rpt_from_time_series_plus_eis,pseudo_label_not_measurement,supports_cross_dataset_transfer_head,development_cross_dataset,0.5,"Usable only as a down-weighted development pseudo-label, never as a measurement.",development confidence: cross-dataset masked folds beat baseline; still not a measurement
molicell_p42a::A11::40degC::SOC50::73,Molicell P42A local high-power characterization,molicell_p42a_local_high_power_characterization,A11,phase_2_hcgt_to_eis,50.0,40.0,molicell_p42a_holdout_matrix.csv,99.26129710144929,33.552121641676344,pseudo_rpt_from_time_series_plus_eis,pseudo_label_not_measurement,supports_cross_dataset_transfer_head,development_cross_dataset,0.5,"Usable only as a down-weighted development pseudo-label, never as a measurement.",development confidence: cross-dataset masked folds beat baseline; still not a measurement
molicell_p42a::A11::40degC::SOC80::74,Molicell P42A local high-power characterization,molicell_p42a_local_high_power_characterization,A11,phase_2_hcgt_to_eis,80.0,40.0,molicell_p42a_holdout_matrix.csv,99.31129710144928,33.552121641676344,pseudo_rpt_from_time_series_plus_eis,pseudo_label_not_measurement,supports_cross_dataset_transfer_head,development_cross_dataset,0.5,"Usable only as a down-weighted development pseudo-label, never as a measurement.",development confidence: cross-dataset masked folds beat baseline; still not a measurement
molicell_p42a::A12::40degC::SOC20::75,Molicell P42A local high-power characterization,molicell_p42a_local_high_power_characterization,A12,phase_2_hcgt_to_eis,20.0,40.0,molicell_p42a_holdout_matrix.csv,99.4335193236715,33.552121641676344,pseudo_rpt_from_time_series_plus_eis,pseudo_label_not_measurement,supports_cross_dataset_transfer_head,development_cross_dataset,0.5,"Usable only as a down-weighted development pseudo-label, never as a measurement.",development confidence: cross-dataset masked folds beat baseline; still not a measurement
molicell_p42a::A12::40degC::SOC50::76,Molicell P42A local high-power characterization,molicell_p42a_local_high_power_characterization,A12,phase_2_hcgt_to_eis,50.0,40.0,molicell_p42a_holdout_matrix.csv,99.4335193236715,33.552121641676344,pseudo_rpt_from_time_series_plus_eis,pseudo_label_not_measurement,supports_cross_dataset_transfer_head,development_cross_dataset,0.5,"Usable only as a down-weighted development pseudo-label, never as a measurement.",development confidence: cross-dataset masked folds beat baseline; still not a measurement
molicell_p42a::A12::40degC::SOC80::77,Molicell P42A local high-power characterization,molicell_p42a_local_high_power_characterization,A12,phase_2_hcgt_to_eis,80.0,40.0,molicell_p42a_holdout_matrix.csv,99.4835193236715,33.552121641676344,pseudo_rpt_from_time_series_plus_eis,pseudo_label_not_measurement,supports_cross_dataset_transfer_head,development_cross_dataset,0.5,"Usable only as a down-weighted development pseudo-label, never as a measurement.",development confidence: cross-dataset masked folds beat baseline; still not a measurement
molicell_p42a::A13::40degC::SOC20::78,Molicell P42A local high-power characterization,molicell_p42a_local_high_power_characterization,A13,phase_2_hcgt_to_eis,20.0,40.0,molicell_p42a_holdout_matrix.csv,97.56664888888886,33.552121641676344,pseudo_rpt_from_time_series_plus_eis,pseudo_label_not_measurement,supports_cross_dataset_transfer_head,development_cross_dataset,0.5,"Usable only as a down-weighted development pseudo-label, never as a measurement.",development confidence: cross-dataset masked folds beat baseline; still not a measurement
molicell_p42a::A13::40degC::SOC50::79,Molicell P42A local high-power characterization,molicell_p42a_local_high_power_characterization,A13,phase_2_hcgt_to_eis,50.0,40.0,molicell_p42a_holdout_matrix.csv,97.56664888888886,33.552121641676344,pseudo_rpt_from_time_series_plus_eis,pseudo_label_not_measurement,supports_cross_dataset_transfer_head,development_cross_dataset,0.5,"Usable only as a down-weighted development pseudo-label, never as a measurement.",development confidence: cross-dataset masked folds beat baseline; still not a measurement
molicell_p42a::A13::40degC::SOC80::80,Molicell P42A local high-power characterization,molicell_p42a_local_high_power_characterization,A13,phase_2_hcgt_to_eis,80.0,40.0,molicell_p42a_holdout_matrix.csv,97.56664888888886,33.552121641676344,pseudo_rpt_from_time_series_plus_eis,pseudo_label_not_measurement,supports_cross_dataset_transfer_head,development_cross_dataset,0.5,"Usable only as a down-weighted development pseudo-label, never as a measurement.",development confidence: cross-dataset masked folds beat baseline; still not a measurement
molicell_p42a::A15::40degC::SOC20::81,Molicell P42A local high-power characterization,molicell_p42a_local_high_power_characterization,A15,phase_2_hcgt_to_eis,20.0,40.0,molicell_p42a_holdout_matrix.csv,97.66387111111108,33.552121641676344,pseudo_rpt_from_time_series_plus_eis,pseudo_label_not_measurement,supports_cross_dataset_transfer_head,development_cross_dataset,0.5,"Usable only as a down-weighted development pseudo-label, never as a measurement.",development confidence: cross-dataset masked folds beat baseline; still not a measurement
molicell_p42a::A15::40degC::SOC50::82,Molicell P42A local high-power characterization,molicell_p42a_local_high_power_characterization,A15,phase_2_hcgt_to_eis,50.0,40.0,molicell_p42a_holdout_matrix.csv,97.66387111111108,33.552121641676344,pseudo_rpt_from_time_series_plus_eis,pseudo_label_not_measurement,supports_cross_dataset_transfer_head,development_cross_dataset,0.5,"Usable only as a down-weighted development pseudo-label, never as a measurement.",development confidence: cross-dataset masked folds beat baseline; still not a measurement
molicell_p42a::A15::40degC::SOC80::83,Molicell P42A local high-power characterization,molicell_p42a_local_high_power_characterization,A15,phase_2_hcgt_to_eis,80.0,40.0,molicell_p42a_holdout_matrix.csv,97.66387111111108,33.552121641676344,pseudo_rpt_from_time_series_plus_eis,pseudo_label_not_measurement,supports_cross_dataset_transfer_head,development_cross_dataset,0.5,"Usable only as a down-weighted development pseudo-label, never as a measurement.",development confidence: cross-dataset masked folds beat baseline; still not a measurement
molicell_p42a::A19::40degC::SOC20::84,Molicell P42A local high-power characterization,molicell_p42a_local_high_power_characterization,A19,phase_2_hcgt_to_eis,20.0,40.0,molicell_p42a_holdout_matrix.csv,97.66387111111108,33.552121641676344,pseudo_rpt_from_time_series_plus_eis,pseudo_label_not_measurement,supports_cross_dataset_transfer_head,development_cross_dataset,0.5,"Usable only as a down-weighted development pseudo-label, never as a measurement.",development confidence: cross-dataset masked folds beat baseline; still not a measurement
molicell_p42a::A19::40degC::SOC50::85,Molicell P42A local high-power characterization,molicell_p42a_local_high_power_characterization,A19,phase_2_hcgt_to_eis,50.0,40.0,molicell_p42a_holdout_matrix.csv,97.66387111111108,33.552121641676344,pseudo_rpt_from_time_series_plus_eis,pseudo_label_not_measurement,supports_cross_dataset_transfer_head,development_cross_dataset,0.5,"Usable only as a down-weighted development pseudo-label, never as a measurement.",development confidence: cross-dataset masked folds beat baseline; still not a measurement
molicell_p42a::A19::40degC::SOC80::86,Molicell P42A local high-power characterization,molicell_p42a_local_high_power_characterization,A19,phase_2_hcgt_to_eis,80.0,40.0,molicell_p42a_holdout_matrix.csv,97.66387111111108,33.552121641676344,pseudo_rpt_from_time_series_plus_eis,pseudo_label_not_measurement,supports_cross_dataset_transfer_head,development_cross_dataset,0.5,"Usable only as a down-weighted development pseudo-label, never as a measurement.",development confidence: cross-dataset masked folds beat baseline; still not a measurement
molicell_p42a::A2::40degC::SOC20::87,Molicell P42A local high-power characterization,molicell_p42a_local_high_power_characterization,A2,phase_2_hcgt_to_eis,20.0,40.0,molicell_p42a_holdout_matrix.csv,97.75435891831287,33.552121641676344,pseudo_rpt_from_time_series_plus_eis,pseudo_label_not_measurement,supports_cross_dataset_transfer_head,development_cross_dataset,0.5,"Usable only as a down-weighted development pseudo-label, never as a measurement.",development confidence: cross-dataset masked folds beat baseline; still not a measurement
molicell_p42a::A2::40degC::SOC50::88,Molicell P42A local high-power characterization,molicell_p42a_local_high_power_characterization,A2,phase_2_hcgt_to_eis,50.0,40.0,molicell_p42a_holdout_matrix.csv,99.12749818840581,33.552121641676344,pseudo_rpt_from_time_series_plus_eis,pseudo_label_not_measurement,supports_cross_dataset_transfer_head,development_cross_dataset,0.5,"Usable only as a down-weighted development pseudo-label, never as a measurement.",development confidence: cross-dataset masked folds beat baseline; still not a measurement
molicell_p42a::A2::40degC::SOC80::89,Molicell P42A local high-power characterization,molicell_p42a_local_high_power_characterization,A2,phase_2_hcgt_to_eis,80.0,40.0,molicell_p42a_holdout_matrix.csv,99.14416485507248,33.552121641676344,pseudo_rpt_from_time_series_plus_eis,pseudo_label_not_measurement,supports_cross_dataset_transfer_head,development_cross_dataset,0.5,"Usable only as a down-weighted development pseudo-label, never as a measurement.",development confidence: cross-dataset masked folds beat baseline; still not a measurement
molicell_p42a::A21::40degC::SOC20::90,Molicell P42A local high-power characterization,molicell_p42a_local_high_power_characterization,A21,phase_2_hcgt_to_eis,20.0,40.0,molicell_p42a_holdout_matrix.csv,97.56664888888886,33.552121641676344,pseudo_rpt_from_time_series_plus_eis,pseudo_label_not_measurement,supports_cross_dataset_transfer_head,development_cross_dataset,0.5,"Usable only as a down-weighted development pseudo-label, never as a measurement.",development confidence: cross-dataset masked folds beat baseline; still not a measurement
molicell_p42a::A21::40degC::SOC50::91,Molicell P42A local high-power characterization,molicell_p42a_local_high_power_characterization,A21,phase_2_hcgt_to_eis,50.0,40.0,molicell_p42a_holdout_matrix.csv,97.56664888888886,33.552121641676344,pseudo_rpt_from_time_series_plus_eis,pseudo_label_not_measurement,supports_cross_dataset_transfer_head,development_cross_dataset,0.5,"Usable only as a down-weighted development pseudo-label, never as a measurement.",development confidence: cross-dataset masked folds beat baseline; still not a measurement
molicell_p42a::A21::40degC::SOC80::92,Molicell P42A local high-power characterization,molicell_p42a_local_high_power_characterization,A21,phase_2_hcgt_to_eis,80.0,40.0,molicell_p42a_holdout_matrix.csv,97.5999822222222,33.552121641676344,pseudo_rpt_from_time_series_plus_eis,pseudo_label_not_measurement,supports_cross_dataset_transfer_head,development_cross_dataset,0.5,"Usable only as a down-weighted development pseudo-label, never as a measurement.",development confidence: cross-dataset masked folds beat baseline; still not a measurement
molicell_p42a::A37::40degC::SOC20::93,Molicell P42A local high-power characterization,molicell_p42a_local_high_power_characterization,A37,phase_2_hcgt_to_eis,20.0,40.0,molicell_p42a_holdout_matrix.csv,97.66387111111108,33.552121641676344,pseudo_rpt_from_time_series_plus_eis,pseudo_label_not_measurement,supports_cross_dataset_transfer_head,development_cross_dataset,0.5,"Usable only as a down-weighted development pseudo-label, never as a measurement.",development confidence: cross-dataset masked folds beat baseline; still not a measurement
molicell_p42a::A37::40degC::SOC50::94,Molicell P42A local high-power characterization,molicell_p42a_local_high_power_characterization,A37,phase_2_hcgt_to_eis,50.0,40.0,molicell_p42a_holdout_matrix.csv,97.66387111111108,33.552121641676344,pseudo_rpt_from_time_series_plus_eis,pseudo_label_not_measurement,supports_cross_dataset_transfer_head,development_cross_dataset,0.5,"Usable only as a down-weighted development pseudo-label, never as a measurement.",development confidence: cross-dataset masked folds beat baseline; still not a measurement
molicell_p42a::A37::40degC::SOC80::95,Molicell P42A local high-power characterization,molicell_p42a_local_high_power_characterization,A37,phase_2_hcgt_to_eis,80.0,40.0,molicell_p42a_holdout_matrix.csv,97.66387111111108,33.552121641676344,pseudo_rpt_from_time_series_plus_eis,pseudo_label_not_measurement,supports_cross_dataset_transfer_head,development_cross_dataset,0.5,"Usable only as a down-weighted development pseudo-label, never as a measurement.",development confidence: cross-dataset masked folds beat baseline; still not a measurement
molicell_p42a::A4::40degC::SOC20::96,Molicell P42A local high-power characterization,molicell_p42a_local_high_power_characterization,A4,phase_2_hcgt_to_eis,20.0,40.0,molicell_p42a_holdout_matrix.csv,98.64249605035866,33.552121641676344,pseudo_rpt_from_time_series_plus_eis,pseudo_label_not_measurement,supports_cross_dataset_transfer_head,development_cross_dataset,0.5,"Usable only as a down-weighted development pseudo-label, never as a measurement.",development confidence: cross-dataset masked folds beat baseline; still not a measurement
molicell_p42a::A4::40degC::SOC50::97,Molicell P42A local high-power characterization,molicell_p42a_local_high_power_characterization,A4,phase_2_hcgt_to_eis,50.0,40.0,molicell_p42a_holdout_matrix.csv,95.8401934541474,33.552121641676344,pseudo_rpt_from_time_series_plus_eis,pseudo_label_not_measurement,supports_cross_dataset_transfer_head,development_cross_dataset,0.5,"Usable only as a down-weighted development pseudo-label, never as a measurement.",development confidence: cross-dataset masked folds beat baseline; still not a measurement
molicell_p42a::A4::40degC::SOC80::98,Molicell P42A local high-power characterization,molicell_p42a_local_high_power_characterization,A4,phase_2_hcgt_to_eis,80.0,40.0,molicell_p42a_holdout_matrix.csv,99.14416485507248,33.552121641676344,pseudo_rpt_from_time_series_plus_eis,pseudo_label_not_measurement,supports_cross_dataset_transfer_head,development_cross_dataset,0.5,"Usable only as a down-weighted development pseudo-label, never as a measurement.",development confidence: cross-dataset masked folds beat baseline; still not a measurement
molicell_p42a::A6::40degC::SOC20::99,Molicell P42A local high-power characterization,molicell_p42a_local_high_power_characterization,A6,phase_2_hcgt_to_eis,20.0,40.0,molicell_p42a_holdout_matrix.csv,99.44463043478261,33.552121641676344,pseudo_rpt_from_time_series_plus_eis,pseudo_label_not_measurement,supports_cross_dataset_transfer_head,development_cross_dataset,0.5,"Usable only as a down-weighted development pseudo-label, never as a measurement.",development confidence: cross-dataset masked folds beat baseline; still not a measurement
molicell_p42a::A6::40degC::SOC50::100,Molicell P42A local high-power characterization,molicell_p42a_local_high_power_characterization,A6,phase_2_hcgt_to_eis,50.0,40.0,molicell_p42a_holdout_matrix.csv,99.44463043478261,33.552121641676344,pseudo_rpt_from_time_series_plus_eis,pseudo_label_not_measurement,supports_cross_dataset_transfer_head,development_cross_dataset,0.5,"Usable only as a down-weighted development pseudo-label, never as a measurement.",development confidence: cross-dataset masked folds beat baseline; still not a measurement
molicell_p42a::A6::40degC::SOC80::101,Molicell P42A local high-power characterization,molicell_p42a_local_high_power_characterization,A6,phase_2_hcgt_to_eis,80.0,40.0,molicell_p42a_holdout_matrix.csv,99.49463043478261,33.552121641676344,pseudo_rpt_from_time_series_plus_eis,pseudo_label_not_measurement,supports_cross_dataset_transfer_head,development_cross_dataset,0.5,"Usable only as a down-weighted development pseudo-label, never as a measurement.",development confidence: cross-dataset masked folds beat baseline; still not a measurement
molicell_p42a::A9::40degC::SOC20::105,Molicell P42A local high-power characterization,molicell_p42a_local_high_power_characterization,A9,phase_2_hcgt_to_eis,20.0,40.0,molicell_p42a_holdout_matrix.csv,97.5499822222222,33.552121641676344,pseudo_rpt_from_time_series_plus_eis,pseudo_label_not_measurement,supports_cross_dataset_transfer_head,development_cross_dataset,0.5,"Usable only as a down-weighted development pseudo-label, never as a measurement.",development confidence: cross-dataset masked folds beat baseline; still not a measurement
molicell_p42a::A9::40degC::SOC50::106,Molicell P42A local high-power characterization,molicell_p42a_local_high_power_characterization,A9,phase_2_hcgt_to_eis,50.0,40.0,molicell_p42a_holdout_matrix.csv,97.5499822222222,33.552121641676344,pseudo_rpt_from_time_series_plus_eis,pseudo_label_not_measurement,supports_cross_dataset_transfer_head,development_cross_dataset,0.5,"Usable only as a down-weighted development pseudo-label, never as a measurement.",development confidence: cross-dataset masked folds beat baseline; still not a measurement
molicell_p42a::A9::40degC::SOC80::107,Molicell P42A local high-power characterization,molicell_p42a_local_high_power_characterization,A9,phase_2_hcgt_to_eis,80.0,40.0,molicell_p42a_holdout_matrix.csv,97.5499822222222,33.552121641676344,pseudo_rpt_from_time_series_plus_eis,pseudo_label_not_measurement,supports_cross_dataset_transfer_head,development_cross_dataset,0.5,"Usable only as a down-weighted development pseudo-label, never as a measurement.",development confidence: cross-dataset masked folds beat baseline; still not a measurement
